timestamp,project_name,run_id,experiment_id,duration,emissions,emissions_rate,cpu_power,gpu_power,ram_power,cpu_energy,gpu_energy,ram_energy,energy_consumed,water_consumed,country_name,country_iso_code,region,cloud_provider,cloud_region,os,python_version,codecarbon_version,cpu_count,cpu_model,gpu_count,gpu_model,longitude,latitude,ram_total_size,tracking_mode,cpu_utilization_percent,gpu_utilization_percent,ram_utilization_percent,ram_used_gb,on_cloud,pue,wue
2026-10-07T14:25:01,codecarbon,cc8c5f8a-bbbf-4b03-a57b-ab84f9027170,5b0fa12a-3dd7-45bb-9766-cc326314d9f1,16.9574552999984,6.257331055083842e-07,3.6900177204562255e-08,7.5,0.0,10.0,6.827266000000236e-05,0.0,9.064953555551056e-05,0.0001589221955555,0.0,Canada,CAN,quebec,,,Windows-11-10.0.26200-SP0,3.13.14,3.2.8,4,Intel(R) Core(TM) i5-6200U CPU @ 2.30GHz,0,,-71.2,46.8,7.897434234619141,machine,92.3076923076923,0,89.96923076923076,7.106549776517428,N,1.0,0.0
2026-10-07T14:25:17,codecarbon,cc8c5f8a-bbbf-4b03-a57b-ab84f9027170,5b0fa12a-3dd7-45bb-9766-cc326314d9f1,32.64035689999582,1.021677068961969e-06,3.1301038530068886e-08,11.25,0.0,10.0,0.0001286127029166,0.0,0.0001308703922221,0.0002594830951388,0.0,Canada,CAN,quebec,,,Windows-11-10.0.26200-SP0,3.13.14,3.2.8,4,Intel(R) Core(TM) i5-6200U CPU @ 2.30GHz,0,,-71.2,46.8,7.897434234619141,machine,92.85714285714286,0,90.43214285714284,7.142265864780971,N,1.0,0.0
2026-10-07T14:25:33,codecarbon,cc8c5f8a-bbbf-4b03-a57b-ab84f9027170,5b0fa12a-3dd7-45bb-9766-cc326314d9f1,48.80650530000276,1.4088537261652335e-06,2.886610539937909e-08,12.5,0.0,10.0,0.0001876151383333,0.0,0.0001702021569443,0.0003578172952777,0.0,Canada,CAN,quebec,,,Windows-11-10.0.26200-SP0,3.13.14,3.2.8,4,Intel(R) Core(TM) i5-6200U CPU @ 2.30GHz,0,,-71.2,46.8,7.897434234619141,machine,88.0952380952381,0,91.3952380952381,7.218009494599842,N,1.0,0.0
2026-10-07T14:25:48,codecarbon,cc8c5f8a-bbbf-4b03-a57b-ab84f9027170,5b0fa12a-3dd7-45bb-9766-cc326314d9f1,64.43405050000001,1.7672437677778408e-06,2.742717172153938e-08,11.80282466208482,0.0,10.0,0.0002380237163973,0.0,0.0002108166233332,0.0004488403397305,0.0,Canada,CAN,quebec,,,Windows-11-10.0.26200-SP0,3.13.14,3.2.8,4,Intel(R) Core(TM) i5-6200U CPU @ 2.30GHz,0,,-71.2,46.8,7.897434234619141,machine,70.17543859649123,0,92.72105263157896,7.322718369333367,N,1.0,0.0
2026-10-07T14:26:04,codecarbon,cc8c5f8a-bbbf-4b03-a57b-ab84f9027170,5b0fa12a-3dd7-45bb-9766-cc326314d9f1,80.0223047999898,1.991563627253087e-06,2.4887606427118816e-08,10.221036735360164,0.0,10.0,0.0002545091437451,0.0,0.0002513034166665,0.0005058125604117,0.0,Canada,CAN,quebec,,,Windows-11-10.0.26200-SP0,3.13.14,3.2.8,4,Intel(R) Core(TM) i5-6200U CPU @ 2.30GHz,0,,-71.2,46.8,7.897434234619141,machine,56.94444444444444,0,93.5875,7.39132563273112,N,1.0,0.0
2026-10-07T14:26:20,codecarbon,cc8c5f8a-bbbf-4b03-a57b-ab84f9027170,5b0fa12a-3dd7-45bb-9766-cc326314d9f1,95.62928680000186,2.197471041571369e-06,2.2979059188919164e-08,8.930574434271291,0.0,10.0,0.0002662568115349,0.0,0.0002918516208332,0.0005581084323682,0.0,Canada,CAN,quebec,,,Windows-11-10.0.26200-SP0,3.13.14,3.2.8,4,Intel(R) Core(TM) i5-6200U CPU @ 2.30GHz,0,,-71.2,46.8,7.897434234619141,machine,47.72727272727273,0,94.1125,7.432782433249733,N,1.0,0.0
2026-10-07T14:26:35,codecarbon,cc8c5f8a-bbbf-4b03-a57b-ab84f9027170,5b0fa12a-3dd7-45bb-9766-cc326314d9f1,111.2438009000034,2.391812149471679e-06,2.150063311502336e-08,7.945449123800392,0.0,10.0,0.0002750429687433,0.0,0.0003324237527777,0.000607466721521,0.0,Canada,CAN,quebec,,,Windows-11-10.0.26200-SP0,3.13.14,3.2.8,4,Intel(R) Core(TM) i5-6200U CPU @ 2.30GHz,0,,-71.2,46.8,7.897434234619141,machine,40.77669902912621,0,94.39708737864078,7.455198417589503,N,1.0,0.0
2026-10-07T14:26:51,codecarbon,cc8c5f8a-bbbf-4b03-a57b-ab84f9027170,5b0fa12a-3dd7-45bb-9766-cc326314d9f1,126.8843130000023,2.622618575789362e-06,2.06693681337055e-08,7.512321677833156,0.0,10.0,0.0002930445738029,0.0,0.000373041811111,0.000666086384914,0.0,Canada,CAN,quebec,,,Windows-11-10.0.26200-SP0,3.13.14,3.2.8,4,Intel(R) Core(TM) i5-6200U CPU @ 2.30GHz,0,,-71.2,46.8,7.897434234619141,machine,36.134453781512605,0,94.55546218487396,7.467705702581325,N,1.0,0.0
2026-10-07T14:27:06,codecarbon,cc8c5f8a-bbbf-4b03-a57b-ab84f9027170,5b0fa12a-3dd7-45bb-9766-cc326314d9f1,142.4252090999944,2.8171876325108446e-06,1.978011933640865e-08,6.94366582805624,0.0,10.0,0.0003021027282404,0.0,0.0004133998397221,0.0007155025679625,0.0,Canada,CAN,quebec,,,Windows-11-10.0.26200-SP0,3.13.14,3.2.8,4,Intel(R) Core(TM) i5-6200U CPU @ 2.30GHz,0,,-71.2,46.8,7.897434234619141,machine,32.08955223880597,0,94.70149253731344,7.479187780351781,N,1.0,0.0
2026-10-07T14:27:22,codecarbon,cc8c5f8a-bbbf-4b03-a57b-ab84f9027170,5b0fa12a-3dd7-45bb-9766-cc326314d9f1,157.97746860000188,3.018631224614942e-06,1.910798578661936e-08,6.5005235766662,0.0,10.0,0.0003128627920992,0.0,0.0004538019369444,0.0007666647290436,0.0,Canada,CAN,quebec,,,Windows-11-10.0.26200-SP0,3.13.14,3.2.8,4,Intel(R) Core(TM) i5-6200U CPU @ 2.30GHz,0,,-71.2,46.8,7.897434234619141,machine,28.666666666666668,0,94.81333333333332,7.488074569702149,N,1.0,0.0
2026-10-07T14:27:38,codecarbon,cc8c5f8a-bbbf-4b03-a57b-ab84f9027170,5b0fa12a-3dd7-45bb-9766-cc326314d9f1,173.59738539998943,3.2444752693578668e-06,1.8689655157433405e-08,6.27132176644752,0.0,10.0,0.0003296273889266,0.0,0.0004943966697221,0.0008240240586487,0.0,Canada,CAN,quebec,,,Windows-11-10.0.26200-SP0,3.13.14,3.2.8,4,Intel(R) Core(TM) i5-6200U CPU @ 2.30GHz,0,,-71.2,46.8,7.897434234619141,machine,26.060606060606062,0,94.87515151515152,7.492957213430694,N,1.0,0.0
2026-10-07T14:27:53,codecarbon,cc8c5f8a-bbbf-4b03-a57b-ab84f9027170,5b0fa12a-3dd7-45bb-9766-cc326314d9f1,189.1876182999985,3.4339079432355344e-06,1.8150806982464985e-08,5.907681544551373,0.0,10.0,0.0003372373485394,0.0,0.0005348983669444,0.0008721357154838,0.0,Canada,CAN,quebec,,,Windows-11-10.0.26200-SP0,3.13.14,3.2.8,4,Intel(R) Core(TM) i5-6200U CPU @ 2.30GHz,0,,-71.2,46.8,7.897434234619141,machine,23.756906077348063,0,94.90441988950276,7.495226549180173,N,1.0,0.0
2026-10-07T14:28:09,codecarbon,cc8c5f8a-bbbf-4b03-a57b-ab84f9027170,5b0fa12a-3dd7-45bb-9766-cc326314d9f1,204.8472124999971,3.633947655987661e-06,1.7739795487759988e-08,5.643945360307037,0.0,10.0,0.000347339586816,0.0,0.0005756017358332,0.0009229413226493,0.0,Canada,CAN,quebec,,,Windows-11-10.0.26200-SP0,3.13.14,3.2.8,4,Intel(R) Core(TM) i5-6200U CPU @ 2.30GHz,0,,-71.2,46.8,7.897434234619141,machine,21.93877551020408,0,94.98469387755102,7.5015610091540275,N,1.0,0.0
2026-10-07T14:28:24,codecarbon,cc8c5f8a-bbbf-4b03-a57b-ab84f9027170,5b0fa12a-3dd7-45bb-9766-cc326314d9f1,220.41101369999524,3.821568435715982e-06,1.7338373303421108e-08,5.36749056599716,0.0,10.0,0.0003545583920033,0.0,0.0006160344069444,0.0009705927989477,0.0,Canada,CAN,quebec,,,Windows-11-10.0.26200-SP0,3.13.14,3.2.8,4,Intel(R) Core(TM) i5-6200U CPU @ 2.30GHz,0,,-71.2,46.8,7.897434234619141,machine,20.28301886792453,0,95.0490566037736,7.506621360778809,N,1.0,0.0
2026-10-07T14:28:40,codecarbon,cc8c5f8a-bbbf-4b03-a57b-ab84f9027170,5b0fa12a-3dd7-45bb-9766-cc326314d9f1,235.95460769999767,4.017416554484816e-06,1.7026226330755628e-08,5.16980194348235,0.0,10.0,0.0003639195431674,0.0,0.0006564142919443,0.0010203338351118,0.0,Canada,CAN,quebec,,,Windows-11-10.0.26200-SP0,3.13.14,3.2.8,4,Intel(R) Core(TM) i5-6200U CPU @ 2.30GHz,0,,-71.2,46.8,7.897434234619141,machine,20.26431718061674,0,95.0955947136564,7.510309311786937,N,1.0,0.0
2026-10-07T14:28:56,codecarbon,cc8c5f8a-bbbf-4b03-a57b-ab84f9027170,5b0fa12a-3dd7-45bb-9766-cc326314d9f1,251.538034600002,4.211418384461514e-06,1.674267031289542e-08,4.986921443485239,0.0,10.0,0.0003727041444369,0.0,0.0006969018108332,0.0010696059552701,0.0,Canada,CAN,quebec,,,Windows-11-10.0.26200-SP0,3.13.14,3.2.8,4,Intel(R) Core(TM) i5-6200U CPU @ 2.30GHz,0,,-71.2,46.8,7.897434234619141,machine,19.83471074380165,0,95.1103305785124,7.511517910917928,N,1.0,0.0
2026-10-07T14:29:11,codecarbon,cc8c5f8a-bbbf-4b03-a57b-ab84f9027170,5b0fa12a-3dd7-45bb-9766-cc326314d9f1,267.1120973999932,4.435637579593561e-06,1.6605903000159942e-08,4.930911522431103,0.0,10.0,0.0003891890644625,0.0,0.0007373635449999,0.0011265526094625,0.0,Canada,CAN,quebec,,,Windows-11-10.0.26200-SP0,3.13.14,3.2.8,4,Intel(R) Core(TM) i5-6200U CPU @ 2.30GHz,0,,-71.2,46.8,7.897434234619141,machine,18.992248062015506,0,95.11550387596898,7.511927612068117,N,1.0,0.0
2026-10-07T14:29:27,codecarbon,cc8c5f8a-bbbf-4b03-a57b-ab84f9027170,5b0fa12a-3dd7-45bb-9766-cc326314d9f1,282.68049859999155,4.658007971269502e-06,1.6477995455430546e-08,4.85608410587685,0.0,10.0,0.0004052095009252,0.0,0.0007778202080555,0.0011830297089807,0.0,Canada,CAN,quebec,,,Windows-11-10.0.26200-SP0,3.13.14,3.2.8,4,Intel(R) Core(TM) i5-6200U CPU @ 2.30GHz,0,,-71.2,46.8,7.897434234619141,machine,18.68131868131868,0,95.0978021978022,7.510465559068617,N,1.0,0.0
2026-10-07T14:29:42,codecarbon,cc8c5f8a-bbbf-4b03-a57b-ab84f9027170,5b0fa12a-3dd7-45bb-9766-cc326314d9f1,298.2276456999971,4.852807358089582e-06,1.6272157957385606e-08,4.7122096512057,0.0,10.0,0.0004142937012717,0.0,0.0008182106894444,0.0012325043907161,0.0,Canada,CAN,quebec,,,Windows-11-10.0.26200-SP0,3.13.14,3.2.8,4,Intel(R) Core(TM) i5-6200U CPU @ 2.30GHz,0,,-71.2,46.8,7.897434234619141,machine,17.993079584775085,0,95.06470588235294,7.507846317489254,N,1.0,0.0
2026-10-07T14:29:58,codecarbon,cc8c5f8a-bbbf-4b03-a57b-ab84f9027170,5b0fa12a-3dd7-45bb-9766-cc326314d9f1,313.83418049999455,5.063816297632581e-06,1.613532436003308e-08,4.625987336991568,0.0,10.0,0.0004273541994426,0.0,0.0008587417363888,0.0012860959358315,0.0,Canada,CAN,quebec,,,Windows-11-10.0.26200-SP0,3.13.14,3.2.8,4,Intel(R) Core(TM) i5-6200U CPU @ 2.30GHz,0,,-71.2,46.8,7.897434234619141,machine,17.43421052631579,0,95.04605263157896,7.506308128959255,N,1.0,0.0
2026-10-07T14:30:13,codecarbon,cc8c5f8a-bbbf-4b03-a57b-ab84f9027170,5b0fa12a-3dd7-45bb-9766-cc326314d9f1,329.4680238000001,5.2707384386830026e-06,1.5997723778749912e-08,4.5209440990194425,0.0,10.0,0.0004392713967644,0.0,0.0008993781288888,0.0013386495256532,0.0,Canada,CAN,quebec,,,Windows-11-10.0.26200-SP0,3.13.14,3.2.8,4,Intel(R) Core(TM) i5-6200U CPU @ 2.30GHz,0,,-71.2,46.8,7.897434234619141,machine,16.614420062695924,0,95.01692789968652,7.503993437955372,N,1.0,0.0
2026-10-07T14:30:29,codecarbon,cc8c5f8a-bbbf-4b03-a57b-ab84f9027170,5b0fa12a-3dd7-45bb-9766-cc326314d9f1,345.012341499998,5.520612426961347e-06,1.6001202748167136e-08,4.50678991899989,0.0,10.0,0.0004623521266565,0.0,0.0009397597961111,0.0014021119227676,0.0,Canada,CAN,quebec,,,Windows-11-10.0.26200-SP0,3.13.14,3.2.8,4,Intel(R) Core(TM) i5-6200U CPU @ 2.30GHz,0,,-71.2,46.8,7.897434234619141,machine,16.417910447761194,0,94.99074626865672,7.501944493535739,N,1.0,0.0
2026-10-07T14:30:45,codecarbon,cc8c5f8a-bbbf-4b03-a57b-ab84f9027170,5b0fa12a-3dd7-45bb-9766-cc326314d9f1,360.5679525000014,5.742697494704302e-06,1.5926810618878502e-08,4.502902963331417,0.0,10.0,0.0004783534150078,0.0,0.0009801631413888,0.0014585165563967,0.0,Canada,CAN,quebec,,,Windows-11-10.0.26200-SP0,3.13.14,3.2.8,4,Intel(R) Core(TM) i5-6200U CPU @ 2.30GHz,0,,-71.2,46.8,7.897434234619141,machine,15.714285714285714,0,94.98171428571428,7.501250479561942,N,1.0,0.0
2026-10-07T14:31:00,codecarbon,cc8c5f8a-bbbf-4b03-a57b-ab84f9027170,5b0fa12a-3dd7-45bb-9766-cc326314d9f1,376.1409172999993,5.9585093389088846e-06,1.584116235393914e-08,4.500405521291566,0.0,10.0,0.0004927076686799,0.0,0.0010206202630555,0.0015133279317354,0.0,Canada,CAN,quebec,,,Windows-11-10.0.26200-SP0,3.13.14,3.2.8,4,Intel(R) Core(TM) i5-6200U CPU @ 2.30GHz,0,,-71.2,46.8,7.897434234619141,machine,15.342465753424657,0,94.97835616438356,7.500986062663875,N,1.0,0.0
2026-10-07T14:31:16,codecarbon,cc8c5f8a-bbbf-4b03-a57b-ab84f9027170,5b0fa12a-3dd7-45bb-9766-cc326314d9f1,391.7085264999914,6.154073680277672e-06,1.571084942997228e-08,4.406371748937904,0.0,10.0,0.0005019800845173,0.0,0.0010610168102777,0.0015629968947951,0.0,Canada,CAN,quebec,,,Windows-11-10.0.26200-SP0,3.13.14,3.2.8,4,Intel(R) Core(TM) i5-6200U CPU @ 2.30GHz,0,,-71.2,46.8,7.897434234619141,machine,15.223097112860891,0,94.91889763779528,7.496304529545501,N,1.0,0.0
2026-10-07T14:31:31,codecarbon,cc8c5f8a-bbbf-4b03-a57b-ab84f9027170,5b0fa12a-3dd7-45bb-9766-cc326314d9f1,407.27220269999816,6.507484158560364e-06,1.597821829091012e-08,4.232627747090593,0.0,10.0,0.0005110120736236,0.0,0.0011417431680555,0.0016527552416791,0.0,Canada,CAN,quebec,,,Windows-11-10.0.26200-SP0,3.13.14,3.2.8,4,Intel(R) Core(TM) i5-6200U CPU @ 2.30GHz,0,,-71.2,46.8,7.897434234619141,machine,14.646464646464649,0,94.87651515151516,7.49296326107449,N,1.0,0.0
2026-10-07T14:31:47,codecarbon,cc8c5f8a-bbbf-4b03-a57b-ab84f9027170,5b0fa12a-3dd7-45bb-9766-cc326314d9f1,422.897117200002,6.714674670695578e-06,1.58777972173312e-08,4.179642421450367,0.0,10.0,0.0005230217634129,0.0,0.0011823552283333,0.0017053769917462,0.0,Canada,CAN,quebec,,,Windows-11-10.0.26200-SP0,3.13.14,3.2.8,4,Intel(R) Core(TM) i5-6200U CPU @ 2.30GHz,0,,-71.2,46.8,7.897434234619141,machine,14.320388349514564,0,94.85703883495144,7.491405496319521,N,1.0,0.0
2026-10-07T14:32:02,codecarbon,cc8c5f8a-bbbf-4b03-a57b-ab84f9027170,5b0fa12a-3dd7-45bb-9766-cc326314d9f1,438.44823159999214,6.907393656054849e-06,1.5754182953021113e-08,4.111471078710003,0.0,10.0,0.0005315754200455,0.0,0.0012227478780554,0.001754323298101,0.0,Canada,CAN,quebec,,,Windows-11-10.0.26200-SP0,3.13.14,3.2.8,4,Intel(R) Core(TM) i5-6200U CPU @ 2.30GHz,0,,-71.2,46.8,7.897434234619141,machine,13.817330210772834,0,94.8496487119438,7.490792589388631,N,1.0,0.0
2026-10-07T14:32:18,codecarbon,cc8c5f8a-bbbf-4b03-a57b-ab84f9027170,5b0fa12a-3dd7-45bb-9766-cc326314d9f1,454.0536955999996,7.117433939894643e-06,1.5675313313967112e-08,4.058433790682545,0.0,10.0,0.0005443740616385,0.0,0.0012632947647221,0.0018076688263607,0.0,Canada,CAN,quebec,,,Windows-11-10.0.26200-SP0,3.13.14,3.2.8,4,Intel(R) Core(TM) i5-6200U CPU @ 2.30GHz,0,,-71.2,46.8,7.897434234619141,machine,13.318284424379232,0,94.83182844243792,7.489376111170508,N,1.0,0.0
2026-10-07T14:32:34,codecarbon,cc8c5f8a-bbbf-4b03-a57b-ab84f9027170,5b0fa12a-3dd7-45bb-9766-cc326314d9f1,469.6409761999967,7.32987964122904e-06,1.5607410793958512e-08,4.017206746040729,0.0,10.0,0.0005578322656837,0.0,0.001303793011111,0.0018616252767948,0.0,Canada,CAN,quebec,,,Windows-11-10.0.26200-SP0,3.13.14,3.2.8,4,Intel(R) Core(TM) i5-6200U CPU @ 2.30GHz,0,,-71.2,46.8,7.897434234619141,machine,12.882096069868997,0,94.81528384279476,7.488051685183329,N,1.0,0.0
2026-10-07T14:32:49,codecarbon,cc8c5f8a-bbbf-4b03-a57b-ab84f9027170,5b0fa12a-3dd7-45bb-9766-cc326314d9f1,485.2328012999933,7.5304188581846815e-06,1.5519187569368438e-08,3.9696910126216354,0.0,10.0,0.0005682697871194,0.0,0.0013442879597221,0.0019125577468416,0.0,Canada,CAN,quebec,,,Windows-11-10.0.26200-SP0,3.13.14,3.2.8,4,Intel(R) Core(TM) i5-6200U CPU @ 2.30GHz,0,,-71.2,46.8,7.897434234619141,machine,12.684989429175475,0,94.81310782241016,7.487890400795806,N,1.0,0.0
2026-10-07T14:33:05,codecarbon,cc8c5f8a-bbbf-4b03-a57b-ab84f9027170,5b0fa12a-3dd7-45bb-9766-cc326314d9f1,500.77635590000136,7.740175076667365e-06,1.5456350894915212e-08,3.937118551648425,0.0,10.0,0.0005811560344178,0.0,0.0013846750944444,0.0019658311288622,0.0,Canada,CAN,quebec,,,Windows-11-10.0.26200-SP0,3.13.14,3.2.8,4,Intel(R) Core(TM) i5-6200U CPU @ 2.30GHz,0,,-71.2,46.8,7.897434234619141,machine,12.47443762781186,0,94.82167689161555,7.488535570952059,N,1.0,0.0
2026-10-07T14:33:20,codecarbon,cc8c5f8a-bbbf-4b03-a57b-ab84f9027170,5b0fa12a-3dd7-45bb-9766-cc326314d9f1,516.3176232999976,7.973338013386283e-06,1.5442699713454308e-08,3.973271956001457,0.0,10.0,0.0006000200475677,0.0,0.0014250292455555,0.0020250492931232,0.0,Canada,CAN,quebec,,,Windows-11-10.0.26200-SP0,3.13.14,3.2.8,4,Intel(R) Core(TM) i5-6200U CPU @ 2.30GHz,0,,-71.2,46.8,7.897434234619141,machine,12.301587301587302,0,94.81448412698413,7.487962480575319,N,1.0,0.0
2026-10-07T14:33:36,codecarbon,cc8c5f8a-bbbf-4b03-a57b-ab84f9027170,5b0fa12a-3dd7-45bb-9766-cc326314d9f1,531.8786278999905,8.192606784167429e-06,1.5403150934103504e-08,4.002522865282212,0.0,10.0,0.0006152836812282,0.0,0.0014654549691666,0.0020807386503948,0.0,Canada,CAN,quebec,,,Windows-11-10.0.26200-SP0,3.13.14,3.2.8,4,Intel(R) Core(TM) i5-6200U CPU @ 2.30GHz,0,,-71.2,46.8,7.897434234619141,machine,12.307692307692308,0,94.80942307692308,7.48756381548368,N,1.0,0.0
2026-10-07T14:33:51,codecarbon,cc8c5f8a-bbbf-4b03-a57b-ab84f9027170,5b0fa12a-3dd7-45bb-9766-cc326314d9f1,547.5102753999963,8.385601089534604e-06,1.5315878927401515e-08,3.944688991381497,0.0,10.0,0.0006236849079769,0.0,0.0015060699738888,0.0021297548818658,0.0,Canada,CAN,quebec,,,Windows-11-10.0.26200-SP0,3.13.14,3.2.8,4,Intel(R) Core(TM) i5-6200U CPU @ 2.30GHz,0,,-71.2,46.8,7.897434234619141,machine,11.962616822429906,0,94.78934579439252,7.485974819860726,N,1.0,0.0
2026-10-07T14:34:07,codecarbon,cc8c5f8a-bbbf-4b03-a57b-ab84f9027170,5b0fa12a-3dd7-45bb-9766-cc326314d9f1,563.0518150999997,8.587149066852899e-06,1.5251081404164902e-08,3.912989363870734,0.0,10.0,0.0006344990972314,0.0,0.0015464444572221,0.0021809435544535,0.0,Canada,CAN,quebec,,,Windows-11-10.0.26200-SP0,3.13.14,3.2.8,4,Intel(R) Core(TM) i5-6200U CPU @ 2.30GHz,0,,-71.2,46.8,7.897434234619141,machine,11.818181818181818,0,94.78236363636364,7.4854206570712,N,1.0,0.0
2026-10-07T14:34:23,codecarbon,cc8c5f8a-bbbf-4b03-a57b-ab84f9027170,5b0fa12a-3dd7-45bb-9766-cc326314d9f1,578.7402542999916,8.800338485632796e-06,1.5206024499327664e-08,3.9114414185640514,0.0,10.0,0.000648250923019,0.0,0.0015868379694443,0.0022350888924634,0.0,Canada,CAN,quebec,,,Windows-11-10.0.26200-SP0,3.13.14,3.2.8,4,Intel(R) Core(TM) i5-6200U CPU @ 2.30GHz,0,,-71.2,46.8,7.897434234619141,machine,11.778621908127208,0,94.77579505300352,7.484894108856524,N,1.0,0.0
2026-10-07T14:34:38,codecarbon,cc8c5f8a-bbbf-4b03-a57b-ab84f9027170,5b0fa12a-3dd7-45bb-9766-cc326314d9f1,594.2992547000031,9.002280671359819e-06,1.514772330634015e-08,3.880865452542907,0.0,10.0,0.0006591165482144,0.0,0.0016272611369443,0.0022863776851587,0.0,Canada,CAN,quebec,,,Windows-11-10.0.26200-SP0,3.13.14,3.2.8,4,Intel(R) Core(TM) i5-6200U CPU @ 2.30GHz,0,,-71.2,46.8,7.897434234619141,machine,11.474526678141135,0,94.74285714285716,7.482256654617913,N,1.0,0.0
2026-10-07T14:34:54,codecarbon,cc8c5f8a-bbbf-4b03-a57b-ab84f9027170,5b0fa12a-3dd7-45bb-9766-cc326314d9f1,609.8787313999928,9.204321879891768e-06,1.5092052577014782e-08,3.849540642079796,0.0,10.0,0.0006699455254845,0.0,0.0016677461019443,0.0023376916274289,0.0,Canada,CAN,quebec,,,Windows-11-10.0.26200-SP0,3.13.14,3.2.8,4,Intel(R) Core(TM) i5-6200U CPU @ 2.30GHz,0,,-71.2,46.8,7.897434234619141,machine,11.167001675041876,0,94.66298157453936,7.47593521552669,N,1.0,0.0
2026-10-07T14:35:09,codecarbon,cc8c5f8a-bbbf-4b03-a57b-ab84f9027170,5b0fa12a-3dd7-45bb-9766-cc326314d9f1,625.4246661999932,9.411883826412597e-06,1.5048788983009092e-08,3.830438639013011,0.0,10.0,0.0006822783726784,0.0,0.0017081293408332,0.0023904077135117,0.0,Canada,CAN,quebec,,,Windows-11-10.0.26200-SP0,3.13.14,3.2.8,4,Intel(R) Core(TM) i5-6200U CPU @ 2.30GHz,0,,-71.2,46.8,7.897434234619141,machine,10.893300653594771,0,94.4452614379085,7.458748636682049,N,1.0,0.0
2026-10-07T14:35:25,codecarbon,cc8c5f8a-bbbf-4b03-a57b-ab84f9027170,5b0fa12a-3dd7-45bb-9766-cc326314d9f1,640.9835905999935,9.599001389402788e-06,1.4975424535310853e-08,3.779987821017969,0.0,10.0,0.0006893815423615,0.0,0.0017485498416666,0.0024379313840281,0.0,Canada,CAN,quebec,,,Windows-11-10.0.26200-SP0,3.13.14,3.2.8,4,Intel(R) Core(TM) i5-6200U CPU @ 2.30GHz,0,,-71.2,46.8,7.897434234619141,machine,10.63269537480064,0,94.24561403508773,7.443018388520017,N,1.0,0.0
2026-10-07T14:35:41,codecarbon,cc8c5f8a-bbbf-4b03-a57b-ab84f9027170,5b0fa12a-3dd7-45bb-9766-cc326314d9f1,656.5565181999991,9.792783302732774e-06,1.4915369859674004e-08,3.743745711352104,0.0,10.0,0.0006981485152834,0.0,0.0017889991349999,0.0024871476502833,0.0,Canada,CAN,quebec,,,Windows-11-10.0.26200-SP0,3.13.14,3.2.8,4,Intel(R) Core(TM) i5-6200U CPU @ 2.30GHz,0,,-71.2,46.8,7.897434234619141,machine,10.368118195956454,0,94.05458786936236,7.427924617452903,N,1.0,0.0
2026-10-07T14:35:56,codecarbon,cc8c5f8a-bbbf-4b03-a57b-ab84f9027170,5b0fa12a-3dd7-45bb-9766-cc326314d9f1,672.1556879999989,9.98165126079871e-06,1.4850207234724353e-08,3.70045166765066,0.0,10.0,0.0007056011291713,0.0,0.0018295147527776,0.002535115881949,0.0,Canada,CAN,quebec,,,Windows-11-10.0.26200-SP0,3.13.14,3.2.8,4,Intel(R) Core(TM) i5-6200U CPU @ 2.30GHz,0,,-71.2,46.8,7.897434234619141,machine,10.13176291793313,0,93.88009118541034,7.414129002116009,N,1.0,0.0
2026-10-07T14:36:12,codecarbon,cc8c5f8a-bbbf-4b03-a57b-ab84f9027170,5b0fa12a-3dd7-45bb-9766-cc326314d9f1,687.7979728999926,1.0189440064330255e-05,1.4814582865616885e-08,3.680936435522804,0.0,10.0,0.0007177085282433,0.0,0.0018701810563887,0.0025878895846321,0.0,Canada,CAN,quebec,,,Windows-11-10.0.26200-SP0,3.13.14,3.2.8,4,Intel(R) Core(TM) i5-6200U CPU @ 2.30GHz,0,,-71.2,46.8,7.897434234619141,machine,9.990207715133533,0,93.69881305637982,7.399836005372181,N,1.0,0.0
2026-10-07T14:36:27,codecarbon,cc8c5f8a-bbbf-4b03-a57b-ab84f9027170,5b0fa12a-3dd7-45bb-9766-cc326314d9f1,703.351484999992,1.0393382535855794e-05,1.4776939776925207e-08,3.6729734338662574,0.0,10.0,0.0007290955042908,0.0,0.0019105909008331,0.002639686405124,0.0,Canada,CAN,quebec,,,Windows-11-10.0.26200-SP0,3.13.14,3.2.8,4,Intel(R) Core(TM) i5-6200U CPU @ 2.30GHz,0,,-71.2,46.8,7.897434234619141,machine,10.06298984034833,0,93.56153846153846,7.38898523936943,N,1.0,0.0
2026-10-07T14:36:43,codecarbon,cc8c5f8a-bbbf-4b03-a57b-ab84f9027170,5b0fa12a-3dd7-45bb-9766-cc326314d9f1,718.9170995000022,1.0616241913917116e-05,1.4766990410021656e-08,3.677430493494693,0.0,10.0,0.0007452627017891,0.0,0.0019510249944442,0.0026962876962333,0.0,Canada,CAN,quebec,,,Windows-11-10.0.26200-SP0,3.13.14,3.2.8,4,Intel(R) Core(TM) i5-6200U CPU @ 2.30GHz,0,,-71.2,46.8,7.897434234619141,machine,9.834609929078011,0,93.41602836879431,7.37750912930103,N,1.0,0.0
2026-10-07T14:36:58,codecarbon,cc8c5f8a-bbbf-4b03-a57b-ab84f9027170,5b0fa12a-3dd7-45bb-9766-cc326314d9f1,734.4943268999923,1.08605123406425e-05,1.4786380156917469e-08,3.764150696274562,0.0,10.0,0.0007668297911493,0.0,0.0019914971230553,0.0027583269142046,0.0,Canada,CAN,quebec,,,Windows-11-10.0.26200-SP0,3.13.14,3.2.8,4,Intel(R) Core(TM) i5-6200U CPU @ 2.30GHz,0,,-71.2,46.8,7.897434234619141,machine,9.9075,0,93.28236111111111,7.366952906714546,N,1.0,0.0
2026-10-07T14:37:14,codecarbon,cc8c5f8a-bbbf-4b03-a57b-ab84f9027170,5b0fa12a-3dd7-45bb-9766-cc326314d9f1,750.0560863999999,1.1070181246727097e-05,1.4759137946416773e-08,3.7737589328614862,0.0,10.0,0.0007796464080539,0.0,0.0020319317127776,0.0028115781208315,0.0,Canada,CAN,quebec,,,Windows-11-10.0.26200-SP0,3.13.14,3.2.8,4,Intel(R) Core(TM) i5-6200U CPU @ 2.30GHz,0,,-71.2,46.8,7.897434234619141,machine,9.977414965986394,0,93.15877551020408,7.357172212146577,N,1.0,0.0
2026-10-07T14:37:30,codecarbon,cc8c5f8a-bbbf-4b03-a57b-ab84f9027170,5b0fa12a-3dd7-45bb-9766-cc326314d9f1,765.637444699998,1.1303516290335023e-05,1.476353640823316e-08,3.765709385552957,0.0,10.0,0.0007984274733326,0.0,0.0020724125230553,0.002870839996388,0.0,Canada,CAN,quebec,,,Windows-11-10.0.26200-SP0,3.13.14,3.2.8,4,Intel(R) Core(TM) i5-6200U CPU @ 2.30GHz,0,,-71.2,46.8,7.897434234619141,machine,10.03115845539281,0,93.039414114514,7.347733768102491,N,1.0,0.0
2026-10-07T14:37:45,codecarbon,cc8c5f8a-bbbf-4b03-a57b-ab84f9027170,5b0fa12a-3dd7-45bb-9766-cc326314d9f1,781.3357201999897,1.151808982340044e-05,1.4741537505097405e-08,3.756354959497099,0.0,10.0,0.0008121118367627,0.0,0.0021132250316664,0.0029253368684292,0.0,Canada,CAN,quebec,,,Windows-11-10.0.26200-SP0,3.13.14,3.2.8,4,Intel(R) Core(TM) i5-6200U CPU @ 2.30GHz,0,,-71.2,46.8,7.897434234619141,machine,9.96527415143603,0,92.94138381201046,7.339996233310152,N,1.0,0.0
2026-10-07T14:38:01,codecarbon,cc8c5f8a-bbbf-4b03-a57b-ab84f9027170,5b0fa12a-3dd7-45bb-9766-cc326314d9f1,796.9119686999911,1.17145772755682e-05,1.469996403075522e-08,3.7883323239777376,0.0,10.0,0.0008215545112367,0.0,0.002153685769722,0.0029752402809588,0.0,Canada,CAN,quebec,,,Windows-11-10.0.26200-SP0,3.13.14,3.2.8,4,Intel(R) Core(TM) i5-6200U CPU @ 2.30GHz,0,,-71.2,46.8,7.897434234619141,machine,9.88925831202046,0,92.83337595907928,7.331464030858501,N,1.0,0.0
2026-10-07T14:38:16,codecarbon,cc8c5f8a-bbbf-4b03-a57b-ab84f9027170,5b0fa12a-3dd7-45bb-9766-cc326314d9f1,812.4906809999957,1.2075228121164323e-05,1.4861989686210798e-08,3.756438340899293,0.0,10.095238095238097,0.0008324155509375,0.0,0.0022344219680554,0.0030668375189929,0.0,Canada,CAN,quebec,,,Windows-11-10.0.26200-SP0,3.13.14,3.2.8,4,Intel(R) Core(TM) i5-6200U CPU @ 2.30GHz,0,,-71.2,46.8,7.897434234619141,machine,9.828607277289835,0,92.74378920953576,7.324375468485029,N,1.0,0.0
2026-10-07T14:38:32,codecarbon,cc8c5f8a-bbbf-4b03-a57b-ab84f9027170,5b0fa12a-3dd7-45bb-9766-cc326314d9f1,828.0683900000004,1.2467575313581855e-05,1.505621451578637e-08,3.692254724270145,0.0,10.0,0.0008501373862271,0.0,0.0023163475330554,0.0031664849192825,0.0,Canada,CAN,quebec,,,Windows-11-10.0.26200-SP0,3.13.14,3.2.8,4,Intel(R) Core(TM) i5-6200U CPU @ 2.30GHz,0,,-71.2,46.8,7.897434234619141,machine,9.635178351783518,0,92.64649446494464,7.316702412209974,N,1.0,0.0
2026-10-07T14:38:48,codecarbon,cc8c5f8a-bbbf-4b03-a57b-ab84f9027170,5b0fa12a-3dd7-45bb-9766-cc326314d9f1,843.6439593999967,1.2658766777333305e-05,1.5004868625309992e-08,3.6594444062229607,0.0,10.0,0.0008582344560244,0.0,0.0023568088133331,0.0032150432693576,0.0,Canada,CAN,quebec,,,Windows-11-10.0.26200-SP0,3.13.14,3.2.8,4,Intel(R) Core(TM) i5-6200U CPU @ 2.30GHz,0,,-71.2,46.8,7.897434234619141,machine,9.581400966183574,0,92.55483091787438,7.309453116522895,N,1.0,0.0
2026-10-07T14:39:03,codecarbon,cc8c5f8a-bbbf-4b03-a57b-ab84f9027170,5b0fa12a-3dd7-45bb-9766-cc326314d9f1,859.2342205000023,1.2853767581959782e-05,1.495956198588083e-08,3.628304690320319,0.0,10.0,0.0008672605892052,0.0,0.0023973085174998,0.0032645691067051,0.0,Canada,CAN,quebec,,,Windows-11-10.0.26200-SP0,3.13.14,3.2.8,4,Intel(R) Core(TM) i5-6200U CPU @ 2.30GHz,0,,-71.2,46.8,7.897434234619141,machine,9.48208778173191,0,92.47651245551602,7.303276138939184,N,1.0,0.0
2026-10-07T14:39:19,codecarbon,cc8c5f8a-bbbf-4b03-a57b-ab84f9027170,5b0fa12a-3dd7-45bb-9766-cc326314d9f1,874.818434899993,1.305959346341244e-05,1.4928347348904893e-08,3.605827783905928,0.0,10.0,0.0008790458161397,0.0,0.0024377984549998,0.0033168442711396,0.0,Canada,CAN,quebec,,,Windows-11-10.0.26200-SP0,3.13.14,3.2.8,4,Intel(R) Core(TM) i5-6200U CPU @ 2.30GHz,0,,-71.2,46.8,7.897434234619141,machine,9.305471478463328,0,92.38928987194411,7.29638619916958,N,1.0,0.0
2026-10-07T14:39:34,codecarbon,cc8c5f8a-bbbf-4b03-a57b-ab84f9027170,5b0fa12a-3dd7-45bb-9766-cc326314d9f1,890.4025816999929,1.3246379289711545e-05,1.4876842859575966e-08,3.5768656686197504,0.0,10.0,0.0008859934804658,0.0,0.0024782902074999,0.0033642836879657,0.0,Canada,CAN,quebec,,,Windows-11-10.0.26200-SP0,3.13.14,3.2.8,4,Intel(R) Core(TM) i5-6200U CPU @ 2.30GHz,0,,-71.2,46.8,7.897434234619141,machine,9.145766590389016,0,92.29096109839816,7.288633848491468,N,1.0,0.0
2026-10-07T14:39:50,codecarbon,cc8c5f8a-bbbf-4b03-a57b-ab84f9027170,5b0fa12a-3dd7-45bb-9766-cc326314d9f1,905.9790844999952,1.3453268960193028e-05,1.484942554453982e-08,3.565660775571958,0.0,10.0,0.0008980891807124,0.0,0.0025187398502777,0.0034168290309902,0.0,Canada,CAN,quebec,,,Windows-11-10.0.26200-SP0,3.13.14,3.2.8,4,Intel(R) Core(TM) i5-6200U CPU @ 2.30GHz,0,,-71.2,46.8,7.897434234619141,machine,8.981348314606741,0,92.19696629213485,7.281213931823045,N,1.0,0.0
2026-10-07T14:40:06,codecarbon,cc8c5f8a-bbbf-4b03-a57b-ab84f9027170,5b0fa12a-3dd7-45bb-9766-cc326314d9f1,921.5938940999912,1.3683785014128776e-05,1.4847955375715753e-08,3.5745683539397173,0.0,10.0,0.0009160679676899,0.0,0.002559306978611,0.003475374946301,0.0,Canada,CAN,quebec,,,Windows-11-10.0.26200-SP0,3.13.14,3.2.8,4,Intel(R) Core(TM) i5-6200U CPU @ 2.30GHz,0,,-71.2,46.8,7.897434234619141,machine,9.13635359116022,0,92.1179005524862,7.274966384297576,N,1.0,0.0
2026-10-07T14:40:21,codecarbon,cc8c5f8a-bbbf-4b03-a57b-ab84f9027170,5b0fa12a-3dd7-45bb-9766-cc326314d9f1,937.2465618999996,1.3905541071966369e-05,1.4836587977209388e-08,3.589199970773697,0.0,10.0,0.0009316901560046,0.0,0.0026000058627777,0.0035316960187823,0.0,Canada,CAN,quebec,,,Windows-11-10.0.26200-SP0,3.13.14,3.2.8,4,Intel(R) Core(TM) i5-6200U CPU @ 2.30GHz,0,,-71.2,46.8,7.897434234619141,machine,9.384799131378935,0,92.0398479913138,7.268802464720221,N,1.0,0.0
2026-10-07T14:40:37,codecarbon,cc8c5f8a-bbbf-4b03-a57b-ab84f9027170,5b0fa12a-3dd7-45bb-9766-cc326314d9f1,952.7835572999902,1.4144981703251616e-05,1.484595488122805e-08,3.6200408075891146,0.0,10.0,0.0009521500499303,0.0,0.0026403585269443,0.0035925085768746,0.0,Canada,CAN,quebec,,,Windows-11-10.0.26200-SP0,3.13.14,3.2.8,4,Intel(R) Core(TM) i5-6200U CPU @ 2.30GHz,0,,-71.2,46.8,7.897434234619141,machine,9.341239316239315,0,92.01399572649574,7.2667621751116895,N,1.0,0.0
2026-10-07T14:40:52,codecarbon,cc8c5f8a-bbbf-4b03-a57b-ab84f9027170,5b0fa12a-3dd7-45bb-9766-cc326314d9f1,968.3826987999928,1.4411228320711389e-05,1.488174906322634e-08,3.673079703643616,0.0,10.0,0.0009792249526375,0.0,0.0026809043024998,0.0036601292551374,0.0,Canada,CAN,quebec,,,Windows-11-10.0.26200-SP0,3.13.14,3.2.8,4,Intel(R) Core(TM) i5-6200U CPU @ 2.30GHz,0,,-71.2,46.8,7.897434234619141,machine,9.193901156677182,0,92.0483701366982,7.269478871117881,N,1.0,0.0
2026-10-07T14:41:08,codecarbon,cc8c5f8a-bbbf-4b03-a57b-ab84f9027170,5b0fa12a-3dd7-45bb-9766-cc326314d9f1,983.943715699992,1.4693023519929676e-05,1.49327886193946e-08,3.731681744507388,0.0,10.0,0.0010104080566243,0.0,0.0027212908683332,0.0037316989249575,0.0,Canada,CAN,quebec,,,Windows-11-10.0.26200-SP0,3.13.14,3.2.8,4,Intel(R) Core(TM) i5-6200U CPU @ 2.30GHz,0,,-71.2,46.8,7.897434234619141,machine,9.352016546018614,0,92.1023784901758,7.273737066164381,N,1.0,0.0
2026-10-07T14:41:24,codecarbon,cc8c5f8a-bbbf-4b03-a57b-ab84f9027170,5b0fa12a-3dd7-45bb-9766-cc326314d9f1,999.5797183999966,1.499898891613412e-05,1.5005295365678932e-08,3.814554496105832,0.0,10.0,0.0010474735035226,0.0,0.0027619337799998,0.0038094072835225,0.0,Canada,CAN,quebec,,,Windows-11-10.0.26200-SP0,3.13.14,3.2.8,4,Intel(R) Core(TM) i5-6200U CPU @ 2.30GHz,0,,-71.2,46.8,7.897434234619141,machine,9.209164969450102,0,92.1397148676171,7.276694567771647,N,1.0,0.0
2026-10-07T14:41:39,codecarbon,cc8c5f8a-bbbf-4b03-a57b-ab84f9027170,5b0fa12a-3dd7-45bb-9766-cc326314d9f1,1015.133180799996,1.5241533065321116e-05,1.501431866635442e-08,3.835042115647316,0.0,10.0,0.0010686615578812,0.0,0.0028023465077776,0.0038710080656589,0.0,Canada,CAN,quebec,,,Windows-11-10.0.26200-SP0,3.13.14,3.2.8,4,Intel(R) Core(TM) i5-6200U CPU @ 2.30GHz,0,,-71.2,46.8,7.897434234619141,machine,9.271213640922769,0,92.17121364092276,7.279210112637718,N,1.0,0.0
2026-10-07T14:41:55,codecarbon,cc8c5f8a-bbbf-4b03-a57b-ab84f9027170,5b0fa12a-3dd7-45bb-9766-cc326314d9f1,1030.6877257000017,1.5472589631929928e-05,1.5011908307554132e-08,3.844886372854072,0.0,10.0,0.0010869290882507,0.0,0.0028427621708332,0.0039296912590839,0.0,Canada,CAN,quebec,,,Windows-11-10.0.26200-SP0,3.13.14,3.2.8,4,Intel(R) Core(TM) i5-6200U CPU @ 2.30GHz,0,,-71.2,46.8,7.897434234619141,machine,9.223494570582428,0,92.11490621915102,7.274765029711408,N,1.0,0.0
2026-10-07T14:42:10,codecarbon,cc8c5f8a-bbbf-4b03-a57b-ab84f9027170,5b0fa12a-3dd7-45bb-9766-cc326314d9f1,1046.2940720999904,1.570877976246743e-05,1.5013732927817072e-08,3.8571698286324128,0.0,10.0,0.0011064166205589,0.0,0.0028832616422221,0.0039896782627811,0.0,Canada,CAN,quebec,,,Windows-11-10.0.26200-SP0,3.13.14,3.2.8,4,Intel(R) Core(TM) i5-6200U CPU @ 2.30GHz,0,,-71.2,46.8,7.897434234619141,machine,9.283463035019455,0,92.06517509727628,7.270828124614077,N,1.0,0.0
2026-10-07T14:42:26,codecarbon,cc8c5f8a-bbbf-4b03-a57b-ab84f9027170,5b0fa12a-3dd7-45bb-9766-cc326314d9f1,1061.954051699999,1.5994097808950653e-05,1.5061007379129972e-08,3.907037131590484,0.0,10.0,0.0011382436333016,0.0,0.002923899023611,0.0040621426569126,0.0,Canada,CAN,quebec,,,Windows-11-10.0.26200-SP0,3.13.14,3.2.8,4,Intel(R) Core(TM) i5-6200U CPU @ 2.30GHz,0,,-71.2,46.8,7.897434234619141,machine,9.53346116970278,0,92.04189837008629,7.268996735204329,N,1.0,0.0
2026-10-07T14:42:42,codecarbon,cc8c5f8a-bbbf-4b03-a57b-ab84f9027170,5b0fa12a-3dd7-45bb-9766-cc326314d9f1,1077.563485999999,1.6321016186613554e-05,1.5146222379155085e-08,4.015096799685945,0.0,10.0,0.0011807662863056,0.0,0.0029644063172221,0.0041451726035277,0.0,Canada,CAN,quebec,,,Windows-11-10.0.26200-SP0,3.13.14,3.2.8,4,Intel(R) Core(TM) i5-6200U CPU @ 2.30GHz,0,,-71.2,46.8,7.897434234619141,machine,10.215675165250236,0,92.02502360717658,7.267659656499443,N,1.0,0.0
2026-10-07T14:42:57,codecarbon,cc8c5f8a-bbbf-4b03-a57b-ab84f9027170,5b0fa12a-3dd7-45bb-9766-cc326314d9f1,1093.1230396000028,1.6519421905766202e-05,1.5112134048341907e-08,3.991720134281917,0.0,10.0,0.0011907315595788,0.0,0.0030048316533332,0.004195563212912,0.0,Canada,CAN,quebec,,,Windows-11-10.0.26200-SP0,3.13.14,3.2.8,4,Intel(R) Core(TM) i5-6200U CPU @ 2.30GHz,0,,-71.2,46.8,7.897434234619141,machine,10.259217877094972,0,91.9987895716946,7.2655967556120515,N,1.0,0.0
2026-10-07T14:43:13,codecarbon,cc8c5f8a-bbbf-4b03-a57b-ab84f9027170,5b0fa12a-3dd7-45bb-9766-cc326314d9f1,1108.716291699995,1.6720361780156545e-05,1.5080829879859715e-08,3.971535737866544,0.0,10.0,0.0012012531095857,0.0,0.0030453443313887,0.0042465974409745,0.0,Canada,CAN,quebec,,,Windows-11-10.0.26200-SP0,3.13.14,3.2.8,4,Intel(R) Core(TM) i5-6200U CPU @ 2.30GHz,0,,-71.2,46.8,7.897434234619141,machine,10.200366972477063,0,91.97284403669724,7.263560657326234,N,1.0,0.0
2026-10-07T14:43:28,codecarbon,cc8c5f8a-bbbf-4b03-a57b-ab84f9027170,5b0fa12a-3dd7-45bb-9766-cc326314d9f1,1124.3287776999932,1.6923121427586163e-05,1.5051755112241546e-08,3.94868203804868,0.0,10.0,0.0012122241500798,0.0,0.0030858697005554,0.0042980938506353,0.0,Canada,CAN,quebec,,,Windows-11-10.0.26200-SP0,3.13.14,3.2.8,4,Intel(R) Core(TM) i5-6200U CPU @ 2.30GHz,0,,-71.2,46.8,7.897434234619141,machine,10.061900452488688,0,91.94714932126698,7.2615427733546465,N,1.0,0.0
2026-10-07T14:43:44,codecarbon,cc8c5f8a-bbbf-4b03-a57b-ab84f9027170,5b0fa12a-3dd7-45bb-9766-cc326314d9f1,1140.158418199993,1.712888477684534e-05,1.5023249842672992e-08,3.946167999254622,0.0,10.0,0.0012233107605155,0.0,0.0031270423727776,0.0043503531332931,0.0,Canada,CAN,quebec,,,Windows-11-10.0.26200-SP0,3.13.14,3.2.8,4,Intel(R) Core(TM) i5-6200U CPU @ 2.30GHz,0,,-71.2,46.8,7.897434234619141,machine,9.91828724353256,0,91.92114183764495,7.259496214132453,N,1.0,0.0
2026-10-07T14:44:00,codecarbon,cc8c5f8a-bbbf-4b03-a57b-ab84f9027170,5b0fa12a-3dd7-45bb-9766-cc326314d9f1,1155.7489171999914,1.7318492131695793e-05,1.4984649238221173e-08,3.91733727339337,0.0,10.0,0.0012309684004612,0.0,0.0031675407547221,0.0043985091551834,0.0,Canada,CAN,quebec,,,Windows-11-10.0.26200-SP0,3.13.14,3.2.8,4,Intel(R) Core(TM) i5-6200U CPU @ 2.30GHz,0,,-71.2,46.8,7.897434234619141,machine,9.787323943661972,0,91.89005281690142,7.257043052727068,N,1.0,0.0
2026-10-07T14:44:15,codecarbon,cc8c5f8a-bbbf-4b03-a57b-ab84f9027170,5b0fa12a-3dd7-45bb-9766-cc326314d9f1,1171.3245956000028,1.7512417968750486e-05,1.4950952139598736e-08,3.897938887453984,0.0,10.0,0.001239767040397,0.0,0.0032079949344443,0.0044477619748414,0.0,Canada,CAN,quebec,,,Windows-11-10.0.26200-SP0,3.13.14,3.2.8,4,Intel(R) Core(TM) i5-6200U CPU @ 2.30GHz,0,,-71.2,46.8,7.897434234619141,machine,9.651388888888889,0,91.86319444444445,7.254923101928499,N,1.0,0.0
2026-10-07T14:44:31,codecarbon,cc8c5f8a-bbbf-4b03-a57b-ab84f9027170,5b0fa12a-3dd7-45bb-9766-cc326314d9f1,1186.9265387999912,1.7732723003248334e-05,1.4940034133179385e-08,3.884383879838347,0.0,10.0,0.0012551730776679,0.0,0.0032485414422221,0.00450371451989,0.0,Canada,CAN,quebec,,,Windows-11-10.0.26200-SP0,3.13.14,3.2.8,4,Intel(R) Core(TM) i5-6200U CPU @ 2.30GHz,0,,-71.2,46.8,7.897434234619141,machine,9.613024850042844,0,91.8324764353042,7.252502987296947,N,1.0,0.0
2026-10-07T14:44:47,codecarbon,cc8c5f8a-bbbf-4b03-a57b-ab84f9027170,5b0fa12a-3dd7-45bb-9766-cc326314d9f1,1202.5152853999898,1.81067607183994e-05,1.5057405871041875e-08,3.875275444408048,0.0,10.064102564102564,0.0012693663910488,0.0,0.0033293453319443,0.0045987117229932,0.0,Canada,CAN,quebec,,,Windows-11-10.0.26200-SP0,3.13.14,3.2.8,4,Intel(R) Core(TM) i5-6200U CPU @ 2.30GHz,0,,-71.2,46.8,7.897434234619141,machine,9.575634517766495,0,91.78409475465314,7.248675748176381,N,1.0,0.0
2026-10-07T14:45:02,codecarbon,cc8c5f8a-bbbf-4b03-a57b-ab84f9027170,5b0fa12a-3dd7-45bb-9766-cc326314d9f1,1218.0748819,1.8544088521051028e-05,1.522409565832705e-08,3.848650242843156,0.0,10.0,0.0012991599515006,0.0,0.0034106232394443,0.004709783190945,0.0,Canada,CAN,quebec,,,Windows-11-10.0.26200-SP0,3.13.14,3.2.8,4,Intel(R) Core(TM) i5-6200U CPU @ 2.30GHz,0,,-71.2,46.8,7.897434234619141,machine,9.781636060100167,0,91.74257095158598,7.24540058002249,N,1.0,0.0
2026-10-07T14:45:18,codecarbon,cc8c5f8a-bbbf-4b03-a57b-ab84f9027170,5b0fa12a-3dd7-45bb-9766-cc326314d9f1,1233.7385147000025,1.876564044792221e-05,1.5210387147948683e-08,3.842614571236719,0.0,10.0,0.0013147141565101,0.0,0.0034513382622221,0.0047660524187323,0.0,Canada,CAN,quebec,,,Windows-11-10.0.26200-SP0,3.13.14,3.2.8,4,Intel(R) Core(TM) i5-6200U CPU @ 2.30GHz,0,,-71.2,46.8,7.897434234619141,machine,9.82555647155812,0,91.70379225061828,7.242331706878083,N,1.0,0.0
2026-10-07T14:45:33,codecarbon,cc8c5f8a-bbbf-4b03-a57b-ab84f9027170,5b0fa12a-3dd7-45bb-9766-cc326314d9f1,1249.3234969999903,1.897262646044473e-05,1.5186320041209378e-08,3.846836417279213,0.0,10.0,0.0013267892729776,0.0,0.0034918329574999,0.0048186222304776,0.0,Canada,CAN,quebec,,,Windows-11-10.0.26200-SP0,3.13.14,3.2.8,4,Intel(R) Core(TM) i5-6200U CPU @ 2.30GHz,0,,-71.2,46.8,7.897434234619141,machine,9.779007323026851,0,91.66655817737998,7.239379932474955,N,1.0,0.0
2026-10-07T14:45:49,codecarbon,cc8c5f8a-bbbf-4b03-a57b-ab84f9027170,5b0fa12a-3dd7-45bb-9766-cc326314d9f1,1264.9165586000015,1.921838063367383e-05,1.5193397938394103e-08,3.868088623958729,0.0,10.0,0.0013487336021102,0.0,0.0035323046847221,0.0048810382868324,0.0,Canada,CAN,quebec,,,Windows-11-10.0.26200-SP0,3.13.14,3.2.8,4,Intel(R) Core(TM) i5-6200U CPU @ 2.30GHz,0,,-71.2,46.8,7.897434234619141,machine,9.982636655948554,0,91.63681672025724,7.237032129833553,N,1.0,0.0
2026-10-07T14:46:04,codecarbon,cc8c5f8a-bbbf-4b03-a57b-ab84f9027170,5b0fa12a-3dd7-45bb-9766-cc326314d9f1,1280.4685108999984,1.943715902464642e-05,1.5179724342447667e-08,3.861807577781293,0.0,10.0,0.0013639298294479,0.0,0.0035726732691666,0.0049366030986146,0.0,Canada,CAN,quebec,,,Windows-11-10.0.26200-SP0,3.13.14,3.2.8,4,Intel(R) Core(TM) i5-6200U CPU @ 2.30GHz,0,,-71.2,46.8,7.897434234619141,machine,9.98284352660842,0,91.60524225575854,7.2345459220710495,N,1.0,0.0
2026-10-07T14:46:20,codecarbon,cc8c5f8a-bbbf-4b03-a57b-ab84f9027170,5b0fa12a-3dd7-45bb-9766-cc326314d9f1,1296.056308500003,1.968836514084682e-05,1.519097975274951e-08,3.91002915043424,0.0,10.0,0.0013872978311106,0.0,0.0036131059952777,0.0050004038263883,0.0,Canada,CAN,quebec,,,Windows-11-10.0.26200-SP0,3.13.14,3.2.8,4,Intel(R) Core(TM) i5-6200U CPU @ 2.30GHz,0,,-71.2,46.8,7.897434234619141,machine,10.01443137254902,0,91.5795294117647,7.232509020637063,N,1.0,0.0
2026-10-07T14:46:36,codecarbon,cc8c5f8a-bbbf-4b03-a57b-ab84f9027170,5b0fa12a-3dd7-45bb-9766-cc326314d9f1,1311.6498420999997,2.00458004668612e-05,1.5282890161269822e-08,4.010961414901091,0.0,10.0,0.0014381681475156,0.0,0.0036530162469443,0.00509118439446,0.0,Canada,CAN,quebec,,,Windows-11-10.0.26200-SP0,3.13.14,3.2.8,4,Intel(R) Core(TM) i5-6200U CPU @ 2.30GHz,0,,-71.2,46.8,7.897434234619141,machine,10.595658914728682,0,91.60387596899224,7.234437770991362,N,1.0,0.0
2026-10-07T14:46:51,codecarbon,cc8c5f8a-bbbf-4b03-a57b-ab84f9027170,5b0fa12a-3dd7-45bb-9766-cc326314d9f1,1327.2100068,2.0354929700089143e-05,1.5336630673216792e-08,4.074992796367408,0.0,10.0,0.0014762631126085,0.0,0.0036934331841665,0.0051696962967751,0.0,Canada,CAN,quebec,,,Windows-11-10.0.26200-SP0,3.13.14,3.2.8,4,Intel(R) Core(TM) i5-6200U CPU @ 2.30GHz,0,,-71.2,46.8,7.897434234619141,machine,10.627126436781609,0,91.63961685823756,7.237261439648624,N,1.0,0.0
2026-10-07T14:47:07,codecarbon,cc8c5f8a-bbbf-4b03-a57b-ab84f9027170,5b0fa12a-3dd7-45bb-9766-cc326314d9f1,1342.8132092000014,2.065001929710496e-05,1.5378177065600568e-08,4.128046372260638,0.0,10.0,0.0015108467284089,0.0,0.0037337957174998,0.0052446424459088,0.0,Canada,CAN,quebec,,,Windows-11-10.0.26200-SP0,3.13.14,3.2.8,4,Intel(R) Core(TM) i5-6200U CPU @ 2.30GHz,0,,-71.2,46.8,7.897434234619141,machine,10.960909090909093,0,91.67689393939392,7.240189303773822,N,1.0,0.0
2026-10-07T14:47:23,codecarbon,cc8c5f8a-bbbf-4b03-a57b-ab84f9027170,5b0fa12a-3dd7-45bb-9766-cc326314d9f1,1358.5954339000018,2.092268175353116e-05,1.5400229701545687e-08,4.154413028568538,0.0,10.0,0.0015390516777536,0.0,0.0037748409258332,0.0053138926035868,0.0,Canada,CAN,quebec,,,Windows-11-10.0.26200-SP0,3.13.14,3.2.8,4,Intel(R) Core(TM) i5-6200U CPU @ 2.30GHz,0,,-71.2,46.8,7.897434234619141,machine,11.129041916167663,0,91.71047904191616,7.242835890033288,N,1.0,0.0
2026-10-07T14:47:39,codecarbon,cc8c5f8a-bbbf-4b03-a57b-ab84f9027170,5b0fa12a-3dd7-45bb-9766-cc326314d9f1,1374.6232252999907,2.1186972830055343e-05,1.5412930932715483e-08,4.173745407209393,0.0,10.0,0.0015644646643573,0.0,0.0038165519538888,0.0053810166182461,0.0,Canada,CAN,quebec,,,Windows-11-10.0.26200-SP0,3.13.14,3.2.8,4,Intel(R) Core(TM) i5-6200U CPU @ 2.30GHz,0,,-71.2,46.8,7.897434234619141,machine,11.071301775147928,0,91.72559171597634,7.244032890838985,N,1.0,0.0
2026-10-07T14:47:54,codecarbon,cc8c5f8a-bbbf-4b03-a57b-ab84f9027170,5b0fa12a-3dd7-45bb-9766-cc326314d9f1,1390.2561846000026,2.1416493890995954e-05,1.5404710389515583e-08,4.177965607381803,0.0,10.0,0.0015822170792857,0.0,0.0038570927483332,0.0054393098276189,0.0,Canada,CAN,quebec,,,Windows-11-10.0.26200-SP0,3.13.14,3.2.8,4,Intel(R) Core(TM) i5-6200U CPU @ 2.30GHz,0,,-71.2,46.8,7.897434234619141,machine,11.022970007315289,0,91.73547915142647,7.2448095950926845,N,1.0,0.0
2026-10-07T14:48:10,codecarbon,cc8c5f8a-bbbf-4b03-a57b-ab84f9027170,5b0fa12a-3dd7-45bb-9766-cc326314d9f1,1405.8973853999923,2.1648558631755807e-05,1.5398391700967968e-08,4.1822422795419065,0.0,10.0,0.0016007012647005,0.0,0.0038975478099999,0.0054982490747004,0.0,Canada,CAN,quebec,,,Windows-11-10.0.26200-SP0,3.13.14,3.2.8,4,Intel(R) Core(TM) i5-6200U CPU @ 2.30GHz,0,,-71.2,46.8,7.897434234619141,machine,11.12040520984081,0,91.7484081041968,7.245824449486739,N,1.0,0.0
2026-10-07T14:48:26,codecarbon,cc8c5f8a-bbbf-4b03-a57b-ab84f9027170,5b0fa12a-3dd7-45bb-9766-cc326314d9f1,1421.5169540999923,2.188318148352996e-05,1.539424585856234e-08,4.187066201813615,0.0,10.0,0.0016197165508019,0.0,0.0039381214738887,0.0055578380246907,0.0,Canada,CAN,quebec,,,Windows-11-10.0.26200-SP0,3.13.14,3.2.8,4,Intel(R) Core(TM) i5-6200U CPU @ 2.30GHz,0,,-71.2,46.8,7.897434234619141,machine,11.350786838340486,0,91.76366237482118,7.247029054830002,N,1.0,0.0
2026-10-07T14:48:41,codecarbon,cc8c5f8a-bbbf-4b03-a57b-ab84f9027170,5b0fa12a-3dd7-45bb-9766-cc326314d9f1,1437.2331067999912,2.210732870208135e-05,1.538186714283493e-08,4.185320589093264,0.0,10.0,0.0016357810506658,0.0,0.0039789853477776,0.0056147663984434,0.0,Canada,CAN,quebec,,,Windows-11-10.0.26200-SP0,3.13.14,3.2.8,4,Intel(R) Core(TM) i5-6200U CPU @ 2.30GHz,0,,-71.2,46.8,7.897434234619141,machine,11.371832979476292,0,91.77742392073604,7.248106144542653,N,1.0,0.0
2026-10-07T14:48:57,codecarbon,cc8c5f8a-bbbf-4b03-a57b-ab84f9027170,5b0fa12a-3dd7-45bb-9766-cc326314d9f1,1452.8359349999955,2.232188059000561e-05,1.5364350545201565e-08,4.176402745421384,0.0,10.0,0.0016497294875482,0.0,0.0040195282855554,0.0056692577731036,0.0,Canada,CAN,quebec,,,Windows-11-10.0.26200-SP0,3.13.14,3.2.8,4,Intel(R) Core(TM) i5-6200U CPU @ 2.30GHz,0,,-71.2,46.8,7.897434234619141,machine,11.45444366689993,0,91.7891532540238,7.249031384563513,N,1.0,0.0
2026-10-07T14:49:12,codecarbon,cc8c5f8a-bbbf-4b03-a57b-ab84f9027170,5b0fa12a-3dd7-45bb-9766-cc326314d9f1,1468.4059681999934,2.2540337489100035e-05,1.5350208305629888e-08,4.170244504100575,0.0,10.0,0.0016647797281486,0.0,0.0040599612049998,0.0057247409331485,0.0,Canada,CAN,quebec,,,Windows-11-10.0.26200-SP0,3.13.14,3.2.8,4,Intel(R) Core(TM) i5-6200U CPU @ 2.30GHz,0,,-71.2,46.8,7.897434234619141,machine,11.40470914127424,0,91.79882271468144,7.249787925022791,N,1.0,0.0
2026-10-07T14:49:28,codecarbon,cc8c5f8a-bbbf-4b03-a57b-ab84f9027170,5b0fa12a-3dd7-45bb-9766-cc326314d9f1,1484.0579561999912,2.277585032688644e-05,1.5347008674246932e-08,4.168162379618492,0.0,10.0,0.001683945529655,0.0,0.0041006103899998,0.0057845559196548,0.0,Canada,CAN,quebec,,,Windows-11-10.0.26200-SP0,3.13.14,3.2.8,4,Intel(R) Core(TM) i5-6200U CPU @ 2.30GHz,0,,-71.2,46.8,7.897434234619141,machine,11.401713502398902,0,91.80884167237836,7.2505773318148865,N,1.0,0.0
2026-10-07T14:49:44,codecarbon,cc8c5f8a-bbbf-4b03-a57b-ab84f9027170,5b0fa12a-3dd7-45bb-9766-cc326314d9f1,1499.612729300003,2.299890488018333e-05,1.5336562854410342e-08,4.174545193800748,0.0,10.0,0.0017002761147921,0.0,0.0041409306661109,0.0058412067809031,0.0,Canada,CAN,quebec,,,Windows-11-10.0.26200-SP0,3.13.14,3.2.8,4,Intel(R) Core(TM) i5-6200U CPU @ 2.30GHz,0,,-71.2,46.8,7.897434234619141,machine,11.413627118644069,0,91.80915254237289,7.2506033532094145,N,1.0,0.0
2026-10-07T14:49:59,codecarbon,cc8c5f8a-bbbf-4b03-a57b-ab84f9027170,5b0fa12a-3dd7-45bb-9766-cc326314d9f1,1515.2185123999952,2.319568216316983e-05,1.5308473314802345e-08,4.155306196415374,0.0,10.0,0.0017097036159145,0.0,0.0041814801880553,0.0058911838039699,0.0,Canada,CAN,quebec,,,Windows-11-10.0.26200-SP0,3.13.14,3.2.8,4,Intel(R) Core(TM) i5-6200U CPU @ 2.30GHz,0,,-71.2,46.8,7.897434234619141,machine,11.298724832214765,0,91.80114093959732,7.249978166618603,N,1.0,0.0
2026-10-07T14:50:15,codecarbon,cc8c5f8a-bbbf-4b03-a57b-ab84f9027170,5b0fa12a-3dd7-45bb-9766-cc326314d9f1,1530.8886960999953,2.34053752371093e-05,1.5288750447198087e-08,4.140690577139214,0.0,10.0,0.0017222402823019,0.0,0.0042222008663887,0.0059444411486906,0.0,Canada,CAN,quebec,,,Windows-11-10.0.26200-SP0,3.13.14,3.2.8,4,Intel(R) Core(TM) i5-6200U CPU @ 2.30GHz,0,,-71.2,46.8,7.897434234619141,machine,11.211885790172644,0,91.7921646746348,7.24927266945402,N,1.0,0.0
2026-10-07T14:50:30,codecarbon,cc8c5f8a-bbbf-4b03-a57b-ab84f9027170,5b0fa12a-3dd7-45bb-9766-cc326314d9f1,1546.4481282999914,2.360391636875636e-05,1.5263309474663154e-08,4.121416706728625,0.0,10.0,0.0017322433573161,0.0,0.0042626227924998,0.005994866149816,0.0,Canada,CAN,quebec,,,Windows-11-10.0.26200-SP0,3.13.14,3.2.8,4,Intel(R) Core(TM) i5-6200U CPU @ 2.30GHz,0,,-71.2,46.8,7.897434234619141,machine,11.101314924391849,0,91.78750821827744,7.248899127526318,N,1.0,0.0
2026-10-07T14:50:46,codecarbon,cc8c5f8a-bbbf-4b03-a57b-ab84f9027170,5b0fa12a-3dd7-45bb-9766-cc326314d9f1,1562.1515595999954,2.382519104957029e-05,1.525152338974777e-08,4.124658065181862,0.0,10.0,0.0017476199374805,0.0,0.0043034450258331,0.0060510649633137,0.0,Canada,CAN,quebec,,,Windows-11-10.0.26200-SP0,3.13.14,3.2.8,4,Intel(R) Core(TM) i5-6200U CPU @ 2.30GHz,0,,-71.2,46.8,7.897434234619141,machine,11.123111979166666,0,91.7865234375,7.248815928896268,N,1.0,0.0
2026-10-07T14:51:02,codecarbon,cc8c5f8a-bbbf-4b03-a57b-ab84f9027170,5b0fa12a-3dd7-45bb-9766-cc326314d9f1,1577.7781804999977,2.4224427337895807e-05,1.5353506365653434e-08,4.138438238074234,0.0,10.048780487804878,0.0017681786335722,0.0,0.0043842834061109,0.0061524620396831,0.0,Canada,CAN,quebec,,,Windows-11-10.0.26200-SP0,3.13.14,3.2.8,4,Intel(R) Core(TM) i5-6200U CPU @ 2.30GHz,0,,-71.2,46.8,7.897434234619141,machine,11.072873711340206,0,91.78692010309278,7.24886008144654,N,1.0,0.0
2026-10-07T14:51:17,codecarbon,cc8c5f8a-bbbf-4b03-a57b-ab84f9027170,5b0fa12a-3dd7-45bb-9766-cc326314d9f1,1593.423138500002,2.459222773594229e-05,1.543358266975628e-08,4.093396493994889,0.0,10.0,0.0017804484064261,0.0,0.0044654266974998,0.006245875103926,0.0,Canada,CAN,quebec,,,Windows-11-10.0.26200-SP0,3.13.14,3.2.8,4,Intel(R) Core(TM) i5-6200U CPU @ 2.30GHz,0,,-71.2,46.8,7.897434234619141,machine,11.142373962986598,0,91.78895979578812,7.249017969848399,N,1.0,0.0
2026-10-07T14:51:33,codecarbon,cc8c5f8a-bbbf-4b03-a57b-ab84f9027170,5b0fa12a-3dd7-45bb-9766-cc326314d9f1,1609.0066324999934,2.4815460792414213e-05,1.5422845556489223e-08,4.081108433962794,0.0,10.0,0.0017966489482055,0.0,0.0045059223527775,0.0063025713009831,0.0,Canada,CAN,quebec,,,Windows-11-10.0.26200-SP0,3.13.14,3.2.8,4,Intel(R) Core(TM) i5-6200U CPU @ 2.30GHz,0,,-71.2,46.8,7.897434234619141,machine,11.061339229311432,0,91.7870499052432,7.248870247161923,N,1.0,0.0
2026-10-07T14:51:49,codecarbon,cc8c5f8a-bbbf-4b03-a57b-ab84f9027170,5b0fa12a-3dd7-45bb-9766-cc326314d9f1,1624.7195276999992,2.5046742097538616e-05,1.5416040535313513e-08,4.11305711122423,0.0,10.0,0.0018148338104583,0.0,0.0045464777624998,0.0063613115729581,0.0,Canada,CAN,quebec,,,Windows-11-10.0.26200-SP0,3.13.14,3.2.8,4,Intel(R) Core(TM) i5-6200U CPU @ 2.30GHz,0,,-71.2,46.8,7.897434234619141,machine,11.020087609511888,0,91.7863579474343,7.248821700171327,N,1.0,0.0
2026-10-07T14:52:04,codecarbon,cc8c5f8a-bbbf-4b03-a57b-ab84f9027170,5b0fa12a-3dd7-45bb-9766-cc326314d9f1,1640.2926949999965,2.530227457352373e-05,1.5425463181449935e-08,4.130883657685753,0.0,10.0,0.0018392989945066,0.0,0.004586912104722,0.0064262110992286,0.0,Canada,CAN,quebec,,,Windows-11-10.0.26200-SP0,3.13.14,3.2.8,4,Intel(R) Core(TM) i5-6200U CPU @ 2.30GHz,0,,-71.2,46.8,7.897434234619141,machine,11.158674101610904,0,91.78773234200744,7.248919953791773,N,1.0,0.0
2026-10-07T14:52:20,codecarbon,cc8c5f8a-bbbf-4b03-a57b-ab84f9027170,5b0fa12a-3dd7-45bb-9766-cc326314d9f1,1655.8815820000018,2.5511545042877907e-05,1.5406624072758052e-08,4.126836805839926,0.0,10.0,0.0018519788674046,0.0,0.0046273822444442,0.0064793611118489,0.0,Canada,CAN,quebec,,,Windows-11-10.0.26200-SP0,3.13.14,3.2.8,4,Intel(R) Core(TM) i5-6200U CPU @ 2.30GHz,0,,-71.2,46.8,7.897434234619141,machine,11.117311233885818,0,91.78612645794966,7.248782687717014,N,1.0,0.0
2026-10-07T14:52:35,codecarbon,cc8c5f8a-bbbf-4b03-a57b-ab84f9027170,5b0fa12a-3dd7-45bb-9766-cc326314d9f1,1671.5127330999967,2.5732850167276023e-05,1.539494713842337e-08,4.124822720347967,0.0,10.0,0.0018675646131687,0.0,0.0046680030441665,0.0065355676573352,0.0,Canada,CAN,quebec,,,Windows-11-10.0.26200-SP0,3.13.14,3.2.8,4,Intel(R) Core(TM) i5-6200U CPU @ 2.30GHz,0,,-71.2,46.8,7.897434234619141,machine,11.198357664233576,0,91.78412408759124,7.248616095586994,N,1.0,0.0
2026-10-07T14:52:51,codecarbon,cc8c5f8a-bbbf-4b03-a57b-ab84f9027170,5b0fa12a-3dd7-45bb-9766-cc326314d9f1,1687.1434621999942,2.594032313508068e-05,1.5375291856482153e-08,4.1161883569270765,0.0,10.0,0.001879641374817,0.0,0.0047086197699998,0.0065882611448168,0.0,Canada,CAN,quebec,,,Windows-11-10.0.26200-SP0,3.13.14,3.2.8,4,Intel(R) Core(TM) i5-6200U CPU @ 2.30GHz,0,,-71.2,46.8,7.897434234619141,machine,11.090421686746987,0,91.78204819277109,7.248446232439524,N,1.0,0.0
2026-10-07T14:53:07,codecarbon,cc8c5f8a-bbbf-4b03-a57b-ab84f9027170,5b0fa12a-3dd7-45bb-9766-cc326314d9f1,1702.8454095999914,2.6154018440425257e-05,1.535900927528647e-08,4.109427248798567,0.0,10.0,0.0018931541441849,0.0,0.0047493808224998,0.0066425349666848,0.0,Canada,CAN,quebec,,,Windows-11-10.0.26200-SP0,3.13.14,3.2.8,4,Intel(R) Core(TM) i5-6200U CPU @ 2.30GHz,0,,-71.2,46.8,7.897434234619141,machine,11.050805970149252,0,91.78662686567164,7.248811123976067,N,1.0,0.0
2026-10-07T14:53:22,codecarbon,cc8c5f8a-bbbf-4b03-a57b-ab84f9027170,5b0fa12a-3dd7-45bb-9766-cc326314d9f1,1718.4560413,2.635226534917496e-05,1.533484983953366e-08,4.092714186553713,0.0,10.0,0.0019029252940056,0.0,0.0047899599477777,0.0066928852417833,0.0,Canada,CAN,quebec,,,Windows-11-10.0.26200-SP0,3.13.14,3.2.8,4,Intel(R) Core(TM) i5-6200U CPU @ 2.30GHz,0,,-71.2,46.8,7.897434234619141,machine,11.005381431105851,0,91.7916617386162,7.249192274512094,N,1.0,0.0
2026-10-07T14:53:38,codecarbon,cc8c5f8a-bbbf-4b03-a57b-ab84f9027170,5b0fa12a-3dd7-45bb-9766-cc326314d9f1,1734.0773802999902,2.656018004508369e-05,1.5316606021634893e-08,4.082490305515528,0.0,10.0,0.0019151619266443,0.0,0.0048305289916665,0.0067456909183109,0.0,Canada,CAN,quebec,,,Windows-11-10.0.26200-SP0,3.13.14,3.2.8,4,Intel(R) Core(TM) i5-6200U CPU @ 2.30GHz,0,,-71.2,46.8,7.897434234619141,machine,10.908616647127785,0,91.79372801875734,7.249356715927929,N,1.0,0.0
2026-10-07T14:53:54,codecarbon,cc8c5f8a-bbbf-4b03-a57b-ab84f9027170,5b0fa12a-3dd7-45bb-9766-cc326314d9f1,1749.6740871999937,2.6793755420105632e-05,1.5313569319063142e-08,4.088937503828494,0.0,10.0,0.0019340145573867,0.0,0.0048709992752776,0.0068050138326644,0.0,Canada,CAN,quebec,,,Windows-11-10.0.26200-SP0,3.13.14,3.2.8,4,Intel(R) Core(TM) i5-6200U CPU @ 2.30GHz,0,,-71.2,46.8,7.897434234619141,machine,10.981475029036003,0,91.79192799070849,7.249217125319991,N,1.0,0.0
2026-10-07T14:54:09,codecarbon,cc8c5f8a-bbbf-4b03-a57b-ab84f9027170,5b0fa12a-3dd7-45bb-9766-cc326314d9f1,1765.2991047999967,2.702972451009009e-05,1.531169671847337e-08,4.094603470998464,0.0,10.0,0.0019533543489558,0.0,0.0049115903480554,0.0068649446970112,0.0,Canada,CAN,quebec,,,Windows-11-10.0.26200-SP0,3.13.14,3.2.8,4,Intel(R) Core(TM) i5-6200U CPU @ 2.30GHz,0,,-71.2,46.8,7.897434234619141,machine,10.944214162348876,0,91.79274611398964,7.249286939305826,N,1.0,0.0
2026-10-07T14:54:25,codecarbon,cc8c5f8a-bbbf-4b03-a57b-ab84f9027170,5b0fa12a-3dd7-45bb-9766-cc326314d9f1,1780.9193847999995,2.7237586224577657e-05,1.5294115195245903e-08,4.085303035360545,0.0,10.0,0.0019655632485556,0.0,0.0049521736688887,0.0069177369174443,0.0,Canada,CAN,quebec,,,Windows-11-10.0.26200-SP0,3.13.14,3.2.8,4,Intel(R) Core(TM) i5-6200U CPU @ 2.30GHz,0,,-71.2,46.8,7.897434234619141,machine,11.015459212778094,0,91.79669138619508,7.249608411424444,N,1.0,0.0
2026-10-07T14:54:41,codecarbon,cc8c5f8a-bbbf-4b03-a57b-ab84f9027170,5b0fa12a-3dd7-45bb-9766-cc326314d9f1,1796.517423799989,2.743877418012501e-05,1.5273313699394345e-08,4.072915700091706,0.0,10.0,0.0019761260761762,0.0,0.0049927080763887,0.0069688341525649,0.0,Canada,CAN,quebec,,,Windows-11-10.0.26200-SP0,3.13.14,3.2.8,4,Intel(R) Core(TM) i5-6200U CPU @ 2.30GHz,0,,-71.2,46.8,7.897434234619141,machine,10.92200226244344,0,91.76227375565612,7.246888158547932,N,1.0,0.0
2026-10-07T14:54:56,codecarbon,cc8c5f8a-bbbf-4b03-a57b-ab84f9027170,5b0fa12a-3dd7-45bb-9766-cc326314d9f1,1812.1110493000008,2.765080589590484e-05,1.5258891504792732e-08,4.068161320035419,0.0,10.0,0.0019894604129951,0.0,0.0050332250469443,0.0070226854599394,0.0,Canada,CAN,quebec,,,Windows-11-10.0.26200-SP0,3.13.14,3.2.8,4,Intel(R) Core(TM) i5-6200U CPU @ 2.30GHz,0,,-71.2,46.8,7.897434234619141,machine,10.880100896860986,0,91.72909192825112,7.244267664682705,N,1.0,0.0
2026-10-07T14:55:12,codecarbon,cc8c5f8a-bbbf-4b03-a57b-ab84f9027170,5b0fa12a-3dd7-45bb-9766-cc326314d9f1,1827.6704564999964,2.785860612317707e-05,1.5242685585959805e-08,4.062852661622397,0.0,10.0,0.0020018105831637,0.0,0.0050736514808331,0.0070754620639969,0.0,Canada,CAN,quebec,,,Windows-11-10.0.26200-SP0,3.13.14,3.2.8,4,Intel(R) Core(TM) i5-6200U CPU @ 2.30GHz,0,,-71.2,46.8,7.897434234619141,machine,10.900555864369093,0,91.70038910505836,7.241997999241115,N,1.0,0.0
2026-10-07T14:55:27,codecarbon,cc8c5f8a-bbbf-4b03-a57b-ab84f9027170,5b0fa12a-3dd7-45bb-9766-cc326314d9f1,1843.220582599999,2.8050774931601697e-05,1.5218349445747836e-08,4.04541342725352,0.0,10.0,0.0020102242799538,0.0,0.0051140443577776,0.0071242686377314,0.0,Canada,CAN,quebec,,,Windows-11-10.0.26200-SP0,3.13.14,3.2.8,4,Intel(R) Core(TM) i5-6200U CPU @ 2.30GHz,0,,-71.2,46.8,7.897434234619141,machine,10.851764057331865,0,91.67006615214994,7.239613689687576,N,1.0,0.0
2026-10-07T14:55:43,codecarbon,cc8c5f8a-bbbf-4b03-a57b-ab84f9027170,5b0fa12a-3dd7-45bb-9766-cc326314d9f1,1858.8134495999984,2.827569525497653e-05,1.5211690694976e-08,4.0418319287328295,0.0,10.0,0.0020268344664069,0.0,0.0051545588963887,0.0071813933627957,0.0,Canada,CAN,quebec,,,Windows-11-10.0.26200-SP0,3.13.14,3.2.8,4,Intel(R) Core(TM) i5-6200U CPU @ 2.30GHz,0,,-71.2,46.8,7.897434234619141,machine,10.866174863387975,0,91.64590163934426,7.237695802365496,N,1.0,0.0
2026-10-07T14:55:58,codecarbon,cc8c5f8a-bbbf-4b03-a57b-ab84f9027170,5b0fa12a-3dd7-45bb-9766-cc326314d9f1,1874.3887462999992,2.8472000636859263e-05,1.5190018982488208e-08,4.031069291519343,0.0,10.0,0.0020362323882727,0.0,0.0051950181452776,0.0072312505335503,0.0,Canada,CAN,quebec,,,Windows-11-10.0.26200-SP0,3.13.14,3.2.8,4,Intel(R) Core(TM) i5-6200U CPU @ 2.30GHz,0,,-71.2,46.8,7.897434234619141,machine,10.777831978319782,0,91.62243902439025,7.235844136059769,N,1.0,0.0
2026-10-07T14:56:14,codecarbon,cc8c5f8a-bbbf-4b03-a57b-ab84f9027170,5b0fa12a-3dd7-45bb-9766-cc326314d9f1,1890.0237779000013,2.8680551787135016e-05,1.517470421404003e-08,4.02151822285055,0.0,10.0,0.0020486478741228,0.0,0.0052355699811109,0.0072842178552338,0.0,Canada,CAN,quebec,,,Windows-11-10.0.26200-SP0,3.13.14,3.2.8,4,Intel(R) Core(TM) i5-6200U CPU @ 2.30GHz,0,,-71.2,46.8,7.897434234619141,machine,10.685169263836649,0,91.60134336378292,7.234175434553258,N,1.0,0.0
2026-10-07T14:56:30,codecarbon,cc8c5f8a-bbbf-4b03-a57b-ab84f9027170,5b0fa12a-3dd7-45bb-9766-cc326314d9f1,1905.6906825999904,2.8883345577651704e-05,1.5156366057394633e-08,4.007711287417589,0.0,10.0,0.0020594454364742,0.0,0.0052762774999998,0.0073357229364741,0.0,Canada,CAN,quebec,,,Windows-11-10.0.26200-SP0,3.13.14,3.2.8,4,Intel(R) Core(TM) i5-6200U CPU @ 2.30GHz,0,,-71.2,46.8,7.897434234619141,machine,10.599733475479743,0,91.5814498933902,7.232592017411677,N,1.0,0.0
2026-10-07T14:56:45,codecarbon,cc8c5f8a-bbbf-4b03-a57b-ab84f9027170,5b0fa12a-3dd7-45bb-9766-cc326314d9f1,1921.2676340999897,2.9085026987515497e-05,1.5138456751831072e-08,3.994909217896606,0.0,10.0,0.0020701879707181,0.0,0.005316757527222,0.0073869454979402,0.0,Canada,CAN,quebec,,,Windows-11-10.0.26200-SP0,3.13.14,3.2.8,4,Intel(R) Core(TM) i5-6200U CPU @ 2.30GHz,0,,-71.2,46.8,7.897434234619141,machine,10.562949260042284,0,91.55692389006344,7.230659013066685,N,1.0,0.0
2026-10-07T14:57:01,codecarbon,cc8c5f8a-bbbf-4b03-a57b-ab84f9027170,5b0fa12a-3dd7-45bb-9766-cc326314d9f1,1936.816916099997,2.929998785954964e-05,1.512790786573081e-08,3.986708305724382,0.0,10.0,0.0020843822679052,0.0,0.0053571584774998,0.007441540745405,0.0,Canada,CAN,quebec,,,Windows-11-10.0.26200-SP0,3.13.14,3.2.8,4,Intel(R) Core(TM) i5-6200U CPU @ 2.30GHz,0,,-71.2,46.8,7.897434234619141,machine,10.53230204509701,0,91.5327739905611,7.228752508298477,N,1.0,0.0
2026-10-07T14:57:16,codecarbon,cc8c5f8a-bbbf-4b03-a57b-ab84f9027170,5b0fa12a-3dd7-45bb-9766-cc326314d9f1,1952.3818930999987,2.9515704466779847e-05,1.5117792564606666e-08,4.011649152008751,0.0,10.0,0.0020987258799075,0.0,0.0053976020527775,0.0074963279326851,0.0,Canada,CAN,quebec,,,Windows-11-10.0.26200-SP0,3.13.14,3.2.8,4,Intel(R) Core(TM) i5-6200U CPU @ 2.30GHz,0,,-71.2,46.8,7.897434234619141,machine,10.4761186264308,0,91.5134235171696,7.227218171436258,N,1.0,0.0
2026-10-07T14:57:32,codecarbon,cc8c5f8a-bbbf-4b03-a57b-ab84f9027170,5b0fa12a-3dd7-45bb-9766-cc326314d9f1,1967.9453625000024,2.9871411029597056e-05,1.517898392852206e-08,3.996051382649308,0.0,10.0390625,0.0021083565505648,0.0,0.0054783128830553,0.0075866694336202,0.0,Canada,CAN,quebec,,,Windows-11-10.0.26200-SP0,3.13.14,3.2.8,4,Intel(R) Core(TM) i5-6200U CPU @ 2.30GHz,0,,-71.2,46.8,7.897434234619141,machine,10.544427244582042,0,91.4860165118679,7.22506051905015,N,1.0,0.0
2026-10-07T14:57:48,codecarbon,cc8c5f8a-bbbf-4b03-a57b-ab84f9027170,5b0fa12a-3dd7-45bb-9766-cc326314d9f1,1983.5264884999924,3.0266126963536907e-05,1.5258746046000698e-08,3.9683864776877567,0.0,10.0,0.0021277850334311,0.0,0.0055591334077775,0.0076869184412087,0.0,Canada,CAN,quebec,,,Windows-11-10.0.26200-SP0,3.13.14,3.2.8,4,Intel(R) Core(TM) i5-6200U CPU @ 2.30GHz,0,,-71.2,46.8,7.897434234619141,machine,10.463440860215051,0,91.45832053251408,7.222877227033155,N,1.0,0.0
2026-10-07T14:58:03,codecarbon,cc8c5f8a-bbbf-4b03-a57b-ab84f9027170,5b0fa12a-3dd7-45bb-9766-cc326314d9f1,1999.180570700002,3.090529141278816e-05,1.545897947675974e-08,4.012167425278272,0.0,10.0,0.0022081619106145,0.0,0.0056410899866664,0.007849251897281,0.0,Canada,CAN,quebec,,,Windows-11-10.0.26200-SP0,3.13.14,3.2.8,4,Intel(R) Core(TM) i5-6200U CPU @ 2.30GHz,0,,-71.2,46.8,7.897434234619141,machine,10.383689024390245,0,91.43236788617884,7.220816701408324,N,1.0,0.0
2026-10-07T14:58:19,codecarbon,cc8c5f8a-bbbf-4b03-a57b-ab84f9027170,5b0fa12a-3dd7-45bb-9766-cc326314d9f1,2014.779431100004,3.116387457635028e-05,1.5467635858946518e-08,4.0141392637049815,0.0,10.0,0.0022333183582097,0.0,0.0056816078716665,0.0079149262298762,0.0,Canada,CAN,quebec,,,Windows-11-10.0.26200-SP0,3.13.14,3.2.8,4,Intel(R) Core(TM) i5-6200U CPU @ 2.30GHz,0,,-71.2,46.8,7.897434234619141,machine,10.55196572580645,0,91.41199596774192,7.219201897421191,N,1.0,0.0
2026-10-07T14:58:34,codecarbon,cc8c5f8a-bbbf-4b03-a57b-ab84f9027170,5b0fa12a-3dd7-45bb-9766-cc326314d9f1,2030.3434590999968,3.138809070340967e-05,1.5459498028635642e-08,4.007131359911925,0.0,10.0,0.002249825140958,0.0,0.0057220469638887,0.0079718721048468,0.0,Canada,CAN,quebec,,,Windows-11-10.0.26200-SP0,3.13.14,3.2.8,4,Intel(R) Core(TM) i5-6200U CPU @ 2.30GHz,0,,-71.2,46.8,7.897434234619141,machine,10.622861430715355,0,91.38519259629815,7.217088608696438,N,1.0,0.0
2026-10-07T14:58:50,codecarbon,cc8c5f8a-bbbf-4b03-a57b-ab84f9027170,5b0fa12a-3dd7-45bb-9766-cc326314d9f1,2045.9073533999908,3.1592767614910104e-05,1.544193463228316e-08,4.005635500502206,0.0,10.0,0.0022613960333114,0.0,0.0057624594233331,0.0080238554566445,0.0,Canada,CAN,quebec,,,Windows-11-10.0.26200-SP0,3.13.14,3.2.8,4,Intel(R) Core(TM) i5-6200U CPU @ 2.30GHz,0,,-71.2,46.8,7.897434234619141,machine,10.637766749379653,0,91.35300248138957,7.214544170370173,N,1.0,0.0
2026-10-07T14:59:05,codecarbon,cc8c5f8a-bbbf-4b03-a57b-ab84f9027170,5b0fa12a-3dd7-45bb-9766-cc326314d9f1,2061.490281599996,3.180042337667443e-05,1.5425939021159484e-08,3.998990357915544,0.0,10.0,0.002273642892754,0.0,0.0058029524769442,0.0080765953696983,0.0,Canada,CAN,quebec,,,Windows-11-10.0.26200-SP0,3.13.14,3.2.8,4,Intel(R) Core(TM) i5-6200U CPU @ 2.30GHz,0,,-71.2,46.8,7.897434234619141,machine,10.608423645320196,0,91.3292118226601,7.21265884549747,N,1.0,0.0
2026-10-07T14:59:21,codecarbon,cc8c5f8a-bbbf-4b03-a57b-ab84f9027170,5b0fa12a-3dd7-45bb-9766-cc326314d9f1,2077.045510900003,3.2006175104738304e-05,1.5409472222334566e-08,3.9930349076140814,0.0,10.0,0.0022854902336107,0.0,0.005843361467222,0.0081288517008327,0.0,Canada,CAN,quebec,,,Windows-11-10.0.26200-SP0,3.13.14,3.2.8,4,Intel(R) Core(TM) i5-6200U CPU @ 2.30GHz,0,,-71.2,46.8,7.897434234619141,machine,10.579511002444988,0,91.30239608801956,7.210540708061536,N,1.0,0.0
2026-10-07T14:59:37,codecarbon,cc8c5f8a-bbbf-4b03-a57b-ab84f9027170,5b0fa12a-3dd7-45bb-9766-cc326314d9f1,2092.634663399993,3.222104721964441e-05,1.539735902457694e-08,3.991437422488,0.0,10.0,0.0022996462856972,0.0,0.0058837781202776,0.0081834244059748,0.0,Canada,CAN,quebec,,,Windows-11-10.0.26200-SP0,3.13.14,3.2.8,4,Intel(R) Core(TM) i5-6200U CPU @ 2.30GHz,0,,-71.2,46.8,7.897434234619141,machine,10.545900048520137,0,91.26055312954875,7.207236358923915,N,1.0,0.0
2026-10-07T14:59:52,codecarbon,cc8c5f8a-bbbf-4b03-a57b-ab84f9027170,5b0fa12a-3dd7-45bb-9766-cc326314d9f1,2108.2395704999944,3.243090471189716e-05,1.5382931411445702e-08,3.9857385703541777,0.0,10.0,0.0023126454864874,0.0,0.0059240780227776,0.008236723509265,0.0,Canada,CAN,quebec,,,Windows-11-10.0.26200-SP0,3.13.14,3.2.8,4,Intel(R) Core(TM) i5-6200U CPU @ 2.30GHz,0,,-71.2,46.8,7.897434234619141,machine,10.469701348747591,0,91.20621387283238,7.20294829462305,N,1.0,0.0
2026-10-07T15:00:08,codecarbon,cc8c5f8a-bbbf-4b03-a57b-ab84f9027170,5b0fa12a-3dd7-45bb-9766-cc326314d9f1,2123.9445703999954,3.266647747342727e-05,1.5380098863538282e-08,3.993486029670974,0.0,10.0,0.0023316490956159,0.0,0.0059649046194442,0.0082965537150602,0.0,Canada,CAN,quebec,,,Windows-11-10.0.26200-SP0,3.13.14,3.2.8,4,Intel(R) Core(TM) i5-6200U CPU @ 2.30GHz,0,,-71.2,46.8,7.897434234619141,machine,10.485229445506691,0,91.15162523900574,7.19863372824616,N,1.0,0.0
2026-10-07T15:00:23,codecarbon,cc8c5f8a-bbbf-4b03-a57b-ab84f9027170,5b0fa12a-3dd7-45bb-9766-cc326314d9f1,2139.5006529999955,3.2884978049498594e-05,1.5370398697185473e-08,3.991490028702288,0.0,10.0,0.0023469123222459,0.0,0.0060051356458331,0.0083520479680791,0.0,Canada,CAN,quebec,,,Windows-11-10.0.26200-SP0,3.13.14,3.2.8,4,Intel(R) Core(TM) i5-6200U CPU @ 2.30GHz,0,,-71.2,46.8,7.897434234619141,machine,10.505505457997153,0,91.10204081632654,7.194717979340628,N,1.0,0.0
2026-10-07T15:00:39,codecarbon,cc8c5f8a-bbbf-4b03-a57b-ab84f9027170,5b0fa12a-3dd7-45bb-9766-cc326314d9f1,2155.069323000004,3.311115660822882e-05,1.5364311604666077e-08,3.992163304785419,0.0,10.0,0.0023639285945235,0.0,0.006045563662222,0.0084094922567456,0.0,Canada,CAN,quebec,,,Windows-11-10.0.26200-SP0,3.13.14,3.2.8,4,Intel(R) Core(TM) i5-6200U CPU @ 2.30GHz,0,,-71.2,46.8,7.897434234619141,machine,10.47836946277097,0,91.05518378887842,7.191012417562271,N,1.0,0.0
2026-10-07T15:00:55,codecarbon,cc8c5f8a-bbbf-4b03-a57b-ab84f9027170,5b0fa12a-3dd7-45bb-9766-cc326314d9f1,2170.6392137999937,3.3326492689315526e-05,1.5353308130360853e-08,3.9895164584517326,0.0,10.0,0.002378200656685,0.0,0.006085982142222,0.008464182798907,0.0,Canada,CAN,quebec,,,Windows-11-10.0.26200-SP0,3.13.14,3.2.8,4,Intel(R) Core(TM) i5-6200U CPU @ 2.30GHz,0,,-71.2,46.8,7.897434234619141,machine,10.493498596819457,0,91.01122544434052,7.187542475529984,N,1.0,0.0
2026-10-07T15:01:10,codecarbon,cc8c5f8a-bbbf-4b03-a57b-ab84f9027170,5b0fa12a-3dd7-45bb-9766-cc326314d9f1,2186.3157033000025,3.3602873330012984e-05,1.5369634531414264e-08,4.012383054334308,0.0,10.0,0.0024076922568439,0.0,0.0061266850352775,0.0085343772921215,0.0,Canada,CAN,quebec,,,Windows-11-10.0.26200-SP0,3.13.14,3.2.8,4,Intel(R) Core(TM) i5-6200U CPU @ 2.30GHz,0,,-71.2,46.8,7.897434234619141,machine,10.60617742684626,0,90.97440780306547,7.18463961312896,N,1.0,0.0
2026-10-07T15:01:26,codecarbon,cc8c5f8a-bbbf-4b03-a57b-ab84f9027170,5b0fa12a-3dd7-45bb-9766-cc326314d9f1,2201.9263610999915,3.382218379660995e-05,1.5360270168033135e-08,4.010734017645568,0.0,10.0,0.0024228472036411,0.0,0.0061672300355554,0.0085900772391965,0.0,Canada,CAN,quebec,,,Windows-11-10.0.26200-SP0,3.13.14,3.2.8,4,Intel(R) Core(TM) i5-6200U CPU @ 2.30GHz,0,,-71.2,46.8,7.897434234619141,machine,10.62014753342554,0,90.93937298294144,7.181877818619837,N,1.0,0.0
2026-10-07T15:01:42,codecarbon,cc8c5f8a-bbbf-4b03-a57b-ab84f9027170,5b0fa12a-3dd7-45bb-9766-cc326314d9f1,2217.554887899998,3.4081038516044176e-05,1.536874631694847e-08,4.022248293386775,0.0,10.0,0.0024479865622908,0.0,0.0062078339786109,0.0086558205409017,0.0,Canada,CAN,quebec,,,Windows-11-10.0.26200-SP0,3.13.14,3.2.8,4,Intel(R) Core(TM) i5-6200U CPU @ 2.30GHz,0,,-71.2,46.8,7.897434234619141,machine,10.592994505494504,0,90.90425824175824,7.1791126893990205,N,1.0,0.0
2026-10-07T15:01:57,codecarbon,cc8c5f8a-bbbf-4b03-a57b-ab84f9027170,5b0fa12a-3dd7-45bb-9766-cc326314d9f1,2233.1113120999944,3.42970175435148e-05,1.5358400343806527e-08,4.018738449856335,0.0,10.0,0.0024624800653794,0.0,0.0062481943116665,0.008710674377046,0.0,Canada,CAN,quebec,,,Windows-11-10.0.26200-SP0,3.13.14,3.2.8,4,Intel(R) Core(TM) i5-6200U CPU @ 2.30GHz,0,,-71.2,46.8,7.897434234619141,machine,10.606863636363636,0,90.86177272727272,7.175757687308572,N,1.0,0.0
2026-10-07T15:02:13,codecarbon,cc8c5f8a-bbbf-4b03-a57b-ab84f9027170,5b0fa12a-3dd7-45bb-9766-cc326314d9f1,2248.6983897000027,3.455270414349914e-05,1.5365646323119746e-08,4.034374328799372,0.0,10.0,0.0024869092148608,0.0,0.0062887038324999,0.0087756130473607,0.0,Canada,CAN,quebec,,,Windows-11-10.0.26200-SP0,3.13.14,3.2.8,4,Intel(R) Core(TM) i5-6200U CPU @ 2.30GHz,0,,-71.2,46.8,7.897434234619141,machine,10.58018058690745,0,90.82460496613996,7.17281757294459,N,1.0,0.0
2026-10-07T15:02:28,codecarbon,cc8c5f8a-bbbf-4b03-a57b-ab84f9027170,5b0fa12a-3dd7-45bb-9766-cc326314d9f1,2264.266723599998,3.481446428206384e-05,1.5375602140507414e-08,4.046823047992682,0.0,10.0,0.0025129591576808,0.0,0.0063291351027776,0.0088420942604585,0.0,Canada,CAN,quebec,,,Windows-11-10.0.26200-SP0,3.13.14,3.2.8,4,Intel(R) Core(TM) i5-6200U CPU @ 2.30GHz,0,,-71.2,46.8,7.897434234619141,machine,10.638771851187808,0,90.78709099058716,7.169859791699678,N,1.0,0.0
2026-10-07T15:02:44,codecarbon,cc8c5f8a-bbbf-4b03-a57b-ab84f9027170,5b0fa12a-3dd7-45bb-9766-cc326314d9f1,2279.8222928999894,3.502542311653244e-05,1.5363225118734692e-08,4.040511902325812,0.0,10.0,0.0025261395477849,0.0,0.006369533532222,0.008895673080007,0.0,Canada,CAN,quebec,,,Windows-11-10.0.26200-SP0,3.13.14,3.2.8,4,Intel(R) Core(TM) i5-6200U CPU @ 2.30GHz,0,,-71.2,46.8,7.897434234619141,machine,10.656767586821015,0,90.75271593944792,7.167147227938645,N,1.0,0.0
2026-10-07T15:03:00,codecarbon,cc8c5f8a-bbbf-4b03-a57b-ab84f9027170,5b0fa12a-3dd7-45bb-9766-cc326314d9f1,2295.521957399993,3.5298817572821746e-05,1.537725111233643e-08,4.051999740741777,0.0,10.0,0.002554838060924,0.0,0.0064102710883331,0.0089651091492572,0.0,Canada,CAN,quebec,,,Windows-11-10.0.26200-SP0,3.13.14,3.2.8,4,Intel(R) Core(TM) i5-6200U CPU @ 2.30GHz,0,,-71.2,46.8,7.897434234619141,machine,10.674524546660768,0,90.71662980981866,7.164300315414894,N,1.0,0.0
2026-10-07T15:03:15,codecarbon,cc8c5f8a-bbbf-4b03-a57b-ab84f9027170,5b0fa12a-3dd7-45bb-9766-cc326314d9f1,2311.091352799994,3.556287873838471e-05,1.5387915624927e-08,4.072304237021139,0.0,10.0,0.0025814465189035,0.0,0.0064507282527776,0.0090321747716812,0.0,Canada,CAN,quebec,,,Windows-11-10.0.26200-SP0,3.13.14,3.2.8,4,Intel(R) Core(TM) i5-6200U CPU @ 2.30GHz,0,,-71.2,46.8,7.897434234619141,machine,10.59951690821256,0,90.68151075977164,7.16152500760728,N,1.0,0.0
2026-10-07T15:03:31,codecarbon,cc8c5f8a-bbbf-4b03-a57b-ab84f9027170,5b0fa12a-3dd7-45bb-9766-cc326314d9f1,2326.7532963999984,3.578298979136753e-05,1.5378935896096815e-08,4.073171824188491,0.0,10.0,0.0025966487192136,0.0,0.0064914293305554,0.0090880780497691,0.0,Canada,CAN,quebec,,,Windows-11-10.0.26200-SP0,3.13.14,3.2.8,4,Intel(R) Core(TM) i5-6200U CPU @ 2.30GHz,0,,-71.2,46.8,7.897434234619141,machine,10.61740837696335,0,90.6479057591623,7.158870365815221,N,1.0,0.0
2026-10-07T15:03:46,codecarbon,cc8c5f8a-bbbf-4b03-a57b-ab84f9027170,5b0fa12a-3dd7-45bb-9766-cc326314d9f1,2342.43535829999,3.599957873640514e-05,1.5368440631177818e-08,4.066186462151189,0.0,10.0,0.0026109426954831,0.0,0.0065321440958331,0.0091430867913163,0.0,Canada,CAN,quebec,,,Windows-11-10.0.26200-SP0,3.13.14,3.2.8,4,Intel(R) Core(TM) i5-6200U CPU @ 2.30GHz,0,,-71.2,46.8,7.897434234619141,machine,10.58713171577123,0,90.61373483535527,7.156169841772969,N,1.0,0.0
2026-10-07T15:04:02,codecarbon,cc8c5f8a-bbbf-4b03-a57b-ab84f9027170,5b0fa12a-3dd7-45bb-9766-cc326314d9f1,2358.0480616999994,3.624262080526299e-05,1.536975492311824e-08,4.06929222422382,0.0,10.0,0.0026320972163983,0.0,0.0065727168174998,0.0092048140338982,0.0,Canada,CAN,quebec,,,Windows-11-10.0.26200-SP0,3.13.14,3.2.8,4,Intel(R) Core(TM) i5-6200U CPU @ 2.30GHz,0,,-71.2,46.8,7.897434234619141,machine,10.51876883340508,0,90.5830822212656,7.153755278306124,N,1.0,0.0
2026-10-07T15:04:18,codecarbon,cc8c5f8a-bbbf-4b03-a57b-ab84f9027170,5b0fa12a-3dd7-45bb-9766-cc326314d9f1,2373.750086699991,3.661507525789248e-05,1.5424991646359494e-08,4.05568255730734,0.0,10.0,0.0026455845640559,0.0,0.006653824559722,0.009299409123778,0.0,Canada,CAN,quebec,,,Windows-11-10.0.26200-SP0,3.13.14,3.2.8,4,Intel(R) Core(TM) i5-6200U CPU @ 2.30GHz,0,,-71.2,46.8,7.897434234619141,machine,10.575074818298418,0,90.5480974775545,7.150998510627372,N,1.0,0.0
2026-10-07T15:04:33,codecarbon,cc8c5f8a-bbbf-4b03-a57b-ab84f9027170,5b0fa12a-3dd7-45bb-9766-cc326314d9f1,2389.3262785999977,3.687627555761448e-05,1.5433754647867422e-08,4.062877020776924,0.0,10.0,0.0026715974792363,0.0,0.0066941506711109,0.0093657481503472,0.0,Canada,CAN,quebec,,,Windows-11-10.0.26200-SP0,3.13.14,3.2.8,4,Intel(R) Core(TM) i5-6200U CPU @ 2.30GHz,0,,-71.2,46.8,7.897434234619141,machine,10.635131690739168,0,90.51703483432456,7.148539236063864,N,1.0,0.0
2026-10-07T15:04:49,codecarbon,cc8c5f8a-bbbf-4b03-a57b-ab84f9027170,5b0fa12a-3dd7-45bb-9766-cc326314d9f1,2404.9938362999965,3.711161979527691e-05,1.54310664897054e-08,4.082702883995543,0.0,10.0,0.0026906690764757,0.0,0.006734851239722,0.0094255203161978,0.0,Canada,CAN,quebec,,,Windows-11-10.0.26200-SP0,3.13.14,3.2.8,4,Intel(R) Core(TM) i5-6200U CPU @ 2.30GHz,0,,-71.2,46.8,7.897434234619141,machine,10.73210970464135,0,90.47801687763712,7.145459459200187,N,1.0,0.0
2026-10-07T15:05:05,codecarbon,cc8c5f8a-bbbf-4b03-a57b-ab84f9027170,5b0fa12a-3dd7-45bb-9766-cc326314d9f1,2420.568584099994,3.736941879537615e-05,1.5438281336395468e-08,4.093594493412614,0.0,10.0,0.0027156735671682,0.0,0.0067753219216664,0.0094909954888347,0.0,Canada,CAN,quebec,,,Windows-11-10.0.26200-SP0,3.13.14,3.2.8,4,Intel(R) Core(TM) i5-6200U CPU @ 2.30GHz,0,,-71.2,46.8,7.897434234619141,machine,10.832327044025156,0,90.44507337526206,7.142856377175769,N,1.0,0.0
2026-10-07T15:05:20,codecarbon,cc8c5f8a-bbbf-4b03-a57b-ab84f9027170,5b0fa12a-3dd7-45bb-9766-cc326314d9f1,2436.1509816000034,3.760447138251566e-05,1.5436018402200167e-08,4.107778611269408,0.0,10.0,0.0027349157647619,0.0,0.006815777817222,0.009550693581984,0.0,Canada,CAN,quebec,,,Windows-11-10.0.26200-SP0,3.13.14,3.2.8,4,Intel(R) Core(TM) i5-6200U CPU @ 2.30GHz,0,,-71.2,46.8,7.897434234619141,machine,10.760141607663472,0,90.40349854227404,7.139570238589248,N,1.0,0.0
2026-10-07T15:05:36,codecarbon,cc8c5f8a-bbbf-4b03-a57b-ab84f9027170,5b0fa12a-3dd7-45bb-9766-cc326314d9f1,2451.799437599999,3.78362025123669e-05,1.543201370068171e-08,4.109276160057238,0.0,10.0,0.0027531296054771,0.0,0.0068564184938886,0.0096095480993658,0.0,Canada,CAN,quebec,,,Windows-11-10.0.26200-SP0,3.13.14,3.2.8,4,Intel(R) Core(TM) i5-6200U CPU @ 2.30GHz,0,,-71.2,46.8,7.897434234619141,machine,10.776117549668871,0,90.36692880794702,7.136679856192987,N,1.0,0.0
2026-10-07T15:05:51,codecarbon,cc8c5f8a-bbbf-4b03-a57b-ab84f9027170,5b0fa12a-3dd7-45bb-9766-cc326314d9f1,2467.3787569999986,3.805427802711651e-05,1.5422957630301318e-08,4.101898224800361,0.0,10.0,0.0027680454635506,0.0,0.0068968889327775,0.0096649343963282,0.0,Canada,CAN,quebec,,,Windows-11-10.0.26200-SP0,3.13.14,3.2.8,4,Intel(R) Core(TM) i5-6200U CPU @ 2.30GHz,0,,-71.2,46.8,7.897434234619141,machine,10.746340460526316,0,90.33190789473684,7.133910723422703,N,1.0,0.0
2026-10-07T15:06:07,codecarbon,cc8c5f8a-bbbf-4b03-a57b-ab84f9027170,5b0fa12a-3dd7-45bb-9766-cc326314d9f1,2482.9439045999898,3.828919014150785e-05,1.542088408464321e-08,4.10015678667019,0.0,10.0,0.0027872642825455,0.0,0.0069373325299997,0.0097245968125453,0.0,Canada,CAN,quebec,,,Windows-11-10.0.26200-SP0,3.13.14,3.2.8,4,Intel(R) Core(TM) i5-6200U CPU @ 2.30GHz,0,,-71.2,46.8,7.897434234619141,machine,10.803064977523498,0,90.29971393543114,7.131364009406648,N,1.0,0.0
2026-10-07T15:06:23,codecarbon,cc8c5f8a-bbbf-4b03-a57b-ab84f9027170,5b0fa12a-3dd7-45bb-9766-cc326314d9f1,2498.5206684000004,3.847659993871101e-05,1.5399752511693493e-08,4.086119866716998,0.0,10.0,0.0027943882145631,0.0,0.0069778064894441,0.0097721947040072,0.0,Canada,CAN,quebec,,,Windows-11-10.0.26200-SP0,3.13.14,3.2.8,4,Intel(R) Core(TM) i5-6200U CPU @ 2.30GHz,0,,-71.2,46.8,7.897434234619141,machine,10.737246141348496,0,90.26441917140536,7.128576154732103,N,1.0,0.0
2026-10-07T15:06:38,codecarbon,cc8c5f8a-bbbf-4b03-a57b-ab84f9027170,5b0fa12a-3dd7-45bb-9766-cc326314d9f1,2514.0836221999925,3.868786219597921e-05,1.53884548049061e-08,4.081446097025423,0.0,10.0,0.0028076281672632,0.0,0.0070182224188885,0.0098258505861518,0.0,Canada,CAN,quebec,,,Windows-11-10.0.26200-SP0,3.13.14,3.2.8,4,Intel(R) Core(TM) i5-6200U CPU @ 2.30GHz,0,,-71.2,46.8,7.897434234619141,machine,10.708272800645682,0,90.23038740920096,7.125893062502266,N,1.0,0.0
2026-10-07T15:06:54,codecarbon,cc8c5f8a-bbbf-4b03-a57b-ab84f9027170,5b0fa12a-3dd7-45bb-9766-cc326314d9f1,2529.6665350999974,3.887940932651103e-05,1.5369381215684273e-08,4.069169093900442,0.0,10.0,0.0028157972456798,0.0,0.0070587020219441,0.0098744992676239,0.0,Canada,CAN,quebec,,,Windows-11-10.0.26200-SP0,3.13.14,3.2.8,4,Intel(R) Core(TM) i5-6200U CPU @ 2.30GHz,0,,-71.2,46.8,7.897434234619141,machine,10.68395507420778,0,90.19739269955876,7.12329304003113,N,1.0,0.0
2026-10-07T15:07:09,codecarbon,cc8c5f8a-bbbf-4b03-a57b-ab84f9027170,5b0fa12a-3dd7-45bb-9766-cc326314d9f1,2545.2415782000026,3.907534339875412e-05,1.53523122258549e-08,4.058065186831163,0.0,10.0,0.0028250974609903,0.0,0.0070991646730552,0.0099242621340456,0.0,Canada,CAN,quebec,,,Windows-11-10.0.26200-SP0,3.13.14,3.2.8,4,Intel(R) Core(TM) i5-6200U CPU @ 2.30GHz,0,,-71.2,46.8,7.897434234619141,machine,10.655679553607014,0,90.163053009167,7.120581231966775,N,1.0,0.0
2026-10-07T15:07:25,codecarbon,cc8c5f8a-bbbf-4b03-a57b-ab84f9027170,5b0fa12a-3dd7-45bb-9766-cc326314d9f1,2560.814644999992,3.929362260046385e-05,1.5344188489856126e-08,4.054909584368476,0.0,10.0,0.0028400731101569,0.0,0.0071396270527774,0.0099797001629343,0.0,Canada,CAN,quebec,,,Windows-11-10.0.26200-SP0,3.13.14,3.2.8,4,Intel(R) Core(TM) i5-6200U CPU @ 2.30GHz,0,,-71.2,46.8,7.897434234619141,machine,10.703288431061804,0,90.13125990491284,7.118062128166767,N,1.0,0.0
2026-10-07T15:07:40,codecarbon,cc8c5f8a-bbbf-4b03-a57b-ab84f9027170,5b0fa12a-3dd7-45bb-9766-cc326314d9f1,2576.463615399989,3.949011960886086e-05,1.5327256854248306e-08,4.04435762088414,0.0,10.0,0.0028493201614214,0.0,0.0071802858411107,0.0100296060025321,0.0,Canada,CAN,quebec,,,Windows-11-10.0.26200-SP0,3.13.14,3.2.8,4,Intel(R) Core(TM) i5-6200U CPU @ 2.30GHz,0,,-71.2,46.8,7.897434234619141,machine,10.635866141732285,0,90.09826771653545,7.115456013416681,N,1.0,0.0
2026-10-07T15:07:56,codecarbon,cc8c5f8a-bbbf-4b03-a57b-ab84f9027170,5b0fa12a-3dd7-45bb-9766-cc326314d9f1,2592.0301549,3.96978995326353e-05,1.5315369482716083e-08,4.038038315058273,0.0,10.0,0.0028616436810673,0.0,0.0072207337688885,0.0100823774499558,0.0,Canada,CAN,quebec,,,Windows-11-10.0.26200-SP0,3.13.14,3.2.8,4,Intel(R) Core(TM) i5-6200U CPU @ 2.30GHz,0,,-71.2,46.8,7.897434234619141,machine,10.651702544031313,0,90.07052837573386,7.113266409259953,N,1.0,0.0
2026-10-07T15:08:12,codecarbon,cc8c5f8a-bbbf-4b03-a57b-ab84f9027170,5b0fa12a-3dd7-45bb-9766-cc326314d9f1,2607.6279825999954,3.9955907263602434e-05,1.5322702291207765e-08,4.04906030078679,0.0,10.0,0.0028866421736146,0.0,0.007261263461944,0.0101479056355586,0.0,Canada,CAN,quebec,,,Windows-11-10.0.26200-SP0,3.13.14,3.2.8,4,Intel(R) Core(TM) i5-6200U CPU @ 2.30GHz,0,,-71.2,46.8,7.897434234619141,machine,10.628443579766536,0,90.04315175097275,7.111106789436786,N,1.0,0.0
2026-10-07T15:08:27,codecarbon,cc8c5f8a-bbbf-4b03-a57b-ab84f9027170,5b0fa12a-3dd7-45bb-9766-cc326314d9f1,2623.1963721999928,4.017019059313295e-05,1.531345156574895e-08,4.046460424664572,0.0,10.0,0.0029006199362903,0.0,0.0073017088661107,0.0102023288024011,0.0,Canada,CAN,quebec,,,Windows-11-10.0.26200-SP0,3.13.14,3.2.8,4,Intel(R) Core(TM) i5-6200U CPU @ 2.30GHz,0,,-71.2,46.8,7.897434234619141,machine,10.71736272235112,0,90.01589327146172,7.108957725814029,N,1.0,0.0
2026-10-07T15:08:43,codecarbon,cc8c5f8a-bbbf-4b03-a57b-ab84f9027170,5b0fa12a-3dd7-45bb-9766-cc326314d9f1,2638.8270452,4.039828585905201e-05,1.5309182893413226e-08,4.045358496969508,0.0,10.0,0.0029179347312138,0.0,0.0073423251605552,0.010260259891769,0.0,Canada,CAN,quebec,,,Windows-11-10.0.26200-SP0,3.13.14,3.2.8,4,Intel(R) Core(TM) i5-6200U CPU @ 2.30GHz,0,,-71.2,46.8,7.897434234619141,machine,10.732449058054591,0,89.98823529411764,7.106771441983608,N,1.0,0.0
2026-10-07T15:08:59,codecarbon,cc8c5f8a-bbbf-4b03-a57b-ab84f9027170,5b0fa12a-3dd7-45bb-9766-cc326314d9f1,2654.738148999997,4.063485867083186e-05,1.5306541131425128e-08,4.052296056103355,0.0,10.0,0.0029369834082097,0.0,0.0073833606797218,0.0103203440879316,0.0,Canada,CAN,quebec,,,Windows-11-10.0.26200-SP0,3.13.14,3.2.8,4,Intel(R) Core(TM) i5-6200U CPU @ 2.30GHz,0,,-71.2,46.8,7.897434234619141,machine,10.743255636224683,0,89.95842567825756,7.104412715855016,N,1.0,0.0
2026-10-07T15:09:14,codecarbon,cc8c5f8a-bbbf-4b03-a57b-ab84f9027170,5b0fa12a-3dd7-45bb-9766-cc326314d9f1,2670.3382966999925,4.0852721214564566e-05,1.5298706259446757e-08,4.047989779492284,0.0,10.0,0.0029517863686367,0.0,0.0074238899263885,0.0103756762950252,0.0,Canada,CAN,quebec,,,Windows-11-10.0.26200-SP0,3.13.14,3.2.8,4,Intel(R) Core(TM) i5-6200U CPU @ 2.30GHz,0,,-71.2,46.8,7.897434234619141,machine,10.677971895176604,0,89.92894037219901,7.102083198208343,N,1.0,0.0
2026-10-07T15:09:30,codecarbon,cc8c5f8a-bbbf-4b03-a57b-ab84f9027170,5b0fa12a-3dd7-45bb-9766-cc326314d9f1,2685.9679199999955,4.10595378255593e-05,1.5286682137871316e-08,4.040613220973894,0.0,10.0,0.0029636888161876,0.0,0.0074645142663885,0.0104282030825762,0.0,Canada,CAN,quebec,,,Windows-11-10.0.26200-SP0,3.13.14,3.2.8,4,Intel(R) Core(TM) i5-6200U CPU @ 2.30GHz,0,,-71.2,46.8,7.897434234619141,machine,10.65524924471299,0,89.90513595166162,7.100203985173897,N,1.0,0.0
2026-10-07T15:09:46,codecarbon,cc8c5f8a-bbbf-4b03-a57b-ab84f9027170,5b0fa12a-3dd7-45bb-9766-cc326314d9f1,2701.5346514999983,4.127006619108236e-05,1.5276526683885987e-08,4.033073427243383,0.0,10.0,0.0029767294198754,0.0,0.0075049431527774,0.0104816725726528,0.0,Canada,CAN,quebec,,,Windows-11-10.0.26200-SP0,3.13.14,3.2.8,4,Intel(R) Core(TM) i5-6200U CPU @ 2.30GHz,0,,-71.2,46.8,7.897434234619141,machine,10.670334209538114,0,89.87604205782951,7.097907015850255,N,1.0,0.0
2026-10-07T15:10:01,codecarbon,cc8c5f8a-bbbf-4b03-a57b-ab84f9027170,5b0fa12a-3dd7-45bb-9766-cc326314d9f1,2717.1300907999976,4.14897331458456e-05,1.526968962079761e-08,4.026176872863679,0.0,10.0,0.0029919897875166,0.0,0.0075454732722219,0.0105374630597386,0.0,Canada,CAN,quebec,,,Windows-11-10.0.26200-SP0,3.13.14,3.2.8,4,Intel(R) Core(TM) i5-6200U CPU @ 2.30GHz,0,,-71.2,46.8,7.897434234619141,machine,10.643934303844718,0,89.84296379245987,7.09529057666854,N,1.0,0.0
2026-10-07T15:10:17,codecarbon,cc8c5f8a-bbbf-4b03-a57b-ab84f9027170,5b0fa12a-3dd7-45bb-9766-cc326314d9f1,2732.7198250999936,4.1795894832842944e-05,1.529461397723551e-08,4.053929599543818,0.0,10.0,0.0030292334859359,0.0,0.007585987785833,0.010615221271769,0.0,Canada,CAN,quebec,,,Windows-11-10.0.26200-SP0,3.13.14,3.2.8,4,Intel(R) Core(TM) i5-6200U CPU @ 2.30GHz,0,,-71.2,46.8,7.897434234619141,machine,10.733147735708982,0,89.81703786191537,7.093243196086699,N,1.0,0.0
2026-10-07T15:10:32,codecarbon,cc8c5f8a-bbbf-4b03-a57b-ab84f9027170,5b0fa12a-3dd7-45bb-9766-cc326314d9f1,2748.282061099992,4.206525901577404e-05,1.5306019571709296e-08,4.076679075201483,0.0,10.0,0.0030572060037885,0.0,0.0076264277380553,0.0106836337418439,0.0,Canada,CAN,quebec,,,Windows-11-10.0.26200-SP0,3.13.14,3.2.8,4,Intel(R) Core(TM) i5-6200U CPU @ 2.30GHz,0,,-71.2,46.8,7.897434234619141,machine,10.706678966789667,0,89.79741697416974,7.091697450757467,N,1.0,0.0
2026-10-07T15:10:48,codecarbon,cc8c5f8a-bbbf-4b03-a57b-ab84f9027170,5b0fa12a-3dd7-45bb-9766-cc326314d9f1,2763.829579199999,4.252133640072556e-05,1.5384934266834758e-08,4.085252618020675,0.0,10.02777777777778,0.0030923370832492,0.0,0.0077071301005552,0.0107994671838044,0.0,Canada,CAN,quebec,,,Windows-11-10.0.26200-SP0,3.13.14,3.2.8,4,Intel(R) Core(TM) i5-6200U CPU @ 2.30GHz,0,,-71.2,46.8,7.897434234619141,machine,10.794532110091742,0,89.7885871559633,7.091003336775193,N,1.0,0.0
2026-10-07T15:11:03,codecarbon,cc8c5f8a-bbbf-4b03-a57b-ab84f9027170,5b0fa12a-3dd7-45bb-9766-cc326314d9f1,2779.4015097999945,4.28119857136577e-05,1.5403310951190513e-08,4.1006541054484495,0.0,10.0,0.0031257973543877,0.0,0.007747488245833,0.0108732856002207,0.0,Canada,CAN,quebec,,,Windows-11-10.0.26200-SP0,3.13.14,3.2.8,4,Intel(R) Core(TM) i5-6200U CPU @ 2.30GHz,0,,-71.2,46.8,7.897434234619141,machine,10.844927007299267,0,89.76248175182482,7.088944127437842,N,1.0,0.0
2026-10-07T15:11:19,codecarbon,cc8c5f8a-bbbf-4b03-a57b-ab84f9027170,5b0fa12a-3dd7-45bb-9766-cc326314d9f1,2794.983020799991,4.308935264024952e-05,1.5416677782864072e-08,4.1097878282154445,0.0,10.0,0.0031557520429649,0.0,0.0077879785449997,0.0109437305879646,0.0,Canada,CAN,quebec,,,Windows-11-10.0.26200-SP0,3.13.14,3.2.8,4,Intel(R) Core(TM) i5-6200U CPU @ 2.30GHz,0,,-71.2,46.8,7.897434234619141,machine,10.858475499092558,0,89.74235934664247,7.087362051962075,N,1.0,0.0
2026-10-07T15:11:35,codecarbon,cc8c5f8a-bbbf-4b03-a57b-ab84f9027170,5b0fa12a-3dd7-45bb-9766-cc326314d9f1,2810.5634352999914,4.334425454883925e-05,1.5421909359684248e-08,4.118599986664679,0.0,10.0,0.0031801136156274,0.0,0.0078283563486107,0.0110084699642382,0.0,Canada,CAN,quebec,,,Windows-11-10.0.26200-SP0,3.13.14,3.2.8,4,Intel(R) Core(TM) i5-6200U CPU @ 2.30GHz,0,,-71.2,46.8,7.897434234619141,machine,10.867953807289789,0,89.73107181522916,7.086465427394551,N,1.0,0.0
2026-10-07T15:11:50,codecarbon,cc8c5f8a-bbbf-4b03-a57b-ab84f9027170,5b0fa12a-3dd7-45bb-9766-cc326314d9f1,2826.128811499992,4.366137726388338e-05,1.5449181610625082e-08,4.148775440678498,0.0,10.0,0.0032202091646992,0.0,0.0078688028672219,0.0110890120319212,0.0,Canada,CAN,quebec,,,Windows-11-10.0.26200-SP0,3.13.14,3.2.8,4,Intel(R) Core(TM) i5-6200U CPU @ 2.30GHz,0,,-71.2,46.8,7.897434234619141,machine,10.845333811916726,0,89.72871500358939,7.08627468719811,N,1.0,0.0
2026-10-07T15:12:06,codecarbon,cc8c5f8a-bbbf-4b03-a57b-ab84f9027170,5b0fa12a-3dd7-45bb-9766-cc326314d9f1,2841.796648399992,4.395469066337314e-05,1.5467218841334343e-08,4.159588922346129,0.0,10.0,0.0032539759674947,0.0,0.0079095310991663,0.0111635070666611,0.0,Canada,CAN,quebec,,,Windows-11-10.0.26200-SP0,3.13.14,3.2.8,4,Intel(R) Core(TM) i5-6200U CPU @ 2.30GHz,0,,-71.2,46.8,7.897434234619141,machine,10.89435915744377,0,89.72392002856124,7.085891862547172,N,1.0,0.0
2026-10-07T15:12:21,codecarbon,cc8c5f8a-bbbf-4b03-a57b-ab84f9027170,5b0fa12a-3dd7-45bb-9766-cc326314d9f1,2857.3556430000026,4.417329341837284e-05,1.5459501349294517e-08,4.153993310820516,0.0,10.0,0.0032690774113953,0.0,0.0079499498594441,0.0112190272708395,0.0,Canada,CAN,quebec,,,Windows-11-10.0.26200-SP0,3.13.14,3.2.8,4,Intel(R) Core(TM) i5-6200U CPU @ 2.30GHz,0,,-71.2,46.8,7.897434234619141,machine,10.938977635782749,0,89.70944266950657,7.084749760084386,N,1.0,0.0
2026-10-07T15:12:37,codecarbon,cc8c5f8a-bbbf-4b03-a57b-ab84f9027170,5b0fa12a-3dd7-45bb-9766-cc326314d9f1,2872.9701054999896,4.437810523959853e-05,1.5446768887236752e-08,4.148679039254473,0.0,10.0,0.0032805209308532,0.0,0.007990523955833,0.0112710448866862,0.0,Canada,CAN,quebec,,,Windows-11-10.0.26200-SP0,3.13.14,3.2.8,4,Intel(R) Core(TM) i5-6200U CPU @ 2.30GHz,0,,-71.2,46.8,7.897434234619141,machine,10.951659604519774,0,89.684145480226,7.082754381632401,N,1.0,0.0
2026-10-07T15:12:53,codecarbon,cc8c5f8a-bbbf-4b03-a57b-ab84f9027170,5b0fa12a-3dd7-45bb-9766-cc326314d9f1,2888.582269099992,4.460699522223144e-05,1.5442521994061063e-08,4.147780722745497,0.0,10.0,0.0032981165732465,0.0,0.0080310612430553,0.0113291778163019,0.0,Canada,CAN,quebec,,,Windows-11-10.0.26200-SP0,3.13.14,3.2.8,4,Intel(R) Core(TM) i5-6200U CPU @ 2.30GHz,0,,-71.2,46.8,7.897434234619141,machine,10.890133426966292,0,89.65969101123595,7.080825354276079,N,1.0,0.0
2026-10-07T15:13:08,codecarbon,cc8c5f8a-bbbf-4b03-a57b-ab84f9027170,5b0fa12a-3dd7-45bb-9766-cc326314d9f1,2904.2784984000027,4.483416691721396e-05,1.5437282251655125e-08,4.147513206338949,0.0,10.0,0.0033150542737799,0.0,0.0080718200655553,0.0113868743393352,0.0,Canada,CAN,quebec,,,Windows-11-10.0.26200-SP0,3.13.14,3.2.8,4,Intel(R) Core(TM) i5-6200U CPU @ 2.30GHz,0,,-71.2,46.8,7.897434234619141,machine,10.868005588543486,0,89.63681453021307,7.07902368431611,N,1.0,0.0
2026-10-07T15:13:24,codecarbon,cc8c5f8a-bbbf-4b03-a57b-ab84f9027170,5b0fa12a-3dd7-45bb-9766-cc326314d9f1,2919.8888339999976,4.510301144839412e-05,1.5446824866481938e-08,4.1606392148734965,0.0,10.0,0.003342770513392,0.0,0.0081123843161109,0.0114551548295029,0.0,Canada,CAN,quebec,,,Windows-11-10.0.26200-SP0,3.13.14,3.2.8,4,Intel(R) Core(TM) i5-6200U CPU @ 2.30GHz,0,,-71.2,46.8,7.897434234619141,machine,10.915601111883252,0,89.62164697706741,7.077825086327209,N,1.0,0.0
2026-10-07T15:13:40,codecarbon,cc8c5f8a-bbbf-4b03-a57b-ab84f9027170,5b0fa12a-3dd7-45bb-9766-cc326314d9f1,2935.5168646999955,4.533691993891242e-05,1.5444271666123018e-08,4.163515834879024,0.0,10.0,0.0033616464991214,0.0,0.0081529158486109,0.0115145623477323,0.0,Canada,CAN,quebec,,,Windows-11-10.0.26200-SP0,3.13.14,3.2.8,4,Intel(R) Core(TM) i5-6200U CPU @ 2.30GHz,0,,-71.2,46.8,7.897434234619141,machine,10.85525224602626,0,89.60601243953006,7.076591378339176,N,1.0,0.0
2026-10-07T15:13:55,codecarbon,cc8c5f8a-bbbf-4b03-a57b-ab84f9027170,5b0fa12a-3dd7-45bb-9766-cc326314d9f1,2951.369787299991,4.5562862724886005e-05,1.543786987348962e-08,4.161812338752379,0.0,10.0,0.0033778088067878,0.0,0.0081941379486109,0.0115719467553987,0.0,Canada,CAN,quebec,,,Windows-11-10.0.26200-SP0,3.13.14,3.2.8,4,Intel(R) Core(TM) i5-6200U CPU @ 2.30GHz,0,,-71.2,46.8,7.897434234619141,machine,10.829931271477662,0,89.58429553264604,7.074884506435329,N,1.0,0.0
2026-10-07T15:14:11,codecarbon,cc8c5f8a-bbbf-4b03-a57b-ab84f9027170,5b0fa12a-3dd7-45bb-9766-cc326314d9f1,2966.995950700002,4.575008670545295e-05,1.5419666041222322e-08,4.149140150005921,0.0,10.0,0.0033847533038744,0.0,0.008234744149722,0.0116194974535964,0.0,Canada,CAN,quebec,,,Windows-11-10.0.26200-SP0,3.13.14,3.2.8,4,Intel(R) Core(TM) i5-6200U CPU @ 2.30GHz,0,,-71.2,46.8,7.897434234619141,machine,10.84276923076923,0,89.55022222222222,7.072195188082182,N,1.0,0.0
2026-10-07T15:14:27,codecarbon,cc8c5f8a-bbbf-4b03-a57b-ab84f9027170,5b0fa12a-3dd7-45bb-9766-cc326314d9f1,2982.6175095999934,4.593983377304185e-05,1.5402522658429298e-08,4.1373344755990775,0.0,10.0,0.0033923527027269,0.0,0.0082753362566664,0.0116676889593933,0.0,Canada,CAN,quebec,,,Windows-11-10.0.26200-SP0,3.13.14,3.2.8,4,Intel(R) Core(TM) i5-6200U CPU @ 2.30GHz,0,,-71.2,46.8,7.897434234619141,machine,10.787448979591836,0,89.51176870748299,7.069159625825428,N,1.0,0.0
2026-10-07T15:14:42,codecarbon,cc8c5f8a-bbbf-4b03-a57b-ab84f9027170,5b0fa12a-3dd7-45bb-9766-cc326314d9f1,2998.261831900003,4.613202129725136e-05,1.5386255064994583e-08,4.1263772990331615,0.0,10.0,0.003400502173185,0.0,0.0083159981133331,0.0117165002865181,0.0,Canada,CAN,quebec,,,Windows-11-10.0.26200-SP0,3.13.14,3.2.8,4,Intel(R) Core(TM) i5-6200U CPU @ 2.30GHz,0,,-71.2,46.8,7.897434234619141,machine,10.762889039242218,0,89.46992557510148,7.065862192352666,N,1.0,0.0
2026-10-07T15:14:58,codecarbon,cc8c5f8a-bbbf-4b03-a57b-ab84f9027170,5b0fa12a-3dd7-45bb-9766-cc326314d9f1,3013.866109099996,4.65077410860051e-05,1.5431256533122266e-08,4.172043856005912,0.0,10.0,0.0034555240122578,0.0,0.0083564006863886,0.0118119246986465,0.0,Canada,CAN,quebec,,,Windows-11-10.0.26200-SP0,3.13.14,3.2.8,4,Intel(R) Core(TM) i5-6200U CPU @ 2.30GHz,0,,-71.2,46.8,7.897434234619141,machine,11.045136317738136,0,89.43342308986874,7.062979468028178,N,1.0,0.0
2026-10-07T15:15:14,codecarbon,cc8c5f8a-bbbf-4b03-a57b-ab84f9027170,5b0fa12a-3dd7-45bb-9766-cc326314d9f1,3029.568457899993,4.69090887772124e-05,1.548375269583061e-08,4.226868950405882,0.0,10.0,0.0035166883143412,0.0,0.008397169709722,0.0119138580240632,0.0,Canada,CAN,quebec,,,Windows-11-10.0.26200-SP0,3.13.14,3.2.8,4,Intel(R) Core(TM) i5-6200U CPU @ 2.30GHz,0,,-71.2,46.8,7.897434234619141,machine,11.45850636302746,0,89.41262558606832,7.061340176172889,N,1.0,0.0
2026-10-07T15:15:29,codecarbon,cc8c5f8a-bbbf-4b03-a57b-ab84f9027170,5b0fa12a-3dd7-45bb-9766-cc326314d9f1,3045.207974399993,4.722374787887835e-05,1.550756082207587e-08,4.257555072179656,0.0,10.0,0.0035559737880096,0.0,0.0084378006011109,0.0119937743891205,0.0,Canada,CAN,quebec,,,Windows-11-10.0.26200-SP0,3.13.14,3.2.8,4,Intel(R) Core(TM) i5-6200U CPU @ 2.30GHz,0,,-71.2,46.8,7.897434234619141,machine,11.464057295136575,0,89.40589606928714,7.060805260380612,N,1.0,0.0
2026-10-07T15:15:45,codecarbon,cc8c5f8a-bbbf-4b03-a57b-ab84f9027170,5b0fa12a-3dd7-45bb-9766-cc326314d9f1,3060.7871132,4.749601713523332e-05,1.551758269315799e-08,4.276203389609423,0.0,10.0,0.0035846519438974,0.0,0.0084782727388887,0.0120629246827861,0.0,Canada,CAN,quebec,,,Windows-11-10.0.26200-SP0,3.13.14,3.2.8,4,Intel(R) Core(TM) i5-6200U CPU @ 2.30GHz,0,,-71.2,46.8,7.897434234619141,machine,11.506496519721578,0,89.39078554855817,7.059615321375891,N,1.0,0.0
2026-10-07T15:16:00,codecarbon,cc8c5f8a-bbbf-4b03-a57b-ab84f9027170,5b0fa12a-3dd7-45bb-9766-cc326314d9f1,3076.370866600002,4.770557296433939e-05,1.550709424610547e-08,4.268011497706374,0.0,10.0,0.0035974074917819,0.0,0.0085187396786109,0.0121161471703928,0.0,Canada,CAN,quebec,,,Windows-11-10.0.26200-SP0,3.13.14,3.2.8,4,Intel(R) Core(TM) i5-6200U CPU @ 2.30GHz,0,,-71.2,46.8,7.897434234619141,machine,11.44957124010554,0,89.3674142480211,7.0577723998822135,N,1.0,0.0
2026-10-07T15:16:16,codecarbon,cc8c5f8a-bbbf-4b03-a57b-ab84f9027170,5b0fa12a-3dd7-45bb-9766-cc326314d9f1,3092.0021326999995,4.793213757678884e-05,1.5501974293573183e-08,4.270358151379978,0.0,10.0,0.0036143253016696,0.0,0.0085593642063887,0.0121736895080583,0.0,Canada,CAN,quebec,,,Windows-11-10.0.26200-SP0,3.13.14,3.2.8,4,Intel(R) Core(TM) i5-6200U CPU @ 2.30GHz,0,,-71.2,46.8,7.897434234619141,machine,11.42227690288714,0,89.34688320209973,7.056147335082527,N,1.0,0.0
2026-10-07T15:16:32,codecarbon,cc8c5f8a-bbbf-4b03-a57b-ab84f9027170,5b0fa12a-3dd7-45bb-9766-cc326314d9f1,3107.6459329999925,4.818645035482915e-05,1.5505772341417273e-08,4.272206101193445,0.0,10.0,0.0036382738889216,0.0,0.0086000053694442,0.0122382792583659,0.0,Canada,CAN,quebec,,,Windows-11-10.0.26200-SP0,3.13.14,3.2.8,4,Intel(R) Core(TM) i5-6200U CPU @ 2.30GHz,0,,-71.2,46.8,7.897434234619141,machine,11.496931113287626,0,89.3332027424094,7.055067054282751,N,1.0,0.0
2026-10-07T15:16:47,codecarbon,cc8c5f8a-bbbf-4b03-a57b-ab84f9027170,5b0fa12a-3dd7-45bb-9766-cc326314d9f1,3123.238809699993,4.83883503079777e-05,1.5493003659437016e-08,4.26649833536989,0.0,10.0,0.0036490324093767,0.0,0.0086405249155553,0.0122895573249321,0.0,Canada,CAN,quebec,,,Windows-11-10.0.26200-SP0,3.13.14,3.2.8,4,Intel(R) Core(TM) i5-6200U CPU @ 2.30GHz,0,,-71.2,46.8,7.897434234619141,machine,11.469665475803833,0,89.30737252354662,7.05303074934917,N,1.0,0.0
2026-10-07T15:17:03,codecarbon,cc8c5f8a-bbbf-4b03-a57b-ab84f9027170,5b0fa12a-3dd7-45bb-9766-cc326314d9f1,3138.832668099989,4.878774723251868e-05,1.554327751471093e-08,4.265330238671627,0.0,10.02444987775061,0.0036696731609697,0.0,0.0087213220383331,0.0123909951993028,0.0,Canada,CAN,quebec,,,Windows-11-10.0.26200-SP0,3.13.14,3.2.8,4,Intel(R) Core(TM) i5-6200U CPU @ 2.30GHz,0,,-71.2,46.8,7.897434234619141,machine,11.446380090497737,0,89.28222365869425,7.0510411783426745,N,1.0,0.0
2026-10-07T15:17:18,codecarbon,cc8c5f8a-bbbf-4b03-a57b-ab84f9027170,5b0fa12a-3dd7-45bb-9766-cc326314d9f1,3154.421843799996,4.913623935797723e-05,1.5576939861278964e-08,4.238630970869482,0.0,10.0,0.0036769120458269,0.0,0.0088025923488886,0.0124795043947156,0.0,Canada,CAN,quebec,,,Windows-11-10.0.26200-SP0,3.13.14,3.2.8,4,Intel(R) Core(TM) i5-6200U CPU @ 2.30GHz,0,,-71.2,46.8,7.897434234619141,machine,11.391154712126085,0,89.25734963010613,7.049082448375919,N,1.0,0.0
2026-10-07T15:17:34,codecarbon,cc8c5f8a-bbbf-4b03-a57b-ab84f9027170,5b0fa12a-3dd7-45bb-9766-cc326314d9f1,3170.001871100001,4.93246155687931e-05,1.5559806452630673e-08,4.226396516225336,0.0,10.0,0.0036842843308148,0.0,0.0088430634027775,0.0125273477335924,0.0,Canada,CAN,quebec,,,Windows-11-10.0.26200-SP0,3.13.14,3.2.8,4,Intel(R) Core(TM) i5-6200U CPU @ 2.30GHz,0,,-71.2,46.8,7.897434234619141,machine,11.332832,0,89.230208,7.046943637695312,N,1.0,0.0
2026-10-07T15:17:50,codecarbon,cc8c5f8a-bbbf-4b03-a57b-ab84f9027170,5b0fa12a-3dd7-45bb-9766-cc326314d9f1,3185.617761799993,4.951018105065097e-05,1.5541783337708375e-08,4.213979924673651,0.0,10.0,0.0036908547894268,0.0,0.0088836224208331,0.01257447721026,0.0,Canada,CAN,quebec,,,Windows-11-10.0.26200-SP0,3.13.14,3.2.8,4,Intel(R) Core(TM) i5-6200U CPU @ 2.30GHz,0,,-71.2,46.8,7.897434234619141,machine,11.278694267515924,0,89.20162420382165,7.044689273226792,N,1.0,0.0
2026-10-07T15:18:05,codecarbon,cc8c5f8a-bbbf-4b03-a57b-ab84f9027170,5b0fa12a-3dd7-45bb-9766-cc326314d9f1,3201.226248499996,4.969863970766076e-05,1.55248757350244e-08,4.201932372904638,0.0,10.0,0.0036981614852905,0.0,0.0089241800033331,0.0126223414886237,0.0,Canada,CAN,quebec,,,Windows-11-10.0.26200-SP0,3.13.14,3.2.8,4,Intel(R) Core(TM) i5-6200U CPU @ 2.30GHz,0,,-71.2,46.8,7.897434234619141,machine,11.221514575411913,0,89.17053231939164,7.0422363051594585,N,1.0,0.0
2026-10-07T15:18:21,codecarbon,cc8c5f8a-bbbf-4b03-a57b-ab84f9027170,5b0fa12a-3dd7-45bb-9766-cc326314d9f1,3216.8291044999933,4.988754884271119e-05,1.5508299391137675e-08,4.1903901408500746,0.0,10.0,0.0037056020360992,0.0,0.008964718142222,0.0126703201783213,0.0,Canada,CAN,quebec,,,Windows-11-10.0.26200-SP0,3.13.14,3.2.8,4,Intel(R) Core(TM) i5-6200U CPU @ 2.30GHz,0,,-71.2,46.8,7.897434234619141,machine,11.168432671081677,0,89.14121728161463,7.039926664267606,N,1.0,0.0
2026-10-07T15:18:36,codecarbon,cc8c5f8a-bbbf-4b03-a57b-ab84f9027170,5b0fa12a-3dd7-45bb-9766-cc326314d9f1,3232.3907215999934,5.008180917004575e-05,1.5493736210595196e-08,4.181330165668904,0.0,10.0,0.0037145152407419,0.0,0.0090051427102775,0.0127196579510195,0.0,Canada,CAN,quebec,,,Windows-11-10.0.26200-SP0,3.13.14,3.2.8,4,Intel(R) Core(TM) i5-6200U CPU @ 2.30GHz,0,,-71.2,46.8,7.897434234619141,machine,11.11236272356448,0,89.11010354565423,7.037470119441607,N,1.0,0.0
2026-10-07T15:18:52,codecarbon,cc8c5f8a-bbbf-4b03-a57b-ab84f9027170,5b0fa12a-3dd7-45bb-9766-cc326314d9f1,3248.0345188999927,5.027034342904338e-05,1.5477157997098e-08,4.170139255442164,0.0,10.0,0.0037217541178175,0.0,0.0090457873127775,0.012767541430595,0.0,Canada,CAN,quebec,,,Windows-11-10.0.26200-SP0,3.13.14,3.2.8,4,Intel(R) Core(TM) i5-6200U CPU @ 2.30GHz,0,,-71.2,46.8,7.897434234619141,machine,11.060306058713303,0,89.08076202373516,7.035161898182304,N,1.0,0.0
2026-10-07T15:19:08,codecarbon,cc8c5f8a-bbbf-4b03-a57b-ab84f9027170,5b0fa12a-3dd7-45bb-9766-cc326314d9f1,3263.679353500004,5.053438261451439e-05,1.5483868707972427e-08,4.176120419871133,0.0,10.0,0.0037484635366793,0.0,0.0090861379338886,0.0128346014705679,0.0,Canada,CAN,quebec,,,Windows-11-10.0.26200-SP0,3.13.14,3.2.8,4,Intel(R) Core(TM) i5-6200U CPU @ 2.30GHz,0,,-71.2,46.8,7.897434234619141,machine,11.12961466749534,0,89.05400870105656,7.033049215360633,N,1.0,0.0
2026-10-07T15:19:23,codecarbon,cc8c5f8a-bbbf-4b03-a57b-ab84f9027170,5b0fa12a-3dd7-45bb-9766-cc326314d9f1,3279.3003345000034,5.073823976830131e-05,1.5472275971342953e-08,4.1692674925787765,0.0,10.0,0.0037596533233763,0.0,0.0091267232988886,0.0128863766222649,0.0,Canada,CAN,quebec,,,Windows-11-10.0.26200-SP0,3.13.14,3.2.8,4,Intel(R) Core(TM) i5-6200U CPU @ 2.30GHz,0,,-71.2,46.8,7.897434234619141,machine,11.0882771419734,0,89.03198267862668,7.031302248255373,N,1.0,0.0
2026-10-07T15:19:39,codecarbon,cc8c5f8a-bbbf-4b03-a57b-ab84f9027170,5b0fa12a-3dd7-45bb-9766-cc326314d9f1,3294.8878262999933,5.095640896012552e-05,1.5465294008915383e-08,4.165559198113294,0.0,10.0,0.0037745584449955,0.0,0.0091672282661108,0.0129417867111064,0.0,Canada,CAN,quebec,,,Windows-11-10.0.26200-SP0,3.13.14,3.2.8,4,Intel(R) Core(TM) i5-6200U CPU @ 2.30GHz,0,,-71.2,46.8,7.897434234619141,machine,11.083251231527091,0,89.00415640394088,7.02910263902448,N,1.0,0.0
2026-10-07T15:19:54,codecarbon,cc8c5f8a-bbbf-4b03-a57b-ab84f9027170,5b0fa12a-3dd7-45bb-9766-cc326314d9f1,3310.470353800003,5.114076663461143e-05,1.5448187468559648e-08,4.1535125327787,0.0,10.0,0.0037809070364727,0.0,0.0092077023952775,0.0129886094317502,0.0,Canada,CAN,quebec,,,Windows-11-10.0.26200-SP0,3.13.14,3.2.8,4,Intel(R) Core(TM) i5-6200U CPU @ 2.30GHz,0,,-71.2,46.8,7.897434234619141,machine,11.028921568627451,0,88.96197916666668,7.025771742942286,N,1.0,0.0
2026-10-07T15:20:10,codecarbon,cc8c5f8a-bbbf-4b03-a57b-ab84f9027170,5b0fa12a-3dd7-45bb-9766-cc326314d9f1,3326.067748200003,5.132660160148548e-05,1.5431616397249382e-08,4.141969828158455,0.0,10.0,0.0037875769687992,0.0,0.0092482303827775,0.0130358073515768,0.0,Canada,CAN,quebec,,,Windows-11-10.0.26200-SP0,3.13.14,3.2.8,4,Intel(R) Core(TM) i5-6200U CPU @ 2.30GHz,0,,-71.2,46.8,7.897434234619141,machine,10.978469045440685,0,88.9229033241842,7.022691489938339,N,1.0,0.0
2026-10-07T15:20:26,codecarbon,cc8c5f8a-bbbf-4b03-a57b-ab84f9027170,5b0fa12a-3dd7-45bb-9766-cc326314d9f1,3341.690062199996,5.152233719607322e-05,1.5418047825223382e-08,4.133385114244883,0.0,10.0,0.0037966955888413,0.0,0.0092888242202775,0.0130855198091188,0.0,Canada,CAN,quebec,,,Windows-11-10.0.26200-SP0,3.13.14,3.2.8,4,Intel(R) Core(TM) i5-6200U CPU @ 2.30GHz,0,,-71.2,46.8,7.897434234619141,machine,10.955508345978757,0,88.88273141122913,7.019517478884985,N,1.0,0.0
2026-10-07T15:20:41,codecarbon,cc8c5f8a-bbbf-4b03-a57b-ab84f9027170,5b0fa12a-3dd7-45bb-9766-cc326314d9f1,3357.316838400002,5.171897080061242e-05,1.540485253255399e-08,4.125051080019879,0.0,10.0,0.0038060439505223,0.0,0.0093294163905553,0.0131354603410777,0.0,Canada,CAN,quebec,,,Windows-11-10.0.26200-SP0,3.13.14,3.2.8,4,Intel(R) Core(TM) i5-6200U CPU @ 2.30GHz,0,,-71.2,46.8,7.897434234619141,machine,10.95117824773414,0,88.84697885196374,7.016696394030061,N,1.0,0.0
2026-10-07T15:20:57,codecarbon,cc8c5f8a-bbbf-4b03-a57b-ab84f9027170,5b0fa12a-3dd7-45bb-9766-cc326314d9f1,3372.8950101999944,5.190923318156972e-05,1.5390112358846233e-08,4.115197681711294,0.0,10.0,0.0038138975813189,0.0,0.0093698851436109,0.0131837827249298,0.0,Canada,CAN,quebec,,,Windows-11-10.0.26200-SP0,3.13.14,3.2.8,4,Intel(R) Core(TM) i5-6200U CPU @ 2.30GHz,0,,-71.2,46.8,7.897434234619141,machine,10.898496692723992,0,88.807456404089,7.013573110354499,N,1.0,0.0
2026-10-07T15:21:12,codecarbon,cc8c5f8a-bbbf-4b03-a57b-ab84f9027170,5b0fa12a-3dd7-45bb-9766-cc326314d9f1,3388.5000071999966,5.2093567250476975e-05,1.53736364585471e-08,4.103565229517432,0.0,10.0,0.0038201617902855,0.0,0.0094104376599998,0.0132305994502853,0.0,Canada,CAN,quebec,,,Windows-11-10.0.26200-SP0,3.13.14,3.2.8,4,Intel(R) Core(TM) i5-6200U CPU @ 2.30GHz,0,,-71.2,46.8,7.897434234619141,machine,10.849565998204133,0,88.76908111343909,7.010541984971431,N,1.0,0.0
2026-10-07T15:21:28,codecarbon,cc8c5f8a-bbbf-4b03-a57b-ab84f9027170,5b0fa12a-3dd7-45bb-9766-cc326314d9f1,3404.092073699998,5.227790823033975e-05,1.535737198010555e-08,4.092112018110646,0.0,10.0,0.00382647269948,0.0,0.0094509452313886,0.0132774179308687,0.0,Canada,CAN,quebec,,,Windows-11-10.0.26200-SP0,3.13.14,3.2.8,4,Intel(R) Core(TM) i5-6200U CPU @ 2.30GHz,0,,-71.2,46.8,7.897434234619141,machine,10.801072705601907,0,88.72982717520858,7.007436706852146,N,1.0,0.0
2026-10-07T15:21:44,codecarbon,cc8c5f8a-bbbf-4b03-a57b-ab84f9027170,5b0fa12a-3dd7-45bb-9766-cc326314d9f1,3419.6791005999985,5.249733309468057e-05,1.5351537834491452e-08,4.088107322244882,0.0,10.0,0.0038416937796312,0.0,0.0094914531527775,0.0133331469324087,0.0,Canada,CAN,quebec,,,Windows-11-10.0.26200-SP0,3.13.14,3.2.8,4,Intel(R) Core(TM) i5-6200U CPU @ 2.30GHz,0,,-71.2,46.8,7.897434234619141,machine,10.809134045077109,0,88.6950177935943,7.004685761665535,N,1.0,0.0
2026-10-07T15:21:59,codecarbon,cc8c5f8a-bbbf-4b03-a57b-ab84f9027170,5b0fa12a-3dd7-45bb-9766-cc326314d9f1,3435.241623399997,5.2782865701236185e-05,1.536511008183315e-08,4.099327583566181,0.0,10.0,0.0038738082933272,0.0,0.0095318575266664,0.0134056658199936,0.0,Canada,CAN,quebec,,,Windows-11-10.0.26200-SP0,3.13.14,3.2.8,4,Intel(R) Core(TM) i5-6200U CPU @ 2.30GHz,0,,-71.2,46.8,7.897434234619141,machine,10.790788308237378,0,88.67711839385888,7.003273012506458,N,1.0,0.0
2026-10-07T15:22:15,codecarbon,cc8c5f8a-bbbf-4b03-a57b-ab84f9027170,5b0fa12a-3dd7-45bb-9766-cc326314d9f1,3450.846080599993,5.312540872707213e-05,1.5394893740909852e-08,4.133121381188609,0.0,10.0,0.0039202449442766,0.0,0.0095724191330552,0.0134926640773319,0.0,Canada,CAN,quebec,,,Windows-11-10.0.26200-SP0,3.13.14,3.2.8,4,Intel(R) Core(TM) i5-6200U CPU @ 2.30GHz,0,,-71.2,46.8,7.897434234619141,machine,10.831393298059965,0,88.65905349794238,7.001845388395656,N,1.0,0.0
2026-10-07T15:22:30,codecarbon,cc8c5f8a-bbbf-4b03-a57b-ab84f9027170,5b0fa12a-3dd7-45bb-9766-cc326314d9f1,3466.420574899996,5.33304425617883e-05,1.5384873649766764e-08,4.130860438991042,0.0,10.0,0.0039318567307446,0.0,0.0096128813488885,0.0135447380796332,0.0,Canada,CAN,quebec,,,Windows-11-10.0.26200-SP0,3.13.14,3.2.8,4,Intel(R) Core(TM) i5-6200U CPU @ 2.30GHz,0,,-71.2,46.8,7.897434234619141,machine,10.809947337624342,0,88.63680514921006,7.000088366379579,N,1.0,0.0
2026-10-07T15:22:46,codecarbon,cc8c5f8a-bbbf-4b03-a57b-ab84f9027170,5b0fa12a-3dd7-45bb-9766-cc326314d9f1,3482.168671899999,5.354034979163269e-05,1.5375576210218187e-08,4.123851607307627,0.0,10.0,0.0039442236504358,0.0,0.0096538261647219,0.0135980498151578,0.0,Canada,CAN,quebec,,,Windows-11-10.0.26200-SP0,3.13.14,3.2.8,4,Intel(R) Core(TM) i5-6200U CPU @ 2.30GHz,0,,-71.2,46.8,7.897434234619141,machine,10.879230993300322,0,88.61392368191086,6.9982858397264085,N,1.0,0.0
2026-10-07T15:23:02,codecarbon,cc8c5f8a-bbbf-4b03-a57b-ab84f9027170,5b0fa12a-3dd7-45bb-9766-cc326314d9f1,3497.725323099992,5.374073997614466e-05,1.536448263139053e-08,4.116140615729523,0.0,10.0,0.0039546931748572,0.0,0.0096942512594441,0.0136489444343014,0.0,Canada,CAN,quebec,,,Windows-11-10.0.26200-SP0,3.13.14,3.2.8,4,Intel(R) Core(TM) i5-6200U CPU @ 2.30GHz,0,,-71.2,46.8,7.897434234619141,machine,10.886749782545666,0,88.59379530298638,6.9966977894496285,N,1.0,0.0
2026-10-07T15:23:17,codecarbon,cc8c5f8a-bbbf-4b03-a57b-ab84f9027170,5b0fa12a-3dd7-45bb-9766-cc326314d9f1,3513.3114579999965,5.397462501725034e-05,1.536289214961209e-08,4.116148701918585,0.0,10.0,0.003973671659961,0.0,0.0097346743369441,0.0137083459969052,0.0,Canada,CAN,quebec,,,Windows-11-10.0.26200-SP0,3.13.14,3.2.8,4,Intel(R) Core(TM) i5-6200U CPU @ 2.30GHz,0,,-71.2,46.8,7.897434234619141,machine,10.868475750577367,0,88.57661662817553,6.995341186435338,N,1.0,0.0
2026-10-07T15:23:33,codecarbon,cc8c5f8a-bbbf-4b03-a57b-ab84f9027170,5b0fa12a-3dd7-45bb-9766-cc326314d9f1,3528.898958299993,5.419698907791286e-05,1.5358045021504852e-08,4.111432647806983,0.0,10.0,0.0039896415576548,0.0,0.009775179930833,0.0137648214884878,0.0,Canada,CAN,quebec,,,Windows-11-10.0.26200-SP0,3.13.14,3.2.8,4,Intel(R) Core(TM) i5-6200U CPU @ 2.30GHz,0,,-71.2,46.8,7.897434234619141,machine,10.850359298649035,0,88.56128197757977,6.994130767532791,N,1.0,0.0
2026-10-07T15:23:48,codecarbon,cc8c5f8a-bbbf-4b03-a57b-ab84f9027170,5b0fa12a-3dd7-45bb-9766-cc326314d9f1,3544.448043700002,5.4560836720809446e-05,1.5393323882342513e-08,4.095551636386393,0.0,10.0,0.0040013389575556,0.0,0.0098558916838886,0.0138572306414443,0.0,Canada,CAN,quebec,,,Windows-11-10.0.26200-SP0,3.13.14,3.2.8,4,Intel(R) Core(TM) i5-6200U CPU @ 2.30GHz,0,,-71.2,46.8,7.897434234619141,machine,10.800686695278973,0,88.5412017167382,6.992544101611398,N,1.0,0.0
2026-10-07T15:24:04,codecarbon,cc8c5f8a-bbbf-4b03-a57b-ab84f9027170,5b0fa12a-3dd7-45bb-9766-cc326314d9f1,3560.0032340999896,5.482407321537254e-05,1.5400006575902092e-08,4.102378269674112,0.0,10.0,0.0040278330364585,0.0,0.0098962537794442,0.0139240868159027,0.0,Canada,CAN,quebec,,,Windows-11-10.0.26200-SP0,3.13.14,3.2.8,4,Intel(R) Core(TM) i5-6200U CPU @ 2.30GHz,0,,-71.2,46.8,7.897434234619141,machine,10.86849002849003,0,88.52313390313391,6.991115417915192,N,1.0,0.0
2026-10-07T15:24:20,codecarbon,cc8c5f8a-bbbf-4b03-a57b-ab84f9027170,5b0fa12a-3dd7-45bb-9766-cc326314d9f1,3575.5618651999976,5.507394217456986e-05,1.5402877715692753e-08,4.100743707425508,0.0,10.0,0.0040508683126878,0.0,0.0099366796230553,0.0139875479357432,0.0,Canada,CAN,quebec,,,Windows-11-10.0.26200-SP0,3.13.14,3.2.8,4,Intel(R) Core(TM) i5-6200U CPU @ 2.30GHz,0,,-71.2,46.8,7.897434234619141,machine,10.850609929078017,0,88.50317730496454,6.989540430163661,N,1.0,0.0
2026-10-07T15:24:35,codecarbon,cc8c5f8a-bbbf-4b03-a57b-ab84f9027170,5b0fa12a-3dd7-45bb-9766-cc326314d9f1,3591.11515279999,5.527232575538299e-05,1.5391410022674212e-08,4.094805395902371,0.0,10.0,0.0040608344783186,0.0,0.0099770984441664,0.0140379329224851,0.0,Canada,CAN,quebec,,,Windows-11-10.0.26200-SP0,3.13.14,3.2.8,4,Intel(R) Core(TM) i5-6200U CPU @ 2.30GHz,0,,-71.2,46.8,7.897434234619141,machine,10.858062694154194,0,88.48161536289184,6.987839267604669,N,1.0,0.0
2026-10-07T15:24:51,codecarbon,cc8c5f8a-bbbf-4b03-a57b-ab84f9027170,5b0fa12a-3dd7-45bb-9766-cc326314d9f1,3606.6957684999934,5.553059173100314e-05,1.5396527818063795e-08,4.101404418783587,0.0,10.0,0.0040859714397799,0.0,0.0100175552566664,0.0141035266964464,0.0,Canada,CAN,quebec,,,Windows-11-10.0.26200-SP0,3.13.14,3.2.8,4,Intel(R) Core(TM) i5-6200U CPU @ 2.30GHz,0,,-71.2,46.8,7.897434234619141,machine,10.840382452193476,0,88.45005624296964,6.985350249454597,N,1.0,0.0
2026-10-07T15:25:06,codecarbon,cc8c5f8a-bbbf-4b03-a57b-ab84f9027170,5b0fa12a-3dd7-45bb-9766-cc326314d9f1,3622.243139099999,5.5759374839825966e-05,1.5393603548568035e-08,4.100502540261208,0.0,10.0,0.0041036767113967,0.0,0.0100579557711109,0.0141616324825077,0.0,Canada,CAN,quebec,,,Windows-11-10.0.26200-SP0,3.13.14,3.2.8,4,Intel(R) Core(TM) i5-6200U CPU @ 2.30GHz,0,,-71.2,46.8,7.897434234619141,machine,10.847816349384098,0,88.41996080627099,6.982971888773919,N,1.0,0.0
2026-10-07T15:25:22,codecarbon,cc8c5f8a-bbbf-4b03-a57b-ab84f9027170,5b0fa12a-3dd7-45bb-9766-cc326314d9f1,3637.796774499992,5.5976515887040525e-05,1.5387477464222667e-08,4.099293500656101,0.0,10.0,0.0041184145220326,0.0,0.0100983669236109,0.0142167814456435,0.0,Canada,CAN,quebec,,,Windows-11-10.0.26200-SP0,3.13.14,3.2.8,4,Intel(R) Core(TM) i5-6200U CPU @ 2.30GHz,0,,-71.2,46.8,7.897434234619141,machine,10.830331753554503,0,88.39662670755506,6.981125359685434,N,1.0,0.0
2026-10-07T15:25:37,codecarbon,cc8c5f8a-bbbf-4b03-a57b-ab84f9027170,5b0fa12a-3dd7-45bb-9766-cc326314d9f1,3653.415850999998,5.617615162298623e-05,1.5376336533824892e-08,4.091684948810663,0.0,10.0,0.004128529158414,0.0,0.0101389552933331,0.0142674844517472,0.0,Canada,CAN,quebec,,,Windows-11-10.0.26200-SP0,3.13.14,3.2.8,4,Intel(R) Core(TM) i5-6200U CPU @ 2.30GHz,0,,-71.2,46.8,7.897434234619141,machine,10.785230427540256,0,88.37626318711827,6.979516547762771,N,1.0,0.0
2026-10-07T15:25:53,codecarbon,cc8c5f8a-bbbf-4b03-a57b-ab84f9027170,5b0fa12a-3dd7-45bb-9766-cc326314d9f1,3669.0254915999976,5.638592231164693e-05,1.5368092274294344e-08,4.085745022340793,0.0,10.0,0.0041412443777579,0.0,0.0101795171311109,0.0143207615088689,0.0,Canada,CAN,quebec,,,Windows-11-10.0.26200-SP0,3.13.14,3.2.8,4,Intel(R) Core(TM) i5-6200U CPU @ 2.30GHz,0,,-71.2,46.8,7.897434234619141,machine,10.737534549474848,0,88.35375898286347,6.977740210284839,N,1.0,0.0
2026-10-07T15:26:09,codecarbon,cc8c5f8a-bbbf-4b03-a57b-ab84f9027170,5b0fa12a-3dd7-45bb-9766-cc326314d9f1,3684.588491399991,5.657983182247837e-05,1.5355807562917394e-08,4.077788939231787,0.0,10.0,0.0041500569006431,0.0,0.0102199532813887,0.0143700101820319,0.0,Canada,CAN,quebec,,,Windows-11-10.0.26200-SP0,3.13.14,3.2.8,4,Intel(R) Core(TM) i5-6200U CPU @ 2.30GHz,0,,-71.2,46.8,7.897434234619141,machine,10.72072667217176,0,88.33267272226809,6.976074431902641,N,1.0,0.0
2026-10-07T15:26:24,codecarbon,cc8c5f8a-bbbf-4b03-a57b-ab84f9027170,5b0fa12a-3dd7-45bb-9766-cc326314d9f1,3700.132744599992,5.677324734100996e-05,1.5343570422943704e-08,4.070016721353758,0.0,10.0,0.0041588008533248,0.0,0.0102603325388887,0.0144191333922136,0.0,Canada,CAN,quebec,,,Windows-11-10.0.26200-SP0,3.13.14,3.2.8,4,Intel(R) Core(TM) i5-6200U CPU @ 2.30GHz,0,,-71.2,46.8,7.897434234619141,machine,10.70112359550562,0,88.30929021649766,6.974228764599596,N,1.0,0.0
2026-10-07T15:26:40,codecarbon,cc8c5f8a-bbbf-4b03-a57b-ab84f9027170,5b0fa12a-3dd7-45bb-9766-cc326314d9f1,3715.7028081000026,5.69603903337521e-05,1.53296410599852e-08,4.0604923028021584,0.0,10.0,0.0041658825968732,0.0,0.0103007809244443,0.0144666635213175,0.0,Canada,CAN,quebec,,,Windows-11-10.0.26200-SP0,3.13.14,3.2.8,4,Intel(R) Core(TM) i5-6200U CPU @ 2.30GHz,0,,-71.2,46.8,7.897434234619141,machine,10.711899563318775,0,88.2879093886463,6.972539118804265,N,1.0,0.0
2026-10-07T15:26:55,codecarbon,cc8c5f8a-bbbf-4b03-a57b-ab84f9027170,5b0fa12a-3dd7-45bb-9766-cc326314d9f1,3731.269885200003,5.7151167837135305e-05,1.5316814273827823e-08,4.051974062661698,0.0,10.0,0.0041738949658409,0.0,0.0103412217688887,0.0145151167347297,0.0,Canada,CAN,quebec,,,Windows-11-10.0.26200-SP0,3.13.14,3.2.8,4,Intel(R) Core(TM) i5-6200U CPU @ 2.30GHz,0,,-71.2,46.8,7.897434234619141,machine,10.665326086956522,0,88.26559782608696,6.970778762775919,N,1.0,0.0
2026-10-07T15:27:11,codecarbon,cc8c5f8a-bbbf-4b03-a57b-ab84f9027170,5b0fa12a-3dd7-45bb-9766-cc326314d9f1,3746.836699599997,5.734482803689444e-05,1.5304864512247473e-08,4.043994833648894,0.0,10.0,0.0041826320020748,0.0,0.0103816700863888,0.0145643020884636,0.0,Canada,CAN,quebec,,,Windows-11-10.0.26200-SP0,3.13.14,3.2.8,4,Intel(R) Core(TM) i5-6200U CPU @ 2.30GHz,0,,-71.2,46.8,7.897434234619141,machine,10.622029769959404,0,88.24614343707714,6.969239301255656,N,1.0,0.0
2026-10-07T15:27:27,codecarbon,cc8c5f8a-bbbf-4b03-a57b-ab84f9027170,5b0fa12a-3dd7-45bb-9766-cc326314d9f1,3762.644608100003,5.753460788509994e-05,1.5291002440475716e-08,4.034541881842788,0.0,10.0,0.0041897316142475,0.0,0.0104227703055554,0.014612501919803,0.0,Canada,CAN,quebec,,,Windows-11-10.0.26200-SP0,3.13.14,3.2.8,4,Intel(R) Core(TM) i5-6200U CPU @ 2.30GHz,0,,-71.2,46.8,7.897434234619141,machine,10.576232821341955,0,88.22489894907032,6.967558314683976,N,1.0,0.0
2026-10-07T15:27:42,codecarbon,cc8c5f8a-bbbf-4b03-a57b-ab84f9027170,5b0fa12a-3dd7-45bb-9766-cc326314d9f1,3778.311677599995,5.776772996874565e-05,1.5289297151218622e-08,4.037138036878036,0.0,10.0,0.0042082175282984,0.0,0.0104634921799999,0.0146717097082983,0.0,Canada,CAN,quebec,,,Windows-11-10.0.26200-SP0,3.13.14,3.2.8,4,Intel(R) Core(TM) i5-6200U CPU @ 2.30GHz,0,,-71.2,46.8,7.897434234619141,machine,10.560493827160494,0,88.20587761674717,6.966056930206184,N,1.0,0.0
2026-10-07T15:27:58,codecarbon,cc8c5f8a-bbbf-4b03-a57b-ab84f9027170,5b0fa12a-3dd7-45bb-9766-cc326314d9f1,3794.19762549999,5.796434245248125e-05,1.5277101557102696e-08,4.029297103055953,0.0,10.0,0.004216815756324,0.0,0.0105048291197221,0.0147216448760461,0.0,Canada,CAN,quebec,,,Windows-11-10.0.26200-SP0,3.13.14,3.2.8,4,Intel(R) Core(TM) i5-6200U CPU @ 2.30GHz,0,,-71.2,46.8,7.897434234619141,machine,10.51533939070016,0,88.18332442544094,6.96427502981295,N,1.0,0.0
2026-10-07T15:28:14,codecarbon,cc8c5f8a-bbbf-4b03-a57b-ab84f9027170,5b0fa12a-3dd7-45bb-9766-cc326314d9f1,3809.736064899989,5.81558656508832e-05,1.526506420922098e-08,4.021388715452868,0.0,10.0,0.0042250829331822,0.0,0.010545204546111,0.0147702874792932,0.0,Canada,CAN,quebec,,,Windows-11-10.0.26200-SP0,3.13.14,3.2.8,4,Intel(R) Core(TM) i5-6200U CPU @ 2.30GHz,0,,-71.2,46.8,7.897434234619141,machine,10.473356401384084,0,88.16340165025287,6.962699268738069,N,1.0,0.0
2026-10-07T15:28:29,codecarbon,cc8c5f8a-bbbf-4b03-a57b-ab84f9027170,5b0fa12a-3dd7-45bb-9766-cc326314d9f1,3825.2988860999903,5.8349706841492665e-05,1.525363339673099e-08,4.013679637548793,0.0,10.0,0.004233874364261,0.0,0.0105856444363888,0.0148195188006499,0.0,Canada,CAN,quebec,,,Windows-11-10.0.26200-SP0,3.13.14,3.2.8,4,Intel(R) Core(TM) i5-6200U CPU @ 2.30GHz,0,,-71.2,46.8,7.897434234619141,machine,10.455446594222105,0,88.14386429896634,6.961159297398159,N,1.0,0.0
2026-10-07T15:28:45,codecarbon,cc8c5f8a-bbbf-4b03-a57b-ab84f9027170,5b0fa12a-3dd7-45bb-9766-cc326314d9f1,3840.859654899992,5.85397578226325e-05,1.5241316549525617e-08,4.005027949167679,0.0,10.0,0.0042417179386827,0.0,0.0106260695549999,0.0148677874936826,0.0,Canada,CAN,quebec,,,Windows-11-10.0.26200-SP0,3.13.14,3.2.8,4,Intel(R) Core(TM) i5-6200U CPU @ 2.30GHz,0,,-71.2,46.8,7.897434234619141,machine,10.440443505807815,0,88.12463041182681,6.959642646934566,N,1.0,0.0
2026-10-07T15:29:00,codecarbon,cc8c5f8a-bbbf-4b03-a57b-ab84f9027170,5b0fa12a-3dd7-45bb-9766-cc326314d9f1,3856.4366946999935,5.873772003722187e-05,1.5231086281786166e-08,3.9986024615531934,0.0,10.0,0.0042515147483957,0.0,0.0106665507144443,0.0149180654628401,0.0,Canada,CAN,quebec,,,Windows-11-10.0.26200-SP0,3.13.14,3.2.8,4,Intel(R) Core(TM) i5-6200U CPU @ 2.30GHz,0,,-71.2,46.8,7.897434234619141,machine,10.422818086225028,0,88.10462670872765,6.958062259180688,N,1.0,0.0
2026-10-07T15:29:16,codecarbon,cc8c5f8a-bbbf-4b03-a57b-ab84f9027170,5b0fa12a-3dd7-45bb-9766-cc326314d9f1,3871.991440099999,5.894615237999221e-05,1.5223730034503862e-08,3.993033290742797,0.0,10.0,0.0042640630445224,0.0,0.0107069395655554,0.0149710026100779,0.0,Canada,CAN,quebec,,,Windows-11-10.0.26200-SP0,3.13.14,3.2.8,4,Intel(R) Core(TM) i5-6200U CPU @ 2.30GHz,0,,-71.2,46.8,7.897434234619141,machine,10.381880073317625,0,88.08805970149254,6.956754511143719,N,1.0,0.0
2026-10-07T15:29:32,codecarbon,cc8c5f8a-bbbf-4b03-a57b-ab84f9027170,5b0fa12a-3dd7-45bb-9766-cc326314d9f1,3887.597657899998,5.915626296542786e-05,1.5216662877964302e-08,3.991997420371982,0.0,10.0,0.0042768612294797,0.0,0.0107475047638888,0.0150243659933685,0.0,Canada,CAN,quebec,,,Windows-11-10.0.26200-SP0,3.13.14,3.2.8,4,Intel(R) Core(TM) i5-6200U CPU @ 2.30GHz,0,,-71.2,46.8,7.897434234619141,machine,10.338565840938722,0,88.06956975228161,6.955293923468758,N,1.0,0.0
2026-10-07T15:29:47,codecarbon,cc8c5f8a-bbbf-4b03-a57b-ab84f9027170,5b0fa12a-3dd7-45bb-9766-cc326314d9f1,3903.182611299999,5.940156096908749e-05,1.5218750154582992e-08,3.99940053643009,0.0,10.0,0.004298674278702,0.0,0.0107879919141666,0.0150866661928686,0.0,Canada,CAN,quebec,,,Windows-11-10.0.26200-SP0,3.13.14,3.2.8,4,Intel(R) Core(TM) i5-6200U CPU @ 2.30GHz,0,,-71.2,46.8,7.897434234619141,machine,10.32425974025974,0,88.04950649350648,6.953711794568346,N,1.0,0.0
2026-10-07T15:30:03,codecarbon,cc8c5f8a-bbbf-4b03-a57b-ab84f9027170,5b0fa12a-3dd7-45bb-9766-cc326314d9f1,3918.993487999993,5.963739193172987e-05,1.5217527692847744e-08,4.004045308761675,0.0,10.0,0.0043177397681862,0.0,0.0108288222077776,0.0151465619759639,0.0,Canada,CAN,quebec,,,Windows-11-10.0.26200-SP0,3.13.14,3.2.8,4,Intel(R) Core(TM) i5-6200U CPU @ 2.30GHz,0,,-71.2,46.8,7.897434234619141,machine,10.333264355923436,0,88.02917744438696,6.95211034578421,N,1.0,0.0
2026-10-07T15:30:19,codecarbon,cc8c5f8a-bbbf-4b03-a57b-ab84f9027170,5b0fa12a-3dd7-45bb-9766-cc326314d9f1,3934.704341799996,5.986578628389581e-05,1.5214811859665474e-08,4.005521426336093,0.0,10.0,0.0043352169051517,0.0,0.0108693521213888,0.0152045690265405,0.0,Canada,CAN,quebec,,,Windows-11-10.0.26200-SP0,3.13.14,3.2.8,4,Intel(R) Core(TM) i5-6200U CPU @ 2.30GHz,0,,-71.2,46.8,7.897434234619141,machine,10.293326462251995,0,88.01053852099975,6.950640742541035,N,1.0,0.0
2026-10-07T15:30:34,codecarbon,cc8c5f8a-bbbf-4b03-a57b-ab84f9027170,5b0fa12a-3dd7-45bb-9766-cc326314d9f1,3950.282143199991,6.0233452496179385e-05,1.524788617943788e-08,3.9969032017550696,0.0,10.0,0.0043478130906047,0.0,0.0109501349199999,0.0152979480106047,0.0,Canada,CAN,quebec,,,Windows-11-10.0.26200-SP0,3.13.14,3.2.8,4,Intel(R) Core(TM) i5-6200U CPU @ 2.30GHz,0,,-71.2,46.8,7.897434234619141,machine,10.279363449691992,0,87.99101642710473,6.949096149977228,N,1.0,0.0
2026-10-07T15:30:50,codecarbon,cc8c5f8a-bbbf-4b03-a57b-ab84f9027170,5b0fa12a-3dd7-45bb-9766-cc326314d9f1,3965.8738246,6.043728518934839e-05,1.52393363637695e-08,3.9931664639382674,0.0,10.0,0.0043590690251303,0.0,0.0109906479247222,0.0153497169498525,0.0,Canada,CAN,quebec,,,Windows-11-10.0.26200-SP0,3.13.14,3.2.8,4,Intel(R) Core(TM) i5-6200U CPU @ 2.30GHz,0,,-71.2,46.8,7.897434234619141,machine,10.237321063394685,0,87.96597648261759,6.947113602683101,N,1.0,0.0
2026-10-07T15:31:05,codecarbon,cc8c5f8a-bbbf-4b03-a57b-ab84f9027170,5b0fa12a-3dd7-45bb-9766-cc326314d9f1,3981.455193499991,6.068188532817442e-05,1.5241132294353564e-08,3.995102776154082,0.0,10.0,0.0043807059006468,0.0,0.0110311340066666,0.0154118399073135,0.0,Canada,CAN,quebec,,,Windows-11-10.0.26200-SP0,3.13.14,3.2.8,4,Intel(R) Core(TM) i5-6200U CPU @ 2.30GHz,0,,-71.2,46.8,7.897434234619141,machine,10.249146931499872,0,87.94840845429081,6.945725734585382,N,1.0,0.0
2026-10-07T15:31:21,codecarbon,cc8c5f8a-bbbf-4b03-a57b-ab84f9027170,5b0fa12a-3dd7-45bb-9766-cc326314d9f1,3997.015041099992,6.087013566969793e-05,1.52288983263236e-08,3.986817869340465,0.0,10.0,0.0043880782804311,0.0,0.0110715729977777,0.0154596512782089,0.0,Canada,CAN,quebec,,,Windows-11-10.0.26200-SP0,3.13.14,3.2.8,4,Intel(R) Core(TM) i5-6200U CPU @ 2.30GHz,0,,-71.2,46.8,7.897434234619141,machine,10.24983515090033,0,87.92394116155211,6.943794484613754,N,1.0,0.0
2026-10-07T15:31:37,codecarbon,cc8c5f8a-bbbf-4b03-a57b-ab84f9027170,5b0fa12a-3dd7-45bb-9766-cc326314d9f1,4012.578445899999,6.110138942099412e-05,1.522746290067593e-08,3.983995978907663,0.0,10.0,0.004406372641573,0.0,0.0111120119105555,0.0155183845521286,0.0,Canada,CAN,quebec,,,Windows-11-10.0.26200-SP0,3.13.14,3.2.8,4,Intel(R) Core(TM) i5-6200U CPU @ 2.30GHz,0,,-71.2,46.8,7.897434234619141,machine,10.261520970186965,0,87.90020212228399,6.941925588552852,N,1.0,0.0
2026-10-07T15:31:52,codecarbon,cc8c5f8a-bbbf-4b03-a57b-ab84f9027170,5b0fa12a-3dd7-45bb-9766-cc326314d9f1,4028.1513104999904,6.134564952211038e-05,1.5229231673150806e-08,3.9944816145687967,0.0,10.0,0.0044279629034597,0.0,0.0111524582441666,0.0155804211476264,0.0,Canada,CAN,quebec,,,Windows-11-10.0.26200-SP0,3.13.14,3.2.8,4,Intel(R) Core(TM) i5-6200U CPU @ 2.30GHz,0,,-71.2,46.8,7.897434234619141,machine,10.222778756607095,0,87.88441983387868,6.94068070571788,N,1.0,0.0
2026-10-07T15:32:08,codecarbon,cc8c5f8a-bbbf-4b03-a57b-ab84f9027170,5b0fa12a-3dd7-45bb-9766-cc326314d9f1,4044.064586499997,6.170306337905315e-05,1.5257684950193906e-08,4.026594495576665,0.0,10.0,0.0044777171433125,0.0,0.0111934791197221,0.0156711962630347,0.0,Canada,CAN,quebec,,,Windows-11-10.0.26200-SP0,3.13.14,3.2.8,4,Intel(R) Core(TM) i5-6200U CPU @ 2.30GHz,0,,-71.2,46.8,7.897434234619141,machine,10.307119578841816,0,87.8808974680371,6.940401196330375,N,1.0,0.0
2026-10-07T15:32:24,codecarbon,cc8c5f8a-bbbf-4b03-a57b-ab84f9027170,5b0fa12a-3dd7-45bb-9766-cc326314d9f1,4059.750081899998,6.201695102441696e-05,1.527605142516371e-08,4.0467853063017065,0.0,10.0,0.0045166742715791,0.0,0.0112342424238888,0.015750916695468,0.0,Canada,CAN,quebec,,,Windows-11-10.0.26200-SP0,3.13.14,3.2.8,4,Intel(R) Core(TM) i5-6200U CPU @ 2.30GHz,0,,-71.2,46.8,7.897434234619141,machine,10.343431568431567,0,87.88169330669331,6.940466432066469,N,1.0,0.0
2026-10-07T15:32:39,codecarbon,cc8c5f8a-bbbf-4b03-a57b-ab84f9027170,5b0fa12a-3dd7-45bb-9766-cc326314d9f1,4075.3368974999903,6.23051031016322e-05,1.5288331902045494e-08,4.059604867084642,0.0,10.0,0.0045493536299376,0.0,0.0112747472399999,0.0158241008699376,0.0,Canada,CAN,quebec,,,Windows-11-10.0.26200-SP0,3.13.14,3.2.8,4,Intel(R) Core(TM) i5-6200U CPU @ 2.30GHz,0,,-71.2,46.8,7.897434234619141,machine,10.426641791044776,0,87.88089552238806,6.9404041717301554,N,1.0,0.0
2026-10-07T15:32:55,codecarbon,cc8c5f8a-bbbf-4b03-a57b-ab84f9027170,5b0fa12a-3dd7-45bb-9766-cc326314d9f1,4090.9857461999927,6.253239844878905e-05,1.5285410981173356e-08,4.059467040604583,0.0,10.0,0.0045667050934097,0.0,0.0113151237044443,0.015881828797854,0.0,Canada,CAN,quebec,,,Windows-11-10.0.26200-SP0,3.13.14,3.2.8,4,Intel(R) Core(TM) i5-6200U CPU @ 2.30GHz,0,,-71.2,46.8,7.897434234619141,machine,10.437447335811648,0,87.87491945477075,6.939934625826508,N,1.0,0.0
2026-10-07T15:33:11,codecarbon,cc8c5f8a-bbbf-4b03-a57b-ab84f9027170,5b0fa12a-3dd7-45bb-9766-cc326314d9f1,4106.564064799997,6.276624967587316e-05,1.5284371237230432e-08,4.062603847700688,0.0,10.0,0.0045856111824536,0.0,0.0113556105899999,0.0159412217724536,0.0,Canada,CAN,quebec,,,Windows-11-10.0.26200-SP0,3.13.14,3.2.8,4,Intel(R) Core(TM) i5-6200U CPU @ 2.30GHz,0,,-71.2,46.8,7.897434234619141,machine,10.445593680572696,0,87.86739076771167,6.939343662681005,N,1.0,0.0
2026-10-07T15:33:26,codecarbon,cc8c5f8a-bbbf-4b03-a57b-ab84f9027170,5b0fa12a-3dd7-45bb-9766-cc326314d9f1,4122.108854499995,6.304437517941462e-05,1.5294204351394262e-08,4.076078645959815,0.0,10.0,0.0046158731978655,0.0,0.0113959862238887,0.0160118594217543,0.0,Canada,CAN,quebec,,,Windows-11-10.0.26200-SP0,3.13.14,3.2.8,4,Intel(R) Core(TM) i5-6200U CPU @ 2.30GHz,0,,-71.2,46.8,7.897434234619141,machine,10.456246925725528,0,87.86283817019184,6.938980414019508,N,1.0,0.0
2026-10-07T15:33:42,codecarbon,cc8c5f8a-bbbf-4b03-a57b-ab84f9027170,5b0fa12a-3dd7-45bb-9766-cc326314d9f1,4137.681885600003,6.326106324150669e-05,1.5289010849690598e-08,4.073848352450936,0.0,10.0,0.004630450959036,0.0,0.0114364423777776,0.0160668933368136,0.0,Canada,CAN,quebec,,,Windows-11-10.0.26200-SP0,3.13.14,3.2.8,4,Intel(R) Core(TM) i5-6200U CPU @ 2.30GHz,0,,-71.2,46.8,7.897434234619141,machine,10.442318059299192,0,87.85770644449889,6.938574813622173,N,1.0,0.0
2026-10-07T15:33:57,codecarbon,cc8c5f8a-bbbf-4b03-a57b-ab84f9027170,5b0fa12a-3dd7-45bb-9766-cc326314d9f1,4153.247898799993,6.347319631445598e-05,1.5282785391354903e-08,4.071054730362556,0.0,10.0,0.0046438738427506,0.0,0.0114768965438887,0.0161207703866393,0.0,Canada,CAN,quebec,,,Windows-11-10.0.26200-SP0,3.13.14,3.2.8,4,Intel(R) Core(TM) i5-6200U CPU @ 2.30GHz,0,,-71.2,46.8,7.897434234619141,machine,10.425945814010252,0,87.85025628508664,6.9379870931724525,N,1.0,0.0
2026-10-07T15:34:13,codecarbon,cc8c5f8a-bbbf-4b03-a57b-ab84f9027170,5b0fa12a-3dd7-45bb-9766-cc326314d9f1,4168.811138499994,6.366999952608236e-05,1.5272939313099192e-08,4.0649088418747805,0.0,10.0,0.0046534345897224,0.0,0.0115173194052776,0.016170753995,0.0,Canada,CAN,quebec,,,Windows-11-10.0.26200-SP0,3.13.14,3.2.8,4,Intel(R) Core(TM) i5-6200U CPU @ 2.30GHz,0,,-71.2,46.8,7.897434234619141,machine,10.400072957198445,0,87.84049124513618,6.937213576721311,N,1.0,0.0
2026-10-07T15:34:28,codecarbon,cc8c5f8a-bbbf-4b03-a57b-ab84f9027170,5b0fa12a-3dd7-45bb-9766-cc326314d9f1,4184.382556199998,6.389103634013837e-05,1.5268928087244565e-08,4.0640120631869845,0.0,10.0,0.0046691018490017,0.0,0.0115577905466664,0.0162268923956682,0.0,Canada,CAN,quebec,,,Windows-11-10.0.26200-SP0,3.13.14,3.2.8,4,Intel(R) Core(TM) i5-6200U CPU @ 2.30GHz,0,,-71.2,46.8,7.897434234619141,machine,10.359762596899223,0,87.83003875968993,6.936388993448065,N,1.0,0.0
2026-10-07T15:34:44,codecarbon,cc8c5f8a-bbbf-4b03-a57b-ab84f9027170,5b0fa12a-3dd7-45bb-9766-cc326314d9f1,4199.953591999991,6.408975199731631e-05,1.52596333729481e-08,4.058112755094501,0.0,10.0,0.0046791364720923,0.0,0.0115982252502775,0.0162773617223699,0.0,Canada,CAN,quebec,,,Windows-11-10.0.26200-SP0,3.13.14,3.2.8,4,Intel(R) Core(TM) i5-6200U CPU @ 2.30GHz,0,,-71.2,46.8,7.897434234619141,machine,10.34639150374125,0,87.8193096789766,6.935539926045073,N,1.0,0.0
2026-10-07T15:34:59,codecarbon,cc8c5f8a-bbbf-4b03-a57b-ab84f9027170,5b0fa12a-3dd7-45bb-9766-cc326314d9f1,4215.511867499998,6.428750358359852e-05,1.525022478983652e-08,4.052158844370486,0.0,10.0,0.0046889300738768,0.0,0.0116386561227776,0.0163275861966544,0.0,Canada,CAN,quebec,,,Windows-11-10.0.26200-SP0,3.13.14,3.2.8,4,Intel(R) Core(TM) i5-6200U CPU @ 2.30GHz,0,,-71.2,46.8,7.897434234619141,machine,10.306588122144746,0,87.8062995912479,6.93451260316541,N,1.0,0.0
2026-10-07T15:35:15,codecarbon,cc8c5f8a-bbbf-4b03-a57b-ab84f9027170,5b0fa12a-3dd7-45bb-9766-cc326314d9f1,4231.082053699996,6.44961431765099e-05,1.5243415834989382e-08,4.049957930890059,0.0,10.0,0.0047014617496756,0.0,0.0116791142311109,0.0163805759807866,0.0,Canada,CAN,quebec,,,Windows-11-10.0.26200-SP0,3.13.14,3.2.8,4,Intel(R) Core(TM) i5-6200U CPU @ 2.30GHz,0,,-71.2,46.8,7.897434234619141,machine,10.34142309535218,0,87.79602299952084,6.93370291303663,N,1.0,0.0
2026-10-07T15:35:31,codecarbon,cc8c5f8a-bbbf-4b03-a57b-ab84f9027170,5b0fa12a-3dd7-45bb-9766-cc326314d9f1,4246.781792199996,6.468778411576746e-05,1.5232189286150422e-08,4.042696134814283,0.0,10.0,0.004709340519241,0.0,0.0117199079683332,0.0164292484875743,0.0,Canada,CAN,quebec,,,Windows-11-10.0.26200-SP0,3.13.14,3.2.8,4,Intel(R) Core(TM) i5-6200U CPU @ 2.30GHz,0,,-71.2,46.8,7.897434234619141,machine,10.301933174224343,0,87.78646778042959,6.932945307001009,N,1.0,0.0
2026-10-07T15:35:46,codecarbon,cc8c5f8a-bbbf-4b03-a57b-ab84f9027170,5b0fa12a-3dd7-45bb-9766-cc326314d9f1,4262.3646438,6.489116824336225e-05,1.5224217932117193e-08,4.036743577033614,0.0,10.0,0.0047205135964897,0.0,0.0117603899047221,0.0164809035012118,0.0,Canada,CAN,quebec,,,Windows-11-10.0.26200-SP0,3.13.14,3.2.8,4,Intel(R) Core(TM) i5-6200U CPU @ 2.30GHz,0,,-71.2,46.8,7.897434234619141,machine,10.28896551724138,0,87.77479191438763,6.932022879438367,N,1.0,0.0
2026-10-07T15:36:02,codecarbon,cc8c5f8a-bbbf-4b03-a57b-ab84f9027170,5b0fa12a-3dd7-45bb-9766-cc326314d9f1,4278.209023599993,6.511797272540454e-05,1.522084880990915e-08,4.037167903111899,0.0,10.0,0.0047369207312155,0.0,0.0118015860291665,0.0165385067603821,0.0,Canada,CAN,quebec,,,Windows-11-10.0.26200-SP0,3.13.14,3.2.8,4,Intel(R) Core(TM) i5-6200U CPU @ 2.30GHz,0,,-71.2,46.8,7.897434234619141,machine,10.368419805733238,0,87.76218905472638,6.931028531925623,N,1.0,0.0
2026-10-07T15:36:18,codecarbon,cc8c5f8a-bbbf-4b03-a57b-ab84f9027170,5b0fa12a-3dd7-45bb-9766-cc326314d9f1,4293.790677500001,6.536537289409315e-05,1.5223232291368062e-08,4.044152715016793,0.0,10.0,0.0047592728513329,0.0,0.0118420680113888,0.0166013408627217,0.0,Canada,CAN,quebec,,,Windows-11-10.0.26200-SP0,3.13.14,3.2.8,4,Intel(R) Core(TM) i5-6200U CPU @ 2.30GHz,0,,-71.2,46.8,7.897434234619141,machine,10.37891879131256,0,87.75495750708215,6.9304563326020645,N,1.0,0.0
2026-10-07T15:36:33,codecarbon,cc8c5f8a-bbbf-4b03-a57b-ab84f9027170,5b0fa12a-3dd7-45bb-9766-cc326314d9f1,4309.35156119999,6.557500579404636e-05,1.5216907895021268e-08,4.038977165328921,0.0,10.0,0.0047720846720976,0.0,0.0118824982524999,0.0166545829245975,0.0,Canada,CAN,quebec,,,Windows-11-10.0.26200-SP0,3.13.14,3.2.8,4,Intel(R) Core(TM) i5-6200U CPU @ 2.30GHz,0,,-71.2,46.8,7.897434234619141,machine,10.365819807104211,0,87.74805928016937,6.929909913631305,N,1.0,0.0
2026-10-07T15:36:49,codecarbon,cc8c5f8a-bbbf-4b03-a57b-ab84f9027170,5b0fa12a-3dd7-45bb-9766-cc326314d9f1,4324.934192100001,6.582427748878275e-05,1.52197177032239e-08,4.047582776212618,0.0,10.0,0.0047948990412518,0.0,0.0119229933113888,0.0167178923526406,0.0,Canada,CAN,quebec,,,Windows-11-10.0.26200-SP0,3.13.14,3.2.8,4,Intel(R) Core(TM) i5-6200U CPU @ 2.30GHz,0,,-71.2,46.8,7.897434234619141,machine,10.37382235762831,0,87.73911413170846,6.929200698319715,N,1.0,0.0
2026-10-07T15:37:05,codecarbon,cc8c5f8a-bbbf-4b03-a57b-ab84f9027170,5b0fa12a-3dd7-45bb-9766-cc326314d9f1,4340.522207699993,6.618902140425666e-05,1.5249091753715432e-08,4.052435081203972,0.0,10.017667844522968,0.0048067726154264,0.0,0.0120037565233333,0.0168105291387597,0.0,Canada,CAN,quebec,,,Windows-11-10.0.26200-SP0,3.13.14,3.2.8,4,Intel(R) Core(TM) i5-6200U CPU @ 2.30GHz,0,,-71.2,46.8,7.897434234619141,machine,10.36083605791686,0,87.73059318075666,6.928527617332034,N,1.0,0.0
2026-10-07T15:37:20,codecarbon,cc8c5f8a-bbbf-4b03-a57b-ab84f9027170,5b0fa12a-3dd7-45bb-9766-cc326314d9f1,4356.108471899992,6.639937334066394e-05,1.524281908244188e-08,4.0395449082680335,0.0,10.0,0.0048198888584032,0.0,0.0120440649613888,0.0168639538197921,0.0,Canada,CAN,quebec,,,Windows-11-10.0.26200-SP0,3.13.14,3.2.8,4,Intel(R) Core(TM) i5-6200U CPU @ 2.30GHz,0,,-71.2,46.8,7.897434234619141,machine,10.347940423551314,0,87.72201535955318,6.927851929286205,N,1.0,0.0
2026-10-07T15:37:36,codecarbon,cc8c5f8a-bbbf-4b03-a57b-ab84f9027170,5b0fa12a-3dd7-45bb-9766-cc326314d9f1,4371.654823499994,6.66116955763191e-05,1.5237180945358594e-08,4.0340522502218885,0.0,10.0,0.0048334205699311,0.0,0.0120844583427776,0.0169178789127088,0.0,Canada,CAN,quebec,,,Windows-11-10.0.26200-SP0,3.13.14,3.2.8,4,Intel(R) Core(TM) i5-6200U CPU @ 2.30GHz,0,,-71.2,46.8,7.897434234619141,machine,10.33273823324832,0,87.71263621609089,6.927111156241622,N,1.0,0.0
2026-10-07T15:37:51,codecarbon,cc8c5f8a-bbbf-4b03-a57b-ab84f9027170,5b0fa12a-3dd7-45bb-9766-cc326314d9f1,4387.212609900002,6.68030731276727e-05,1.5226769037116567e-08,4.026298762205843,0.0,10.0,0.0048416018787564,0.0,0.012124882646111,0.0169664845248674,0.0,Canada,CAN,quebec,,,Windows-11-10.0.26200-SP0,3.13.14,3.2.8,4,Intel(R) Core(TM) i5-6200U CPU @ 2.30GHz,0,,-71.2,46.8,7.897434234619141,machine,10.296926987060996,0,87.70362754158964,6.926401980923637,N,1.0,0.0
2026-10-07T15:38:07,codecarbon,cc8c5f8a-bbbf-4b03-a57b-ab84f9027170,5b0fa12a-3dd7-45bb-9766-cc326314d9f1,4402.765339199992,6.700702044933895e-05,1.5219303162206352e-08,4.02025135834227,0.0,10.0,0.0048529937763531,0.0,0.0121652888008332,0.0170182825771864,0.0,Canada,CAN,quebec,,,Windows-11-10.0.26200-SP0,3.13.14,3.2.8,4,Intel(R) Core(TM) i5-6200U CPU @ 2.30GHz,0,,-71.2,46.8,7.897434234619141,machine,10.330439788164863,0,87.69686852406171,6.925866648976824,N,1.0,0.0
2026-10-07T15:38:22,codecarbon,cc8c5f8a-bbbf-4b03-a57b-ab84f9027170,5b0fa12a-3dd7-45bb-9766-cc326314d9f1,4418.345473299996,6.722060553088063e-05,1.5213976801292217e-08,4.015741278857858,0.0,10.0,0.0048667505227326,0.0,0.0122057778819443,0.0170725284046769,0.0,Canada,CAN,quebec,,,Windows-11-10.0.26200-SP0,3.13.14,3.2.8,4,Intel(R) Core(TM) i5-6200U CPU @ 2.30GHz,0,,-71.2,46.8,7.897434234619141,machine,10.34796971782519,0,87.69233769213123,6.925507705838999,N,1.0,0.0
2026-10-07T15:38:38,codecarbon,cc8c5f8a-bbbf-4b03-a57b-ab84f9027170,5b0fa12a-3dd7-45bb-9766-cc326314d9f1,4433.941401599994,6.742109014178513e-05,1.5205679109213335e-08,4.009799681537886,0.0,10.0,0.0048771458560097,0.0,0.0122463011499998,0.0171234470060096,0.0,Canada,CAN,quebec,,,Windows-11-10.0.26200-SP0,3.13.14,3.2.8,4,Intel(R) Core(TM) i5-6200U CPU @ 2.30GHz,0,,-71.2,46.8,7.897434234619141,machine,10.32962962962963,0,87.68477366255145,6.924912923211968,N,1.0,0.0
2026-10-07T15:38:54,codecarbon,cc8c5f8a-bbbf-4b03-a57b-ab84f9027170,5b0fa12a-3dd7-45bb-9766-cc326314d9f1,4449.547349799992,6.764424306380905e-05,1.5202499882791376e-08,4.010353351326607,0.0,10.0,0.004893287984045,0.0,0.0122868348666665,0.0171801228507115,0.0,Canada,CAN,quebec,,,Windows-11-10.0.26200-SP0,3.13.14,3.2.8,4,Intel(R) Core(TM) i5-6200U CPU @ 2.30GHz,0,,-71.2,46.8,7.897434234619141,machine,10.314760820045558,0,87.67753986332575,6.924338850399356,N,1.0,0.0
2026-10-07T15:39:09,codecarbon,cc8c5f8a-bbbf-4b03-a57b-ab84f9027170,5b0fa12a-3dd7-45bb-9766-cc326314d9f1,4465.093672899995,6.783140286765674e-05,1.5191484845961026e-08,4.002920534530675,0.0,10.0,0.0049004426669599,0.0,0.0123272145824998,0.0172276572494598,0.0,Canada,CAN,quebec,,,Windows-11-10.0.26200-SP0,3.13.14,3.2.8,4,Intel(R) Core(TM) i5-6200U CPU @ 2.30GHz,0,,-71.2,46.8,7.897434234619141,machine,10.279636776390468,0,87.6710783200908,6.923826949848084,N,1.0,0.0
2026-10-07T15:39:25,codecarbon,cc8c5f8a-bbbf-4b03-a57b-ab84f9027170,5b0fa12a-3dd7-45bb-9766-cc326314d9f1,4480.660581799995,6.801881577101076e-05,1.5180532988215292e-08,3.9952735961483055,0.0,10.0,0.0049075938059257,0.0,0.0123676621238887,0.0172752559298145,0.0,Canada,CAN,quebec,,,Windows-11-10.0.26200-SP0,3.13.14,3.2.8,4,Intel(R) Core(TM) i5-6200U CPU @ 2.30GHz,0,,-71.2,46.8,7.897434234619141,machine,10.242433838498078,0,87.66362813843023,6.923236129025587,N,1.0,0.0
2026-10-07T15:39:40,codecarbon,cc8c5f8a-bbbf-4b03-a57b-ab84f9027170,5b0fa12a-3dd7-45bb-9766-cc326314d9f1,4496.226616699991,6.823645820980005e-05,1.5176383226849508e-08,3.9939221481816536,0.0,10.0,0.0049224200226818,0.0,0.0124081122124998,0.0173305322351817,0.0,Canada,CAN,quebec,,,Windows-11-10.0.26200-SP0,3.13.14,3.2.8,4,Intel(R) Core(TM) i5-6200U CPU @ 2.30GHz,0,,-71.2,46.8,7.897434234619141,machine,10.20779981965735,0,87.65723624887286,6.922730481979329,N,1.0,0.0
2026-10-07T15:39:56,codecarbon,cc8c5f8a-bbbf-4b03-a57b-ab84f9027170,5b0fa12a-3dd7-45bb-9766-cc326314d9f1,4511.821003699995,6.844545499493275e-05,1.5170250534939866e-08,3.990731705352768,0.0,10.0,0.0049349943348056,0.0,0.0124486184033332,0.0173836127381389,0.0,Canada,CAN,quebec,,,Windows-11-10.0.26200-SP0,3.13.14,3.2.8,4,Intel(R) Core(TM) i5-6200U CPU @ 2.30GHz,0,,-71.2,46.8,7.897434234619141,machine,10.173399236126714,0,87.64643900247135,6.921877904517869,N,1.0,0.0
2026-10-07T15:40:11,codecarbon,cc8c5f8a-bbbf-4b03-a57b-ab84f9027170,5b0fa12a-3dd7-45bb-9766-cc326314d9f1,4527.372599099996,6.865478329749266e-05,1.51643766433407e-08,3.987402545484908,0.0,10.0,0.0049477473690983,0.0,0.0124890300699999,0.0174367774390982,0.0,Canada,CAN,quebec,,,Windows-11-10.0.26200-SP0,3.13.14,3.2.8,4,Intel(R) Core(TM) i5-6200U CPU @ 2.30GHz,0,,-71.2,46.8,7.897434234619141,machine,10.20411909558988,0,87.63541526751736,6.921006327591301,N,1.0,0.0
2026-10-07T15:40:27,codecarbon,cc8c5f8a-bbbf-4b03-a57b-ab84f9027170,5b0fa12a-3dd7-45bb-9766-cc326314d9f1,4542.932091199997,6.884442952826455e-05,1.51541841582051e-08,3.980449926713775,0.0,10.0,0.0049554923162686,0.0,0.0125294510183332,0.0174849433346019,0.0,Canada,CAN,quebec,,,Windows-11-10.0.26200-SP0,3.13.14,3.2.8,4,Intel(R) Core(TM) i5-6200U CPU @ 2.30GHz,0,,-71.2,46.8,7.897434234619141,machine,10.169968763944668,0,87.62463186077643,6.9201517824294685,N,1.0,0.0
2026-10-07T15:40:42,codecarbon,cc8c5f8a-bbbf-4b03-a57b-ab84f9027170,5b0fa12a-3dd7-45bb-9766-cc326314d9f1,4558.49646509999,6.904392961472478e-05,1.5146206680936915e-08,3.975582529901292,0.0,10.0,0.0049657254043297,0.0,0.0125698864844443,0.0175356118887741,0.0,Canada,CAN,quebec,,,Windows-11-10.0.26200-SP0,3.13.14,3.2.8,4,Intel(R) Core(TM) i5-6200U CPU @ 2.30GHz,0,,-71.2,46.8,7.897434234619141,machine,10.133792796798575,0,87.61336149399733,6.919260501649551,N,1.0,0.0
2026-10-07T15:40:58,codecarbon,cc8c5f8a-bbbf-4b03-a57b-ab84f9027170,5b0fa12a-3dd7-45bb-9766-cc326314d9f1,4574.048111700002,6.925093150248154e-05,1.5139965695888488e-08,3.972132787509558,0.0,10.0,0.0049779043680289,0.0,0.0126102813644443,0.0175881857324733,0.0,Canada,CAN,quebec,,,Windows-11-10.0.26200-SP0,3.13.14,3.2.8,4,Intel(R) Core(TM) i5-6200U CPU @ 2.30GHz,0,,-71.2,46.8,7.897434234619141,machine,10.122269000664748,0,87.60259251052516,6.918408687802025,N,1.0,0.0
2026-10-07T15:41:14,codecarbon,cc8c5f8a-bbbf-4b03-a57b-ab84f9027170,5b0fa12a-3dd7-45bb-9766-cc326314d9f1,4589.682095299999,6.945132315572607e-05,1.5132055273903774e-08,3.967857805264368,0.0,10.0,0.0049881705026977,0.0,0.0126509102219444,0.0176390807246421,0.0,Canada,CAN,quebec,,,Windows-11-10.0.26200-SP0,3.13.14,3.2.8,4,Intel(R) Core(TM) i5-6200U CPU @ 2.30GHz,0,,-71.2,46.8,7.897434234619141,machine,10.086509163170678,0,87.59485537646279,6.917792554616559,N,1.0,0.0
2026-10-07T15:41:29,codecarbon,cc8c5f8a-bbbf-4b03-a57b-ab84f9027170,5b0fa12a-3dd7-45bb-9766-cc326314d9f1,4605.248147099992,6.963728884381185e-05,1.5121289150870994e-08,3.9601639864164953,0.0,10.0,0.0049949572527846,0.0,0.0126913545919443,0.017686311844729,0.0,Canada,CAN,quebec,,,Windows-11-10.0.26200-SP0,3.13.14,3.2.8,4,Intel(R) Core(TM) i5-6200U CPU @ 2.30GHz,0,,-71.2,46.8,7.897434234619141,machine,10.053213028169017,0,87.58714788732394,6.917187871227802,N,1.0,0.0
2026-10-07T15:41:45,codecarbon,cc8c5f8a-bbbf-4b03-a57b-ab84f9027170,5b0fa12a-3dd7-45bb-9766-cc326314d9f1,4620.876840199999,6.983666587713039e-05,1.5113293059355323e-08,3.956445281123391,0.0,10.0,0.005004971116159,0.0,0.0127319780299999,0.0177369491461589,0.0,Canada,CAN,quebec,,,Windows-11-10.0.26200-SP0,3.13.14,3.2.8,4,Intel(R) Core(TM) i5-6200U CPU @ 2.30GHz,0,,-71.2,46.8,7.897434234619141,machine,10.04207062952402,0,87.57808729984646,6.916474354269735,N,1.0,0.0
2026-10-07T15:42:00,codecarbon,cc8c5f8a-bbbf-4b03-a57b-ab84f9027170,5b0fa12a-3dd7-45bb-9766-cc326314d9f1,4636.42124679999,7.00280072933851e-05,1.5103892326806523e-08,3.9496963702124464,0.0,10.0,0.0050131848710895,0.0,0.0127723607097222,0.0177855455808117,0.0,Canada,CAN,quebec,,,Windows-11-10.0.26200-SP0,3.13.14,3.2.8,4,Intel(R) Core(TM) i5-6200U CPU @ 2.30GHz,0,,-71.2,46.8,7.897434234619141,machine,10.0288087431694,0,87.56909289617487,6.9157598543427685,N,1.0,0.0
2026-10-07T15:42:16,codecarbon,cc8c5f8a-bbbf-4b03-a57b-ab84f9027170,5b0fa12a-3dd7-45bb-9766-cc326314d9f1,4651.973353399997,7.024689069063926e-05,1.5100449928264913e-08,3.952945657528797,0.0,10.0,0.0050283756493378,0.0,0.0128127614124999,0.0178411370618378,0.0,Canada,CAN,quebec,,,Windows-11-10.0.26200-SP0,3.13.14,3.2.8,4,Intel(R) Core(TM) i5-6200U CPU @ 2.30GHz,0,,-71.2,46.8,7.897434234619141,machine,10.039607843137256,0,87.56213507625273,6.915212070240694,N,1.0,0.0
2026-10-07T15:42:32,codecarbon,cc8c5f8a-bbbf-4b03-a57b-ab84f9027170,5b0fa12a-3dd7-45bb-9766-cc326314d9f1,4667.564196499996,7.051718282266227e-05,1.5107919217381102e-08,3.9671552083927417,0.0,10.0,0.0050571216352007,0.0,0.0128526635749999,0.0179097852102006,0.0,Canada,CAN,quebec,,,Windows-11-10.0.26200-SP0,3.13.14,3.2.8,4,Intel(R) Core(TM) i5-6200U CPU @ 2.30GHz,0,,-71.2,46.8,7.897434234619141,machine,10.093767643865364,0,87.55669923995656,6.914782238524331,N,1.0,0.0
2026-10-07T15:42:47,codecarbon,cc8c5f8a-bbbf-4b03-a57b-ab84f9027170,5b0fa12a-3dd7-45bb-9766-cc326314d9f1,4683.1046795,7.071886541784411e-05,1.510085087942013e-08,3.962991458318134,0.0,10.0,0.005067967015211,0.0,0.0128930410574999,0.017961008072711,0.0,Canada,CAN,quebec,,,Windows-11-10.0.26200-SP0,3.13.14,3.2.8,4,Intel(R) Core(TM) i5-6200U CPU @ 2.30GHz,0,,-71.2,46.8,7.897434234619141,machine,10.080458775156892,0,87.54931832936595,6.914199689589804,N,1.0,0.0
2026-10-07T15:43:03,codecarbon,cc8c5f8a-bbbf-4b03-a57b-ab84f9027170,5b0fa12a-3dd7-45bb-9766-cc326314d9f1,4698.676078599994,7.09209884050173e-05,1.5093823710901295e-08,3.9586837578376906,0.0,10.0,0.0050788431490913,0.0,0.0129334996358332,0.0180123427849246,0.0,Canada,CAN,quebec,,,Windows-11-10.0.26200-SP0,3.13.14,3.2.8,4,Intel(R) Core(TM) i5-6200U CPU @ 2.30GHz,0,,-71.2,46.8,7.897434234619141,machine,10.112553925798103,0,87.54178170836929,6.913606409989522,N,1.0,0.0
2026-10-07T15:43:18,codecarbon,cc8c5f8a-bbbf-4b03-a57b-ab84f9027170,5b0fa12a-3dd7-45bb-9766-cc326314d9f1,4714.299568100003,7.111875996425234e-05,1.508575323585455e-08,3.956044704691714,0.0,10.0,0.0050884722535586,0.0,0.0129741000783332,0.0180625723318918,0.0,Canada,CAN,quebec,,,Windows-11-10.0.26200-SP0,3.13.14,3.2.8,4,Intel(R) Core(TM) i5-6200U CPU @ 2.30GHz,0,,-71.2,46.8,7.897434234619141,machine,10.077773000859846,0,87.53432932072228,6.913013735416114,N,1.0,0.0
2026-10-07T15:43:34,codecarbon,cc8c5f8a-bbbf-4b03-a57b-ab84f9027170,5b0fa12a-3dd7-45bb-9766-cc326314d9f1,4729.8659854,7.13342928149091e-05,1.5081673145730034e-08,3.953189732608597,0.0,10.0,0.0051027783499508,0.0,0.0130145344991665,0.0181173128491174,0.0,Canada,CAN,quebec,,,Windows-11-10.0.26200-SP0,3.13.14,3.2.8,4,Intel(R) Core(TM) i5-6200U CPU @ 2.30GHz,0,,-71.2,46.8,7.897434234619141,machine,10.045382472680524,0,87.52620527105206,6.912371980165654,N,1.0,0.0
2026-10-07T15:43:49,codecarbon,cc8c5f8a-bbbf-4b03-a57b-ab84f9027170,5b0fa12a-3dd7-45bb-9766-cc326314d9f1,4745.450718199994,7.169956320871056e-05,1.5109115543803828e-08,3.952110127595271,0.0,10.016155088852988,0.0051147388914414,0.0,0.0130953444574998,0.0182100833489413,0.0,Canada,CAN,quebec,,,Windows-11-10.0.26200-SP0,3.13.14,3.2.8,4,Intel(R) Core(TM) i5-6200U CPU @ 2.30GHz,0,,-71.2,46.8,7.897434234619141,machine,10.011061285500748,0,87.52141789451207,6.911993037730284,N,1.0,0.0
2026-10-07T15:44:05,codecarbon,cc8c5f8a-bbbf-4b03-a57b-ab84f9027170,5b0fa12a-3dd7-45bb-9766-cc326314d9f1,4760.997451999996,7.207060767844029e-05,1.513771187761609e-08,3.938320681815772,0.0,10.0,0.0051279520044633,0.0,0.0131763683302775,0.0183043203347409,0.0,Canada,CAN,quebec,,,Windows-11-10.0.26200-SP0,3.13.14,3.2.8,4,Intel(R) Core(TM) i5-6200U CPU @ 2.30GHz,0,,-71.2,46.8,7.897434234619141,machine,9.979097488292892,0,87.52799063431247,6.912513310678871,N,1.0,0.0
2026-10-07T15:44:21,codecarbon,cc8c5f8a-bbbf-4b03-a57b-ab84f9027170,5b0fa12a-3dd7-45bb-9766-cc326314d9f1,4776.569637499997,7.227253322043375e-05,1.5130635310544825e-08,3.937456627149645,0.0,10.0,0.0051388347450231,0.0,0.0132167701552776,0.0183556049003007,0.0,Canada,CAN,quebec,,,Windows-11-10.0.26200-SP0,3.13.14,3.2.8,4,Intel(R) Core(TM) i5-6200U CPU @ 2.30GHz,0,,-71.2,46.8,7.897434234619141,machine,9.94733715255676,0,87.5505198387439,6.914296062590083,N,1.0,0.0
2026-10-07T15:44:37,codecarbon,cc8c5f8a-bbbf-4b03-a57b-ab84f9027170,5b0fa12a-3dd7-45bb-9766-cc326314d9f1,4792.648748799998,7.254454848004344e-05,1.5136629509560326e-08,3.9450025964148216,0.0,10.0,0.0051660231453147,0.0,0.0132586675391665,0.0184246906844812,0.0,Canada,CAN,quebec,,,Windows-11-10.0.26200-SP0,3.13.14,3.2.8,4,Intel(R) Core(TM) i5-6200U CPU @ 2.30GHz,0,,-71.2,46.8,7.897434234619141,machine,9.977119898498628,0,87.57563967012054,6.916279556232468,N,1.0,0.0
2026-10-07T15:44:52,codecarbon,cc8c5f8a-bbbf-4b03-a57b-ab84f9027170,5b0fa12a-3dd7-45bb-9766-cc326314d9f1,4808.210071599999,7.277333208898925e-05,1.5135223088281772e-08,3.9427633304488734,0.0,10.0,0.0051837113625627,0.0,0.0132990852349998,0.0184827965975625,0.0,Canada,CAN,quebec,,,Windows-11-10.0.26200-SP0,3.13.14,3.2.8,4,Intel(R) Core(TM) i5-6200U CPU @ 2.30GHz,0,,-71.2,46.8,7.897434234619141,machine,9.987731871838111,0,87.56825463743677,6.915694314754029,N,1.0,0.0
2026-10-07T15:45:09,codecarbon,cc8c5f8a-bbbf-4b03-a57b-ab84f9027170,5b0fa12a-3dd7-45bb-9766-cc326314d9f1,4824.648513299995,7.30185795130478e-05,1.5134486856764632e-08,3.9417401181984406,0.0,10.0,0.0052031250651435,0.0,0.0133419588858331,0.0185450839509767,0.0,Canada,CAN,quebec,,,Windows-11-10.0.26200-SP0,3.13.14,3.2.8,4,Intel(R) Core(TM) i5-6200U CPU @ 2.30GHz,0,,-71.2,46.8,7.897434234619141,machine,9.996176470588235,0,87.54745798319328,6.914051431768081,N,1.0,0.0
2026-10-07T15:45:24,codecarbon,cc8c5f8a-bbbf-4b03-a57b-ab84f9027170,5b0fa12a-3dd7-45bb-9766-cc326314d9f1,4840.211445599998,7.332665832773076e-05,1.5149474181420006e-08,3.961592332871181,0.0,10.0,0.0052409744577278,0.0,0.0133823546127776,0.0186233290705053,0.0,Canada,CAN,quebec,,,Windows-11-10.0.26200-SP0,3.13.14,3.2.8,4,Intel(R) Core(TM) i5-6200U CPU @ 2.30GHz,0,,-71.2,46.8,7.897434234619141,machine,10.025502512562817,0,87.52456030150753,6.912242403781194,N,1.0,0.0
2026-10-07T15:45:40,codecarbon,cc8c5f8a-bbbf-4b03-a57b-ab84f9027170,5b0fa12a-3dd7-45bb-9766-cc326314d9f1,4855.814741800001,7.35411331416703e-05,1.5144962699793887e-08,3.96092952579853,0.0,10.0,0.005254908689544,0.0,0.0134228921805554,0.0186778008700994,0.0,Canada,CAN,quebec,,,Windows-11-10.0.26200-SP0,3.13.14,3.2.8,4,Intel(R) Core(TM) i5-6200U CPU @ 2.30GHz,0,,-71.2,46.8,7.897434234619141,machine,10.056731371321227,0,87.50281778334377,6.91052380894052,N,1.0,0.0
2026-10-07T15:45:55,codecarbon,cc8c5f8a-bbbf-4b03-a57b-ab84f9027170,5b0fa12a-3dd7-45bb-9766-cc326314d9f1,4871.421010599996,7.377269189376136e-05,1.514397785230126e-08,3.961860351194196,0.0,10.0,0.0052731963398907,0.0,0.0134634152674998,0.0187366116073905,0.0,Canada,CAN,quebec,,,Windows-11-10.0.26200-SP0,3.13.14,3.2.8,4,Intel(R) Core(TM) i5-6200U CPU @ 2.30GHz,0,,-71.2,46.8,7.897434234619141,machine,10.064863740378614,0,87.48119409194923,6.908814466939489,N,1.0,0.0
2026-10-07T15:46:11,codecarbon,cc8c5f8a-bbbf-4b03-a57b-ab84f9027170,5b0fa12a-3dd7-45bb-9766-cc326314d9f1,4886.957596799999,7.399639421128399e-05,1.5141607584182263e-08,3.961483819498748,0.0,10.0,0.0052896539643012,0.0,0.0135037730219443,0.0187934269862455,0.0,Canada,CAN,quebec,,,Windows-11-10.0.26200-SP0,3.13.14,3.2.8,4,Intel(R) Core(TM) i5-6200U CPU @ 2.30GHz,0,,-71.2,46.8,7.897434234619141,machine,10.054292824554128,0,87.46491082538365,6.907527269342044,N,1.0,0.0
2026-10-07T15:46:26,codecarbon,cc8c5f8a-bbbf-4b03-a57b-ab84f9027170,5b0fa12a-3dd7-45bb-9766-cc326314d9f1,4902.508493699992,7.418403181950448e-05,1.5131851768300915e-08,3.954666885449824,0.0,10.0,0.0052969220966042,0.0,0.0135441606399998,0.018841082736604,0.0,Canada,CAN,quebec,,,Windows-11-10.0.26200-SP0,3.13.14,3.2.8,4,Intel(R) Core(TM) i5-6200U CPU @ 2.30GHz,0,,-71.2,46.8,7.897434234619141,machine,10.02311350010337,0,87.44926607401281,6.906293038176386,N,1.0,0.0
2026-10-07T15:46:42,codecarbon,cc8c5f8a-bbbf-4b03-a57b-ab84f9027170,5b0fa12a-3dd7-45bb-9766-cc326314d9f1,4918.046418700003,7.438673402689736e-05,1.5125260661236325e-08,3.950866699437616,0.0,10.0,0.0053080301461154,0.0,0.0135845344116665,0.0188925645577819,0.0,Canada,CAN,quebec,,,Windows-11-10.0.26200-SP0,3.13.14,3.2.8,4,Intel(R) Core(TM) i5-6200U CPU @ 2.30GHz,0,,-71.2,46.8,7.897434234619141,machine,9.990067999175768,0,87.43152689058314,6.904893017149257,N,1.0,0.0
2026-10-07T15:46:58,codecarbon,cc8c5f8a-bbbf-4b03-a57b-ab84f9027170,5b0fa12a-3dd7-45bb-9766-cc326314d9f1,4933.605907199992,7.45752890456731e-05,1.5115777475626827e-08,3.944349457514964,0.0,10.0,0.0053154979657096,0.0,0.0136249553441665,0.0189404533098761,0.0,Canada,CAN,quebec,,,Windows-11-10.0.26200-SP0,3.13.14,3.2.8,4,Intel(R) Core(TM) i5-6200U CPU @ 2.30GHz,0,,-71.2,46.8,7.897434234619141,machine,9.959285127362367,0,87.41479046836483,6.903570567768131,N,1.0,0.0
2026-10-07T15:47:13,codecarbon,cc8c5f8a-bbbf-4b03-a57b-ab84f9027170,5b0fa12a-3dd7-45bb-9766-cc326314d9f1,4949.161114699993,7.477583355293853e-05,1.5108789514012675e-08,3.940273157223354,0.0,10.0,0.0053260120227099,0.0,0.0136653751008332,0.0189913871235431,0.0,Canada,CAN,quebec,,,Windows-11-10.0.26200-SP0,3.13.14,3.2.8,4,Intel(R) Core(TM) i5-6200U CPU @ 2.30GHz,0,,-71.2,46.8,7.897434234619141,machine,9.947133497133498,0,87.3972972972973,6.902190439628832,N,1.0,0.0
2026-10-07T15:47:29,codecarbon,cc8c5f8a-bbbf-4b03-a57b-ab84f9027170,5b0fa12a-3dd7-45bb-9766-cc326314d9f1,4964.88430179999,7.496220873968652e-05,1.5098480484733432e-08,3.932979823825057,0.0,10.0,0.0053324787412862,0.0,0.0137062435058332,0.0190387222471194,0.0,Canada,CAN,quebec,,,Windows-11-10.0.26200-SP0,3.13.14,3.2.8,4,Intel(R) Core(TM) i5-6200U CPU @ 2.30GHz,0,,-71.2,46.8,7.897434234619141,machine,9.916676872831191,0,87.37817922024904,6.900677701409288,N,1.0,0.0
2026-10-07T15:47:44,codecarbon,cc8c5f8a-bbbf-4b03-a57b-ab84f9027170,5b0fa12a-3dd7-45bb-9766-cc326314d9f1,4980.446377100001,7.51669322268626e-05,1.5092408699043273e-08,3.9304963681552056,0.0,10.0,0.0053440497608737,0.0,0.013746667667222,0.0190907174280958,0.0,Canada,CAN,quebec,,,Windows-11-10.0.26200-SP0,3.13.14,3.2.8,4,Intel(R) Core(TM) i5-6200U CPU @ 2.30GHz,0,,-71.2,46.8,7.897434234619141,machine,9.90474059003052,0,87.36046795523907,6.899279404074591,N,1.0,0.0
2026-10-07T15:48:00,codecarbon,cc8c5f8a-bbbf-4b03-a57b-ab84f9027170,5b0fa12a-3dd7-45bb-9766-cc326314d9f1,4996.017260599998,7.536439451510578e-05,1.5084894743949483e-08,3.9262425997347976,0.0,10.0,0.0053537448191017,0.0,0.0137871236080554,0.0191408684271572,0.0,Canada,CAN,quebec,,,Windows-11-10.0.26200-SP0,3.13.14,3.2.8,4,Intel(R) Core(TM) i5-6200U CPU @ 2.30GHz,0,,-71.2,46.8,7.897434234619141,machine,9.874604462474643,0,87.34535496957403,6.898086146263757,N,1.0,0.0
2026-10-07T15:48:16,codecarbon,cc8c5f8a-bbbf-4b03-a57b-ab84f9027170,5b0fa12a-3dd7-45bb-9766-cc326314d9f1,5011.576324599999,7.558076276214394e-05,1.5081235496932485e-08,3.927041651148104,0.0,10.0,0.0053682650907996,0.0,0.0138275560255554,0.019195821116355,0.0,Canada,CAN,quebec,,,Windows-11-10.0.26200-SP0,3.13.14,3.2.8,4,Intel(R) Core(TM) i5-6200U CPU @ 2.30GHz,0,,-71.2,46.8,7.897434234619141,machine,9.885096056622851,0,87.32982810920122,6.896861766973328,N,1.0,0.0
2026-10-07T15:48:31,codecarbon,cc8c5f8a-bbbf-4b03-a57b-ab84f9027170,5b0fa12a-3dd7-45bb-9766-cc326314d9f1,5027.13171799999,7.578534778669237e-05,1.507526598424659e-08,3.92286057341404,0.0,10.0,0.0053798286812026,0.0,0.0138679524497221,0.0192477811309248,0.0,Canada,CAN,quebec,,,Windows-11-10.0.26200-SP0,3.13.14,3.2.8,4,Intel(R) Core(TM) i5-6200U CPU @ 2.30GHz,0,,-71.2,46.8,7.897434234619141,machine,9.873372303970974,0,87.31112678895384,6.895383087047477,N,1.0,0.0
2026-10-07T15:48:47,codecarbon,cc8c5f8a-bbbf-4b03-a57b-ab84f9027170,5b0fa12a-3dd7-45bb-9766-cc326314d9f1,5042.675584800003,7.599162663721525e-05,1.5069703644286516e-08,3.9236288069915055,0.0,10.0,0.0053918367765813,0.0,0.0139083345627777,0.019300171339359,0.0,Canada,CAN,quebec,,,Windows-11-10.0.26200-SP0,3.13.14,3.2.8,4,Intel(R) Core(TM) i5-6200U CPU @ 2.30GHz,0,,-71.2,46.8,7.897434234619141,machine,9.88380225080386,0,87.29734726688102,6.894295305301139,N,1.0,0.0
2026-10-07T15:49:02,codecarbon,cc8c5f8a-bbbf-4b03-a57b-ab84f9027170,5b0fa12a-3dd7-45bb-9766-cc326314d9f1,5058.213195599994,7.619628833065562e-05,1.506387441259628e-08,3.918986683548454,0.0,10.0,0.0054034453702771,0.0,0.0139487054558332,0.0193521508261103,0.0,Canada,CAN,quebec,,,Windows-11-10.0.26200-SP0,3.13.14,3.2.8,4,Intel(R) Core(TM) i5-6200U CPU @ 2.30GHz,0,,-71.2,46.8,7.897434234619141,machine,9.852123397435898,0,87.28255208333333,6.89312592912943,N,1.0,0.0
2026-10-07T15:49:18,codecarbon,cc8c5f8a-bbbf-4b03-a57b-ab84f9027170,5b0fa12a-3dd7-45bb-9766-cc326314d9f1,5073.752429499989,7.638169162223087e-05,1.5054280374054074e-08,3.9120759273028938,0.0,10.0,0.0054101747136895,0.0,0.0139890643963888,0.0193992391100783,0.0,Canada,CAN,quebec,,,Windows-11-10.0.26200-SP0,3.13.14,3.2.8,4,Intel(R) Core(TM) i5-6200U CPU @ 2.30GHz,0,,-71.2,46.8,7.897434234619141,machine,9.84258038745756,0,87.26830437387657,6.891997744752805,N,1.0,0.0
2026-10-07T15:49:33,codecarbon,cc8c5f8a-bbbf-4b03-a57b-ab84f9027170,5b0fa12a-3dd7-45bb-9766-cc326314d9f1,5089.314041099991,7.657911529588803e-05,1.5047040657631813e-08,3.9066698874182144,0.0,10.0,0.0054198917930108,0.0,0.0140294885088888,0.0194493803018996,0.0,Canada,CAN,quebec,,,Windows-11-10.0.26200-SP0,3.13.14,3.2.8,4,Intel(R) Core(TM) i5-6200U CPU @ 2.30GHz,0,,-71.2,46.8,7.897434234619141,machine,9.813181999203506,0,87.25350457984867,6.890825523033127,N,1.0,0.0
2026-10-07T15:49:49,codecarbon,cc8c5f8a-bbbf-4b03-a57b-ab84f9027170,5b0fa12a-3dd7-45bb-9766-cc326314d9f1,5104.851623900002,7.676740475296035e-05,1.5038126552699218e-08,3.900415497762305,0.0,10.0,0.0054273434375462,0.0,0.0140698581697222,0.0194972016072684,0.0,Canada,CAN,quebec,,,Windows-11-10.0.26200-SP0,3.13.14,3.2.8,4,Intel(R) Core(TM) i5-6200U CPU @ 2.30GHz,0,,-71.2,46.8,7.897434234619141,machine,9.80186581976975,0,87.23658197697499,6.889489618735259,N,1.0,0.0
2026-10-07T15:50:04,codecarbon,cc8c5f8a-bbbf-4b03-a57b-ab84f9027170,5b0fa12a-3dd7-45bb-9766-cc326314d9f1,5120.389755099997,7.696203476583368e-05,1.5030503232527985e-08,3.8948953132844975,0.0,10.0,0.0054364167915367,0.0,0.0141102164802777,0.0195466332718145,0.0,Canada,CAN,quebec,,,Windows-11-10.0.26200-SP0,3.13.14,3.2.8,4,Intel(R) Core(TM) i5-6200U CPU @ 2.30GHz,0,,-71.2,46.8,7.897434234619141,machine,9.7925588759153,0,87.22046309123293,6.888215929971646,N,1.0,0.0
2026-10-07T15:50:20,codecarbon,cc8c5f8a-bbbf-4b03-a57b-ab84f9027170,5b0fa12a-3dd7-45bb-9766-cc326314d9f1,5135.963321499992,7.731018278632792e-05,1.5052713180932333e-08,3.890642093756224,0.0,10.014925373134329,0.0054440788736614,0.0,0.014190976198611,0.0196350550722725,0.0,Canada,CAN,quebec,,,Windows-11-10.0.26200-SP0,3.13.14,3.2.8,4,Intel(R) Core(TM) i5-6200U CPU @ 2.30GHz,0,,-71.2,46.8,7.897434234619141,machine,9.781376997435393,0,87.20108502663247,6.886685082982527,N,1.0,0.0
2026-10-07T15:50:35,codecarbon,cc8c5f8a-bbbf-4b03-a57b-ab84f9027170,5b0fa12a-3dd7-45bb-9766-cc326314d9f1,5151.497906199991,7.767914569177642e-05,1.5078943465799942e-08,3.87777660014847,0.0,10.0,0.0054562215373613,0.0,0.0142725418499999,0.0197287633873612,0.0,Canada,CAN,quebec,,,Windows-11-10.0.26200-SP0,3.13.14,3.2.8,4,Intel(R) Core(TM) i5-6200U CPU @ 2.30GHz,0,,-71.2,46.8,7.897434234619141,machine,9.785306845003934,0,87.1727576711251,6.884446649078681,N,1.0,0.0
2026-10-07T15:50:51,codecarbon,cc8c5f8a-bbbf-4b03-a57b-ab84f9027170,5b0fa12a-3dd7-45bb-9766-cc326314d9f1,5167.036691799993,7.786469418793698e-05,1.5069506727426002e-08,3.87104710668428,0.0,10.0,0.0054629941203199,0.0,0.0143128944297221,0.019775888550042,0.0,Canada,CAN,quebec,,,Windows-11-10.0.26200-SP0,3.13.14,3.2.8,4,Intel(R) Core(TM) i5-6200U CPU @ 2.30GHz,0,,-71.2,46.8,7.897434234619141,machine,9.756520886448325,0,87.14636203177093,6.8823605597451705,N,1.0,0.0
2026-10-07T15:51:07,codecarbon,cc8c5f8a-bbbf-4b03-a57b-ab84f9027170,5b0fa12a-3dd7-45bb-9766-cc326314d9f1,5182.604426699996,7.806667964795067e-05,1.5063214017601443e-08,3.877335058712097,0.0,10.0,0.0054738755070482,0.0,0.0143533128263888,0.019827188333437,0.0,Canada,CAN,quebec,,,Windows-11-10.0.26200-SP0,3.13.14,3.2.8,4,Intel(R) Core(TM) i5-6200U CPU @ 2.30GHz,0,,-71.2,46.8,7.897434234619141,machine,9.726001955034214,0,87.11910068426198,6.880206758978313,N,1.0,0.0
2026-10-07T15:51:22,codecarbon,cc8c5f8a-bbbf-4b03-a57b-ab84f9027170,5b0fa12a-3dd7-45bb-9766-cc326314d9f1,5198.174245100003,7.825737910010743e-05,1.505478181572613e-08,3.871307981097596,0.0,10.0,0.0054818543821968,0.0,0.0143937673413888,0.0198756217235856,0.0,Canada,CAN,quebec,,,Windows-11-10.0.26200-SP0,3.13.14,3.2.8,4,Intel(R) Core(TM) i5-6200U CPU @ 2.30GHz,0,,-71.2,46.8,7.897434234619141,machine,9.717056530214425,0,87.09405458089668,6.878231323718095,N,1.0,0.0
2026-10-07T15:51:38,codecarbon,cc8c5f8a-bbbf-4b03-a57b-ab84f9027170,5b0fa12a-3dd7-45bb-9766-cc326314d9f1,5213.7105132,7.846013436383983e-05,1.5048809128392447e-08,3.866536836633837,0.0,10.0,0.00549299098183,0.0,0.0144341260380555,0.0199271170198855,0.0,Canada,CAN,quebec,,,Windows-11-10.0.26200-SP0,3.13.14,3.2.8,4,Intel(R) Core(TM) i5-6200U CPU @ 2.30GHz,0,,-71.2,46.8,7.897434234619141,machine,9.725709288767977,0,87.06764477263894,6.876144512219509,N,1.0,0.0
2026-10-07T15:51:53,codecarbon,cc8c5f8a-bbbf-4b03-a57b-ab84f9027170,5b0fa12a-3dd7-45bb-9766-cc326314d9f1,5229.261731699997,7.86777294302004e-05,1.5045666762719642e-08,3.863716660256714,0.0,10.0,0.0055078475031612,0.0,0.0144745337905555,0.0199823812937167,0.0,Canada,CAN,quebec,,,Windows-11-10.0.26200-SP0,3.13.14,3.2.8,4,Intel(R) Core(TM) i5-6200U CPU @ 2.30GHz,0,,-71.2,46.8,7.897434234619141,machine,9.697442356132532,0,87.04440999806239,6.874309986234982,N,1.0,0.0
2026-10-07T15:52:09,codecarbon,cc8c5f8a-bbbf-4b03-a57b-ab84f9027170,5b0fa12a-3dd7-45bb-9766-cc326314d9f1,5244.815629199991,7.89253443035428e-05,1.5048259058742463e-08,3.871249862268134,0.0,10.0,0.0055303273531746,0.0,0.0145149425730555,0.0200452699262301,0.0,Canada,CAN,quebec,,,Windows-11-10.0.26200-SP0,3.13.14,3.2.8,4,Intel(R) Core(TM) i5-6200U CPU @ 2.30GHz,0,,-71.2,46.8,7.897434234619141,machine,9.70797913446677,0,87.02623647604328,6.872877471045327,N,1.0,0.0
2026-10-07T15:52:24,codecarbon,cc8c5f8a-bbbf-4b03-a57b-ab84f9027170,5b0fa12a-3dd7-45bb-9766-cc326314d9f1,5260.3557439,7.911596424582922e-05,1.5040040654583767e-08,3.865472198911682,0.0,10.0,0.0055383731351522,0.0,0.0145553099875,0.0200936831226523,0.0,Canada,CAN,quebec,,,Windows-11-10.0.26200-SP0,3.13.14,3.2.8,4,Intel(R) Core(TM) i5-6200U CPU @ 2.30GHz,0,,-71.2,46.8,7.897434234619141,machine,9.69732280431433,0,87.0066063174114,6.871326252565545,N,1.0,0.0
2026-10-07T15:52:40,codecarbon,cc8c5f8a-bbbf-4b03-a57b-ab84f9027170,5b0fa12a-3dd7-45bb-9766-cc326314d9f1,5275.909975499992,7.93304145158319e-05,1.5036347262220646e-08,3.864100710017635,0.0,10.0,0.005552426761136,0.0,0.0145957219275,0.020148148688636,0.0,Canada,CAN,quebec,,,Windows-11-10.0.26200-SP0,3.13.14,3.2.8,4,Intel(R) Core(TM) i5-6200U CPU @ 2.30GHz,0,,-71.2,46.8,7.897434234619141,machine,9.703956212790477,0,86.98680622239293,6.86976201039302,N,1.0,0.0
2026-10-07T15:52:55,codecarbon,cc8c5f8a-bbbf-4b03-a57b-ab84f9027170,5b0fa12a-3dd7-45bb-9766-cc326314d9f1,5291.462042999992,7.955224515178226e-05,1.5034076500089594e-08,3.863402155608192,0.0,10.0,0.0055683725147878,0.0,0.0146361161875,0.0202044887022878,0.0,Canada,CAN,quebec,,,Windows-11-10.0.26200-SP0,3.13.14,3.2.8,4,Intel(R) Core(TM) i5-6200U CPU @ 2.30GHz,0,,-71.2,46.8,7.897434234619141,machine,9.674229370093816,0,86.96995979322229,6.868431263674773,N,1.0,0.0
2026-10-07T15:53:11,codecarbon,cc8c5f8a-bbbf-4b03-a57b-ab84f9027170,5b0fa12a-3dd7-45bb-9766-cc326314d9f1,5307.022543999992,7.977403209388935e-05,1.5031786926188997e-08,3.862154163833483,0.0,10.0,0.0055842795925708,0.0,0.0146765380261111,0.0202608176186819,0.0,Canada,CAN,quebec,,,Windows-11-10.0.26200-SP0,3.13.14,3.2.8,4,Intel(R) Core(TM) i5-6200U CPU @ 2.30GHz,0,,-71.2,46.8,7.897434234619141,machine,9.684707903780067,0,86.95731195112639,6.867433454026335,N,1.0,0.0
2026-10-07T15:53:27,codecarbon,cc8c5f8a-bbbf-4b03-a57b-ab84f9027170,5b0fa12a-3dd7-45bb-9766-cc326314d9f1,5322.560882299993,7.997840403882655e-05,1.5026301400288757e-08,3.860010424484178,0.0,10.0,0.0055958221246912,0.0,0.0147169013911111,0.0203127235158023,0.0,Canada,CAN,quebec,,,Windows-11-10.0.26200-SP0,3.13.14,3.2.8,4,Intel(R) Core(TM) i5-6200U CPU @ 2.30GHz,0,,-71.2,46.8,7.897434234619141,machine,9.676089853417094,0,86.9420902341519,6.866232841690676,N,1.0,0.0
2026-10-07T15:53:42,codecarbon,cc8c5f8a-bbbf-4b03-a57b-ab84f9027170,5b0fa12a-3dd7-45bb-9766-cc326314d9f1,5338.105398200001,8.017542442040355e-05,1.5019453240364746e-08,3.8556554475535743,0.0,10.0,0.0056054875696336,0.0,0.0147572747108333,0.020362762280467,0.0,Canada,CAN,quebec,,,Windows-11-10.0.26200-SP0,3.13.14,3.2.8,4,Intel(R) Core(TM) i5-6200U CPU @ 2.30GHz,0,,-71.2,46.8,7.897434234619141,machine,9.646707155057886,0,86.9274245587398,6.86507513871974,N,1.0,0.0
2026-10-07T15:53:58,codecarbon,cc8c5f8a-bbbf-4b03-a57b-ab84f9027170,5b0fa12a-3dd7-45bb-9766-cc326314d9f1,5353.674239400003,8.040518849167546e-05,1.5018692751221005e-08,3.857387373450954,0.0,10.0,0.0056233877309661,0.0,0.0147977294780556,0.0204211172090218,0.0,Canada,CAN,quebec,,,Windows-11-10.0.26200-SP0,3.13.14,3.2.8,4,Intel(R) Core(TM) i5-6200U CPU @ 2.30GHz,0,,-71.2,46.8,7.897434234619141,machine,9.61932248296745,0,86.91404239212717,6.864017764516711,N,1.0,0.0
2026-10-07T15:54:13,codecarbon,cc8c5f8a-bbbf-4b03-a57b-ab84f9027170,5b0fa12a-3dd7-45bb-9766-cc326314d9f1,5369.253188199989,8.060298336616667e-05,1.5011954277609385e-08,3.8533003858462433,0.0,10.0,0.0056331508292085,0.0,0.0148382018483333,0.0204713526775419,0.0,Canada,CAN,quebec,,,Windows-11-10.0.26200-SP0,3.13.14,3.2.8,4,Intel(R) Core(TM) i5-6200U CPU @ 2.30GHz,0,,-71.2,46.8,7.897434234619141,machine,9.609150943396228,0,86.89918867924528,6.862845654757518,N,1.0,0.0
2026-10-07T15:54:29,codecarbon,cc8c5f8a-bbbf-4b03-a57b-ab84f9027170,5b0fa12a-3dd7-45bb-9766-cc326314d9f1,5384.8040773999965,8.084754833902568e-05,1.5014018556096136e-08,3.857603864442076,0.0,10.0,0.0056548533444681,0.0,0.0148786133591666,0.0205334667036348,0.0,Canada,CAN,quebec,,,Windows-11-10.0.26200-SP0,3.13.14,3.2.8,4,Intel(R) Core(TM) i5-6200U CPU @ 2.30GHz,0,,-71.2,46.8,7.897434234619141,machine,9.638476011288803,0,86.88560677328316,6.8617727672616375,N,1.0,0.0
2026-10-07T15:54:44,codecarbon,cc8c5f8a-bbbf-4b03-a57b-ab84f9027170,5b0fa12a-3dd7-45bb-9766-cc326314d9f1,5400.341476799993,8.110728035199559e-05,1.5018916988941267e-08,3.863901282986607,0.0,10.0,0.00568044837714,0.0,0.0149189844411111,0.0205994328182511,0.0,Canada,CAN,quebec,,,Windows-11-10.0.26200-SP0,3.13.14,3.2.8,4,Intel(R) Core(TM) i5-6200U CPU @ 2.30GHz,0,,-71.2,46.8,7.897434234619141,machine,9.648874296435272,0,86.86923076923077,6.86047869140167,N,1.0,0.0
2026-10-07T15:55:00,codecarbon,cc8c5f8a-bbbf-4b03-a57b-ab84f9027170,5b0fa12a-3dd7-45bb-9766-cc326314d9f1,5415.892331099996,8.13119989629441e-05,1.501359221933225e-08,3.862276101311476,0.0,10.0,0.0056920381660526,0.0,0.0149593885947223,0.0206514267607749,0.0,Canada,CAN,quebec,,,Windows-11-10.0.26200-SP0,3.13.14,3.2.8,4,Intel(R) Core(TM) i5-6200U CPU @ 2.30GHz,0,,-71.2,46.8,7.897434234619141,machine,9.638701833146278,0,86.8527871305649,6.859179913127997,N,1.0,0.0
2026-10-07T15:55:15,codecarbon,cc8c5f8a-bbbf-4b03-a57b-ab84f9027170,5b0fa12a-3dd7-45bb-9766-cc326314d9f1,5431.450862700003,8.152004196324697e-05,1.5008888789380103e-08,3.8591094748773687,0.0,10.0,0.0057044529209674,0.0,0.0149998121027778,0.0207042650237452,0.0,Canada,CAN,quebec,,,Windows-11-10.0.26200-SP0,3.13.14,3.2.8,4,Intel(R) Core(TM) i5-6200U CPU @ 2.30GHz,0,,-71.2,46.8,7.897434234619141,machine,9.667692594665176,0,86.83833240067152,6.858039074659214,N,1.0,0.0
2026-10-07T15:55:31,codecarbon,cc8c5f8a-bbbf-4b03-a57b-ab84f9027170,5b0fa12a-3dd7-45bb-9766-cc326314d9f1,5446.992165699994,8.171963193254952e-05,1.5002707814992372e-08,3.8548193508967015,0.0,10.0,0.0057147775797575,0.0,0.0150401788263889,0.0207549564061464,0.0,Canada,CAN,quebec,,,Windows-11-10.0.26200-SP0,3.13.14,3.2.8,4,Intel(R) Core(TM) i5-6200U CPU @ 2.30GHz,0,,-71.2,46.8,7.897434234619141,machine,9.63892505114376,0,86.82289380695555,6.856821438670712,N,1.0,0.0
2026-10-07T15:55:47,codecarbon,cc8c5f8a-bbbf-4b03-a57b-ab84f9027170,5b0fa12a-3dd7-45bb-9766-cc326314d9f1,5462.556636900001,8.195975232671889e-05,1.500391808719644e-08,3.855945919779249,0.0,10.0,0.0057353269618437,0.0,0.0150806146469444,0.0208159416087881,0.0,Canada,CAN,quebec,,,Windows-11-10.0.26200-SP0,3.13.14,3.2.8,4,Intel(R) Core(TM) i5-6200U CPU @ 2.30GHz,0,,-71.2,46.8,7.897434234619141,machine,9.630656528189911,0,86.80732566765579,6.85558974566021,N,1.0,0.0
2026-10-07T15:56:02,codecarbon,cc8c5f8a-bbbf-4b03-a57b-ab84f9027170,5b0fa12a-3dd7-45bb-9766-cc326314d9f1,5478.118304899996,8.215556237985372e-05,1.4997040554302796e-08,3.852647294596754,0.0,10.0,0.0057446365668559,0.0,0.0151210364102777,0.0208656729771337,0.0,Canada,CAN,quebec,,,Windows-11-10.0.26200-SP0,3.13.14,3.2.8,4,Intel(R) Core(TM) i5-6200U CPU @ 2.30GHz,0,,-71.2,46.8,7.897434234619141,machine,9.622433882004808,0,86.79202885148881,6.85437993930981,N,1.0,0.0
2026-10-07T15:56:18,codecarbon,cc8c5f8a-bbbf-4b03-a57b-ab84f9027170,5b0fa12a-3dd7-45bb-9766-cc326314d9f1,5493.656524199992,8.237276798490773e-05,1.4994160559920184e-08,3.8500907704938,0.0,10.0,0.0057594354890149,0.0,0.0151614028475,0.020920838336515,0.0,Canada,CAN,quebec,,,Windows-11-10.0.26200-SP0,3.13.14,3.2.8,4,Intel(R) Core(TM) i5-6200U CPU @ 2.30GHz,0,,-71.2,46.8,7.897434234619141,machine,9.612483865019362,0,86.77595426885487,6.8531112867858655,N,1.0,0.0
2026-10-07T15:56:33,codecarbon,cc8c5f8a-bbbf-4b03-a57b-ab84f9027170,5b0fa12a-3dd7-45bb-9766-cc326314d9f1,5509.1948233,8.256065855748689e-05,1.498597548380639e-08,3.8449709247883233,0.0,10.0,0.0057667918441554,0.0,0.01520176649,0.0209685583341555,0.0,Canada,CAN,quebec,,,Windows-11-10.0.26200-SP0,3.13.14,3.2.8,4,Intel(R) Core(TM) i5-6200U CPU @ 2.30GHz,0,,-71.2,46.8,7.897434234619141,machine,9.6043582199338,0,86.76145641780066,6.851966230077488,N,1.0,0.0
2026-10-07T15:56:49,codecarbon,cc8c5f8a-bbbf-4b03-a57b-ab84f9027170,5b0fa12a-3dd7-45bb-9766-cc326314d9f1,5524.753338900002,8.278212878040144e-05,1.4983859677051873e-08,3.842979143105485,0.0,10.0,0.0057826181743008,0.0,0.0152421886366667,0.0210248068109676,0.0,Canada,CAN,quebec,,,Windows-11-10.0.26200-SP0,3.13.14,3.2.8,4,Intel(R) Core(TM) i5-6200U CPU @ 2.30GHz,0,,-71.2,46.8,7.897434234619141,machine,9.614615807812214,0,86.74746011369889,6.850861654836017,N,1.0,0.0
2026-10-07T15:57:04,codecarbon,cc8c5f8a-bbbf-4b03-a57b-ab84f9027170,5b0fa12a-3dd7-45bb-9766-cc326314d9f1,5540.295358999996,8.296662905859686e-05,1.49751274404208e-08,3.837310668463561,0.0,10.0,0.0057891014269822,0.0,0.0152825643227778,0.02107166574976,0.0,Canada,CAN,quebec,,,Windows-11-10.0.26200-SP0,3.13.14,3.2.8,4,Intel(R) Core(TM) i5-6200U CPU @ 2.30GHz,0,,-71.2,46.8,7.897434234619141,machine,9.586487474858291,0,86.73113914792467,6.849575759767723,N,1.0,0.0
2026-10-07T15:57:20,codecarbon,cc8c5f8a-bbbf-4b03-a57b-ab84f9027170,5b0fa12a-3dd7-45bb-9766-cc326314d9f1,5555.83133619999,8.319643141345353e-05,1.497461430684057e-08,3.836680986522696,0.0,10.0,0.0058071069881546,0.0,0.0153229234133334,0.021130030401488,0.0,Canada,CAN,quebec,,,Windows-11-10.0.26200-SP0,3.13.14,3.2.8,4,Intel(R) Core(TM) i5-6200U CPU @ 2.30GHz,0,,-71.2,46.8,7.897434234619141,machine,9.578501094091903,0,86.71480671043034,6.848285782171983,N,1.0,0.0
2026-10-07T15:57:35,codecarbon,cc8c5f8a-bbbf-4b03-a57b-ab84f9027170,5b0fa12a-3dd7-45bb-9766-cc326314d9f1,5571.382526999994,8.354252619154359e-05,1.4994936317275003e-08,3.8327327397279287,0.0,10.01375515818432,0.0058143138543575,0.0,0.01540361687,0.0212179307243576,0.0,Canada,CAN,quebec,,,Windows-11-10.0.26200-SP0,3.13.14,3.2.8,4,Intel(R) Core(TM) i5-6200U CPU @ 2.30GHz,0,,-71.2,46.8,7.897434234619141,machine,9.550636363636364,0,86.69936363636364,6.847067875255238,N,1.0,0.0
2026-10-07T15:57:51,codecarbon,cc8c5f8a-bbbf-4b03-a57b-ab84f9027170,5b0fa12a-3dd7-45bb-9766-cc326314d9f1,5586.936339599997,8.409990294939681e-05,1.5052955293816365e-08,3.8368543013332936,0.0,10.0,0.0058739705748325,0.0,0.0154855213636111,0.0213594919384437,0.0,Canada,CAN,quebec,,,Windows-11-10.0.26200-SP0,3.13.14,3.2.8,4,Intel(R) Core(TM) i5-6200U CPU @ 2.30GHz,0,,-71.2,46.8,7.897434234619141,machine,9.542792384406164,0,86.68514959202176,6.845944451810226,N,1.0,0.0
2026-10-07T15:58:06,codecarbon,cc8c5f8a-bbbf-4b03-a57b-ab84f9027170,5b0fa12a-3dd7-45bb-9766-cc326314d9f1,5602.480562500001,8.429458320096059e-05,1.5045939429970238e-08,3.8323979930922873,0.0,10.0,0.0058830267327697,0.0,0.0155259096297222,0.021408936362492,0.0,Canada,CAN,quebec,,,Windows-11-10.0.26200-SP0,3.13.14,3.2.8,4,Intel(R) Core(TM) i5-6200U CPU @ 2.30GHz,0,,-71.2,46.8,7.897434234619141,machine,9.516907775768535,0,86.67137432188065,6.844856557449424,N,1.0,0.0
2026-10-07T15:58:22,codecarbon,cc8c5f8a-bbbf-4b03-a57b-ab84f9027170,5b0fa12a-3dd7-45bb-9766-cc326314d9f1,5618.026504299996,8.452583222053572e-05,1.504546697240397e-08,3.8307352071887664,0.0,10.0,0.0059013689346604,0.0,0.0155662995,0.0214676684346605,0.0,Canada,CAN,quebec,,,Windows-11-10.0.26200-SP0,3.13.14,3.2.8,4,Intel(R) Core(TM) i5-6200U CPU @ 2.30GHz,0,,-71.2,46.8,7.897434234619141,machine,9.489451857194377,0,86.65787955283086,6.843789394693688,N,1.0,0.0
2026-10-07T15:58:38,codecarbon,cc8c5f8a-bbbf-4b03-a57b-ab84f9027170,5b0fa12a-3dd7-45bb-9766-cc326314d9f1,5633.570448699989,8.471546254220646e-05,1.5037614833015093e-08,3.825424755314224,0.0,10.0,0.0059091475957198,0.0,0.0156066826938889,0.0215158302896087,0.0,Canada,CAN,quebec,,,Windows-11-10.0.26200-SP0,3.13.14,3.2.8,4,Intel(R) Core(TM) i5-6200U CPU @ 2.30GHz,0,,-71.2,46.8,7.897434234619141,machine,9.463855421686748,0,86.64310375831684,6.842622449299004,N,1.0,0.0
2026-10-07T15:58:53,codecarbon,cc8c5f8a-bbbf-4b03-a57b-ab84f9027170,5b0fa12a-3dd7-45bb-9766-cc326314d9f1,5649.11035019999,8.495189710926607e-05,1.503810190329502e-08,3.824891279466392,0.0,10.0,0.0059288261527638,0.0,0.0156470532219445,0.0215758793747084,0.0,Canada,CAN,quebec,,,Windows-11-10.0.26200-SP0,3.13.14,3.2.8,4,Intel(R) Core(TM) i5-6200U CPU @ 2.30GHz,0,,-71.2,46.8,7.897434234619141,machine,9.474264705882351,0,86.62941176470588,6.841541656291639,N,1.0,0.0
2026-10-07T15:59:09,codecarbon,cc8c5f8a-bbbf-4b03-a57b-ab84f9027170,5b0fa12a-3dd7-45bb-9766-cc326314d9f1,5664.658267399995,8.515131804866336e-05,1.5032030888554682e-08,3.825579374090084,0.0,10.0,0.0059390811489657,0.0,0.0156874466783333,0.021626527827299,0.0,Canada,CAN,quebec,,,Windows-11-10.0.26200-SP0,3.13.14,3.2.8,4,Intel(R) Core(TM) i5-6200U CPU @ 2.30GHz,0,,-71.2,46.8,7.897434234619141,machine,9.447156652360515,0,86.6153791130186,6.840432987704298,N,1.0,0.0
2026-10-07T15:59:24,codecarbon,cc8c5f8a-bbbf-4b03-a57b-ab84f9027170,5b0fa12a-3dd7-45bb-9766-cc326314d9f1,5680.23865449999,8.539097197558476e-05,1.5032990190990736e-08,3.825522975870424,0.0,10.0,0.0059594611999284,0.0,0.0157279333577778,0.0216873945577063,0.0,Canada,CAN,quebec,,,Windows-11-10.0.26200-SP0,3.13.14,3.2.8,4,Intel(R) Core(TM) i5-6200U CPU @ 2.30GHz,0,,-71.2,46.8,7.897434234619141,machine,9.457553058676654,0,86.60290708043517,6.8394478038817095,N,1.0,0.0
2026-10-07T15:59:40,codecarbon,cc8c5f8a-bbbf-4b03-a57b-ab84f9027170,5b0fa12a-3dd7-45bb-9766-cc326314d9f1,5695.796966299997,8.55875987731494e-05,1.502644832313033e-08,3.821383912809112,0.0,10.0,0.0059689702827904,0.0,0.0157683630780556,0.021737333360846,0.0,Canada,CAN,quebec,,,Windows-11-10.0.26200-SP0,3.13.14,3.2.8,4,Intel(R) Core(TM) i5-6200U CPU @ 2.30GHz,0,,-71.2,46.8,7.897434234619141,machine,9.483994309087675,0,86.59028988084653,6.838451285771834,N,1.0,0.0
2026-10-07T15:59:55,codecarbon,cc8c5f8a-bbbf-4b03-a57b-ab84f9027170,5b0fa12a-3dd7-45bb-9766-cc326314d9f1,5711.368496199997,8.580522595399951e-05,1.50235842795101e-08,3.819428057712835,0.0,10.0,0.0059837768810383,0.0,0.01580882891,0.0217926057910384,0.0,Canada,CAN,quebec,,,Windows-11-10.0.26200-SP0,3.13.14,3.2.8,4,Intel(R) Core(TM) i5-6200U CPU @ 2.30GHz,0,,-71.2,46.8,7.897434234619141,machine,9.458761972330612,0,86.57665838949983,6.837372897913711,N,1.0,0.0
2026-10-07T16:00:11,codecarbon,cc8c5f8a-bbbf-4b03-a57b-ab84f9027170,5b0fa12a-3dd7-45bb-9766-cc326314d9f1,5726.929494399999,8.605576784954545e-05,1.502651079146232e-08,3.827322457125094,0.0,10.0,0.0060070658494187,0.0,0.0158491719722223,0.021856237821641,0.0,Canada,CAN,quebec,,,Windows-11-10.0.26200-SP0,3.13.14,3.2.8,4,Intel(R) Core(TM) i5-6200U CPU @ 2.30GHz,0,,-71.2,46.8,7.897434234619141,machine,9.46904298602512,0,86.56279851406333,6.836276198960228,N,1.0,0.0
2026-10-07T16:00:26,codecarbon,cc8c5f8a-bbbf-4b03-a57b-ab84f9027170,5b0fa12a-3dd7-45bb-9766-cc326314d9f1,5742.4775735,8.624882164408757e-05,1.5019444227715027e-08,3.82275123866199,0.0,10.0,0.0060157293336967,0.0,0.0158895398283334,0.0219052691620302,0.0,Canada,CAN,quebec,,,Windows-11-10.0.26200-SP0,3.13.14,3.2.8,4,Intel(R) Core(TM) i5-6200U CPU @ 2.30GHz,0,,-71.2,46.8,7.897434234619141,machine,9.451137766801905,0,86.54515787616863,6.83488280719751,N,1.0,0.0
2026-10-07T16:00:42,codecarbon,cc8c5f8a-bbbf-4b03-a57b-ab84f9027170,5b0fa12a-3dd7-45bb-9766-cc326314d9f1,5758.0302333,8.645544789062056e-05,1.5014761018556142e-08,3.821327057457067,0.0,10.0,0.0060278020162709,0.0,0.0159299455850001,0.0219577476012711,0.0,Canada,CAN,quebec,,,Windows-11-10.0.26200-SP0,3.13.14,3.2.8,4,Intel(R) Core(TM) i5-6200U CPU @ 2.30GHz,0,,-71.2,46.8,7.897434234619141,machine,9.443789584799436,0,86.52749824067558,6.833488850925776,N,1.0,0.0
2026-10-07T16:00:58,codecarbon,cc8c5f8a-bbbf-4b03-a57b-ab84f9027170,5b0fa12a-3dd7-45bb-9766-cc326314d9f1,5773.611676300003,8.666506189558291e-05,1.50105456955709e-08,3.819250349111457,0.0,10.0,0.0060405542439644,0.0,0.0159704306202779,0.0220109848642424,0.0,Canada,CAN,quebec,,,Windows-11-10.0.26200-SP0,3.13.14,3.2.8,4,Intel(R) Core(TM) i5-6200U CPU @ 2.30GHz,0,,-71.2,46.8,7.897434234619141,machine,9.417280701754386,0,86.51215789473684,6.83227743316115,N,1.0,0.0
2026-10-07T16:01:13,codecarbon,cc8c5f8a-bbbf-4b03-a57b-ab84f9027170,5b0fa12a-3dd7-45bb-9766-cc326314d9f1,5789.177785699998,8.687242866322486e-05,1.5006004631229457e-08,3.8172368853271017,0.0,10.0,0.0060527826262053,0.0,0.0160108687530557,0.022063651379261,0.0,Canada,CAN,quebec,,,Windows-11-10.0.26200-SP0,3.13.14,3.2.8,4,Intel(R) Core(TM) i5-6200U CPU @ 2.30GHz,0,,-71.2,46.8,7.897434234619141,machine,9.42755905511811,0,86.49853018372703,6.831200183991894,N,1.0,0.0
2026-10-07T16:01:29,codecarbon,cc8c5f8a-bbbf-4b03-a57b-ab84f9027170,5b0fa12a-3dd7-45bb-9766-cc326314d9f1,5804.785050899998,8.710029239571196e-05,1.500491260778167e-08,3.818611295988244,0.0,10.0,0.0060701002093222,0.0,0.0160514234550001,0.0221215236643224,0.0,Canada,CAN,quebec,,,Windows-11-10.0.26200-SP0,3.13.14,3.2.8,4,Intel(R) Core(TM) i5-6200U CPU @ 2.30GHz,0,,-71.2,46.8,7.897434234619141,machine,9.40123887628686,0,86.48405164892688,6.8300588252011485,N,1.0,0.0
2026-10-07T16:01:44,codecarbon,cc8c5f8a-bbbf-4b03-a57b-ab84f9027170,5b0fa12a-3dd7-45bb-9766-cc326314d9f1,5820.343524900003,8.73094010656924e-05,1.500072988684846e-08,3.816355431954253,0.0,10.0,0.0060827786726918,0.0,0.0160918539108334,0.0221746325835252,0.0,Canada,CAN,quebec,,,Windows-11-10.0.26200-SP0,3.13.14,3.2.8,4,Intel(R) Core(TM) i5-6200U CPU @ 2.30GHz,0,,-71.2,46.8,7.897434234619141,machine,9.394100243647754,0,86.47048381482772,6.828985016394939,N,1.0,0.0
2026-10-07T16:02:00,codecarbon,cc8c5f8a-bbbf-4b03-a57b-ab84f9027170,5b0fa12a-3dd7-45bb-9766-cc326314d9f1,5835.892564199996,8.7509028804785e-05,1.49949691229076e-08,3.813579882299133,0.0,10.0,0.0060930816583294,0.0,0.0161322519002778,0.0222253335586073,0.0,Canada,CAN,quebec,,,Windows-11-10.0.26200-SP0,3.13.14,3.2.8,4,Intel(R) Core(TM) i5-6200U CPU @ 2.30GHz,0,,-71.2,46.8,7.897434234619141,machine,9.369640687380665,0,86.45733379621593,6.827946464089631,N,1.0,0.0
2026-10-07T16:02:15,codecarbon,cc8c5f8a-bbbf-4b03-a57b-ab84f9027170,5b0fa12a-3dd7-45bb-9766-cc326314d9f1,5851.456444900003,8.772157856396786e-05,1.4991409299546955e-08,3.811945920029243,0.0,10.0,0.0061066243851822,0.0,0.0161726920522223,0.0222793164374046,0.0,Canada,CAN,quebec,,,Windows-11-10.0.26200-SP0,3.13.14,3.2.8,4,Intel(R) Core(TM) i5-6200U CPU @ 2.30GHz,0,,-71.2,46.8,7.897434234619141,machine,9.361000519300674,0,86.44149212393977,6.826695715409157,N,1.0,0.0
2026-10-07T16:02:31,codecarbon,cc8c5f8a-bbbf-4b03-a57b-ab84f9027170,5b0fa12a-3dd7-45bb-9766-cc326314d9f1,5867.017179999995,8.792090388503092e-05,1.498562236782661e-08,3.80911523987509,0.0,10.0,0.0061168210936907,0.0,0.016213119511389,0.0223299406050797,0.0,Canada,CAN,quebec,,,Windows-11-10.0.26200-SP0,3.13.14,3.2.8,4,Intel(R) Core(TM) i5-6200U CPU @ 2.30GHz,0,,-71.2,46.8,7.897434234619141,machine,9.354022790055248,0,86.42705455801105,6.825553761002767,N,1.0,0.0
2026-10-07T16:02:47,codecarbon,cc8c5f8a-bbbf-4b03-a57b-ab84f9027170,5b0fa12a-3dd7-45bb-9766-cc326314d9f1,5882.607868199993,8.811280486849534e-05,1.497852769429229e-08,3.804256816611256,0.0,10.0,0.0061250579514388,0.0,0.0162536212058334,0.0223786791572723,0.0,Canada,CAN,quebec,,,Windows-11-10.0.26200-SP0,3.13.14,3.2.8,4,Intel(R) Core(TM) i5-6200U CPU @ 2.30GHz,0,,-71.2,46.8,7.897434234619141,machine,9.3454717630854,0,86.41327479338842,6.824464268592435,N,1.0,0.0
2026-10-07T16:03:02,codecarbon,cc8c5f8a-bbbf-4b03-a57b-ab84f9027170,5b0fa12a-3dd7-45bb-9766-cc326314d9f1,5898.176471600003,8.83139317026589e-05,1.4973090772698077e-08,3.804254169204474,0.0,10.0,0.0061356775678189,0.0,0.0162940833011112,0.0224297608689302,0.0,Canada,CAN,quebec,,,Windows-11-10.0.26200-SP0,3.13.14,3.2.8,4,Intel(R) Core(TM) i5-6200U CPU @ 2.30GHz,0,,-71.2,46.8,7.897434234619141,machine,9.33857118323888,0,86.40048085179461,6.823454772199774,N,1.0,0.0
2026-10-07T16:03:18,codecarbon,cc8c5f8a-bbbf-4b03-a57b-ab84f9027170,5b0fa12a-3dd7-45bb-9766-cc326314d9f1,5913.733176299997,8.851218650879614e-05,1.496722693940935e-08,3.800056360684813,0.0,10.0,0.0061456135147882,0.0,0.0163344996350001,0.0224801131497883,0.0,Canada,CAN,quebec,,,Windows-11-10.0.26200-SP0,3.13.14,3.2.8,4,Intel(R) Core(TM) i5-6200U CPU @ 2.30GHz,0,,-71.2,46.8,7.897434234619141,machine,9.331706063720452,0,86.38660500171291,6.822358848543026,N,1.0,0.0
2026-10-07T16:03:33,codecarbon,cc8c5f8a-bbbf-4b03-a57b-ab84f9027170,5b0fa12a-3dd7-45bb-9766-cc326314d9f1,5929.286320799991,8.873451450739652e-05,1.4965462908430485e-08,3.7983499832743823,0.0,10.0,0.0061617026118591,0.0,0.0163748768705556,0.0225365794824148,0.0,Canada,CAN,quebec,,,Windows-11-10.0.26200-SP0,3.13.14,3.2.8,4,Intel(R) Core(TM) i5-6200U CPU @ 2.30GHz,0,,-71.2,46.8,7.897434234619141,machine,9.374530235736248,0,86.37143833276393,6.821162208502392,N,1.0,0.0
2026-10-07T16:03:49,codecarbon,cc8c5f8a-bbbf-4b03-a57b-ab84f9027170,5b0fa12a-3dd7-45bb-9766-cc326314d9f1,5944.841539100002,8.894933420500234e-05,1.4962439893472504e-08,3.797212388416256,0.0,10.0,0.0061758453144585,0.0,0.0164152935602779,0.0225911388747365,0.0,Canada,CAN,quebec,,,Windows-11-10.0.26200-SP0,3.13.14,3.2.8,4,Intel(R) Core(TM) i5-6200U CPU @ 2.30GHz,0,,-71.2,46.8,7.897434234619141,machine,9.367609473504857,0,86.35946498551712,6.8202166470378,N,1.0,0.0
2026-10-07T16:04:05,codecarbon,cc8c5f8a-bbbf-4b03-a57b-ab84f9027170,5b0fa12a-3dd7-45bb-9766-cc326314d9f1,5960.538164700003,8.913977773781198e-05,1.4954988169645992e-08,3.7918756570920498,0.0,10.0,0.0061834006759909,0.0,0.0164561065911112,0.0226395072671022,0.0,Canada,CAN,quebec,,,Windows-11-10.0.26200-SP0,3.13.14,3.2.8,4,Intel(R) Core(TM) i5-6200U CPU @ 2.30GHz,0,,-71.2,46.8,7.897434234619141,machine,9.34214103653356,0,86.34407816482583,6.818999124039202,N,1.0,0.0
2026-10-07T16:04:20,codecarbon,cc8c5f8a-bbbf-4b03-a57b-ab84f9027170,5b0fa12a-3dd7-45bb-9766-cc326314d9f1,5976.11168799999,8.934008412483872e-05,1.4949533875719437e-08,3.798616713830981,0.0,10.0,0.0061938130566166,0.0,0.0164965675469446,0.0226903806035612,0.0,Canada,CAN,quebec,,,Windows-11-10.0.26200-SP0,3.13.14,3.2.8,4,Intel(R) Core(TM) i5-6200U CPU @ 2.30GHz,0,,-71.2,46.8,7.897434234619141,machine,9.318389830508474,0,86.33262711864407,6.818094557422703,N,1.0,0.0
2026-10-07T16:04:41,codecarbon,cc8c5f8a-bbbf-4b03-a57b-ab84f9027170,5b0fa12a-3dd7-45bb-9766-cc326314d9f1,5997.181565199993,8.96119617072687e-05,1.4942345955850737e-08,3.7943543457379976,0.0,10.0,0.0062085248263767,0.0,0.0165509065944446,0.0227594314208214,0.0,Canada,CAN,quebec,,,Windows-11-10.0.26200-SP0,3.13.14,3.2.8,4,Intel(R) Core(TM) i5-6200U CPU @ 2.30GHz,0,,-71.2,46.8,7.897434234619141,machine,9.285340314136125,0,86.31621347745313,6.816797486150452,N,1.0,0.0
2026-10-07T16:04:57,codecarbon,cc8c5f8a-bbbf-4b03-a57b-ab84f9027170,5b0fa12a-3dd7-45bb-9766-cc326314d9f1,6012.722007499993,8.979649691821802e-05,1.4934416859154637e-08,3.788785654839948,0.0,10.0,0.0062150232303619,0.0,0.0165912760013891,0.022806299231751,0.0,Canada,CAN,quebec,,,Windows-11-10.0.26200-SP0,3.13.14,3.2.8,4,Intel(R) Core(TM) i5-6200U CPU @ 2.30GHz,0,,-71.2,46.8,7.897434234619141,machine,9.278723045822105,0,86.30186994609164,6.815663648101519,N,1.0,0.0
2026-10-07T16:05:12,codecarbon,cc8c5f8a-bbbf-4b03-a57b-ab84f9027170,5b0fa12a-3dd7-45bb-9766-cc326314d9f1,6028.2943165999895,8.999186878669637e-05,1.492824737154714e-08,3.78510794932444,0.0,10.0,0.0062241919926733,0.0,0.0166317273183336,0.0228559193110069,0.0,Canada,CAN,quebec,,,Windows-11-10.0.26200-SP0,3.13.14,3.2.8,4,Intel(R) Core(TM) i5-6200U CPU @ 2.30GHz,0,,-71.2,46.8,7.897434234619141,machine,9.253780241935484,0,86.2869119623656,6.814483669496352,N,1.0,0.0
2026-10-07T16:05:28,codecarbon,cc8c5f8a-bbbf-4b03-a57b-ab84f9027170,5b0fa12a-3dd7-45bb-9766-cc326314d9f1,6043.853359000001,9.020234140604248e-05,1.492464096133648e-08,3.783652298869404,0.0,10.0,0.0062372130766917,0.0,0.0166721615661114,0.0229093746428031,0.0,Canada,CAN,quebec,,,Windows-11-10.0.26200-SP0,3.13.14,3.2.8,4,Intel(R) Core(TM) i5-6200U CPU @ 2.30GHz,0,,-71.2,46.8,7.897434234619141,machine,9.230517848164906,0,86.2734539969834,6.81342210509139,N,1.0,0.0
2026-10-07T16:05:43,codecarbon,cc8c5f8a-bbbf-4b03-a57b-ab84f9027170,5b0fa12a-3dd7-45bb-9766-cc326314d9f1,6059.3971439000015,9.042160480614494e-05,1.4922541411099358e-08,3.783617006355827,0.0,10.0,0.00625251012632,0.0,0.0167125525097225,0.0229650626360425,0.0,Canada,CAN,quebec,,,Windows-11-10.0.26200-SP0,3.13.14,3.2.8,4,Intel(R) Core(TM) i5-6200U CPU @ 2.30GHz,0,,-71.2,46.8,7.897434234619141,machine,9.205833194049807,0,86.26070533177335,6.812417872749442,N,1.0,0.0
2026-10-07T16:05:59,codecarbon,cc8c5f8a-bbbf-4b03-a57b-ab84f9027170,5b0fa12a-3dd7-45bb-9766-cc326314d9f1,6074.950792399992,9.060561542397612e-05,1.4914625405250586e-08,3.7780320008709287,0.0,10.0,0.0062588406581791,0.0,0.0167529565538891,0.0230117972120683,0.0,Canada,CAN,quebec,,,Windows-11-10.0.26200-SP0,3.13.14,3.2.8,4,Intel(R) Core(TM) i5-6200U CPU @ 2.30GHz,0,,-71.2,46.8,7.897434234619141,machine,9.182810936978994,0,86.24933311103702,6.811519398932538,N,1.0,0.0
2026-10-07T16:06:14,codecarbon,cc8c5f8a-bbbf-4b03-a57b-ab84f9027170,5b0fa12a-3dd7-45bb-9766-cc326314d9f1,6090.510729100002,9.078987439812208e-05,1.4906775217443572e-08,3.77251173070388,0.0,10.0,0.0062652150614248,0.0,0.0167933798036114,0.0230585948650362,0.0,Canada,CAN,quebec,,,Windows-11-10.0.26200-SP0,3.13.14,3.2.8,4,Intel(R) Core(TM) i5-6200U CPU @ 2.30GHz,0,,-71.2,46.8,7.897434234619141,machine,9.159903542324962,0,86.23828371860968,6.810645902967683,N,1.0,0.0
2026-10-07T16:06:30,codecarbon,cc8c5f8a-bbbf-4b03-a57b-ab84f9027170,5b0fa12a-3dd7-45bb-9766-cc326314d9f1,6106.053809799996,9.098322807575568e-05,1.4900495624478594e-08,3.768859995892672,0.0,10.0,0.0062739417534589,0.0,0.0168337606155558,0.0231077023690147,0.0,Canada,CAN,quebec,,,Windows-11-10.0.26200-SP0,3.13.14,3.2.8,4,Intel(R) Core(TM) i5-6200U CPU @ 2.30GHz,0,,-71.2,46.8,7.897434234619141,machine,9.152181124564605,0,86.22648863824847,6.809713935946959,N,1.0,0.0
2026-10-07T16:06:46,codecarbon,cc8c5f8a-bbbf-4b03-a57b-ab84f9027170,5b0fa12a-3dd7-45bb-9766-cc326314d9f1,6121.631965799999,9.119445777707687e-05,1.4897082720189182e-08,3.766684792666805,0.0,10.0,0.0062871409437886,0.0,0.0168742090388892,0.0231613499826778,0.0,Canada,CAN,quebec,,,Windows-11-10.0.26200-SP0,3.13.14,3.2.8,4,Intel(R) Core(TM) i5-6200U CPU @ 2.30GHz,0,,-71.2,46.8,7.897434234619141,machine,9.14050297816016,0,86.21487425545996,6.808798427695395,N,1.0,0.0
2026-10-07T16:07:01,codecarbon,cc8c5f8a-bbbf-4b03-a57b-ab84f9027170,5b0fa12a-3dd7-45bb-9766-cc326314d9f1,6137.217939199996,9.145956095974932e-05,1.4902446330864916e-08,3.777519437622381,0.0,10.0,0.0063139625574447,0.0,0.0169147176966669,0.0232286802541117,0.0,Canada,CAN,quebec,,,Windows-11-10.0.26200-SP0,3.13.14,3.2.8,4,Intel(R) Core(TM) i5-6200U CPU @ 2.30GHz,0,,-71.2,46.8,7.897434234619141,machine,9.165874587458744,0,86.20513201320132,6.808028608894977,N,1.0,0.0
2026-10-07T16:07:22,codecarbon,cc8c5f8a-bbbf-4b03-a57b-ab84f9027170,5b0fa12a-3dd7-45bb-9766-cc326314d9f1,6152.769142599995,9.168959741849496e-05,1.4902167673359086e-08,3.77905762466283,0.0,10.0,0.006331977762151,0.0,0.0169551266008336,0.0232871043629847,0.0,Canada,CAN,quebec,,,Windows-11-10.0.26200-SP0,3.13.14,3.2.8,4,Intel(R) Core(TM) i5-6200U CPU @ 2.30GHz,0,,-71.2,46.8,7.897434234619141,machine,9.151473251028806,0,86.19591769547326,6.807297463122709,N,1.0,0.0
2026-10-07T16:07:38,codecarbon,cc8c5f8a-bbbf-4b03-a57b-ab84f9027170,5b0fa12a-3dd7-45bb-9766-cc326314d9f1,6168.3628971,9.194679449657183e-05,1.4906190837085772e-08,3.784052984604154,0.0,10.0,0.0063567735089631,0.0,0.0169956531519447,0.0233524266609079,0.0,Canada,CAN,quebec,,,Windows-11-10.0.26200-SP0,3.13.14,3.2.8,4,Intel(R) Core(TM) i5-6200U CPU @ 2.30GHz,0,,-71.2,46.8,7.897434234619141,machine,9.187637497947792,0,86.18535544245609,6.806462275533718,N,1.0,0.0
2026-10-07T16:07:54,codecarbon,cc8c5f8a-bbbf-4b03-a57b-ab84f9027170,5b0fa12a-3dd7-45bb-9766-cc326314d9f1,6183.918819600003,9.216797270703952e-05,1.4904460326178935e-08,3.785157146824002,0.0,10.0,0.00637252482032,0.0,0.0170360761527781,0.0234086009730981,0.0,Canada,CAN,quebec,,,Windows-11-10.0.26200-SP0,3.13.14,3.2.8,4,Intel(R) Core(TM) i5-6200U CPU @ 2.30GHz,0,,-71.2,46.8,7.897434234619141,machine,9.18144448083852,0,86.17574516868653,6.805705258856436,N,1.0,0.0
2026-10-07T16:08:09,codecarbon,cc8c5f8a-bbbf-4b03-a57b-ab84f9027170,5b0fa12a-3dd7-45bb-9766-cc326314d9f1,6199.472585800002,9.242480177581272e-05,1.4908494310873045e-08,3.790945317887752,0.0,10.0,0.0063973358487883,0.0,0.0170764939561114,0.0234738298048998,0.0,Canada,CAN,quebec,,,Windows-11-10.0.26200-SP0,3.13.14,3.2.8,4,Intel(R) Core(TM) i5-6200U CPU @ 2.30GHz,0,,-71.2,46.8,7.897434234619141,machine,9.158944616892663,0,86.16677013559877,6.80499421325195,N,1.0,0.0
2026-10-07T16:08:25,codecarbon,cc8c5f8a-bbbf-4b03-a57b-ab84f9027170,5b0fa12a-3dd7-45bb-9766-cc326314d9f1,6215.030938999989,9.263603778642058e-05,1.4905161164221962e-08,3.791391697881753,0.0,10.0,0.006410552239591,0.0,0.0171169267813892,0.0235274790209803,0.0,Canada,CAN,quebec,,,Windows-11-10.0.26200-SP0,3.13.14,3.2.8,4,Intel(R) Core(TM) i5-6200U CPU @ 2.30GHz,0,,-71.2,46.8,7.897434234619141,machine,9.167655206126772,0,86.1566889359622,6.804196369381861,N,1.0,0.0
2026-10-07T16:08:40,codecarbon,cc8c5f8a-bbbf-4b03-a57b-ab84f9027170,5b0fa12a-3dd7-45bb-9766-cc326314d9f1,6230.572360799997,9.283211387766832e-05,1.4899452008891972e-08,3.786916143557382,0.0,10.0,0.0064199784909371,0.0,0.0171572994661114,0.0235772779570486,0.0,Canada,CAN,quebec,,,Windows-11-10.0.26200-SP0,3.13.14,3.2.8,4,Intel(R) Core(TM) i5-6200U CPU @ 2.30GHz,0,,-71.2,46.8,7.897434234619141,machine,9.16155721716515,0,86.1468465539662,6.8034192105108495,N,1.0,0.0
2026-10-07T16:08:56,codecarbon,cc8c5f8a-bbbf-4b03-a57b-ab84f9027170,5b0fa12a-3dd7-45bb-9766-cc326314d9f1,6246.120436600002,9.301711825375548e-05,1.4891982823243188e-08,3.7817338617282537,0.0,10.0,0.0064265748351382,0.0,0.0171976900902781,0.0236242649254163,0.0,Canada,CAN,quebec,,,Windows-11-10.0.26200-SP0,3.13.14,3.2.8,4,Intel(R) Core(TM) i5-6200U CPU @ 2.30GHz,0,,-71.2,46.8,7.897434234619141,machine,9.137791828793777,0,86.13762970168612,6.8026930682853965,N,1.0,0.0
2026-10-07T16:09:11,codecarbon,cc8c5f8a-bbbf-4b03-a57b-ab84f9027170,5b0fa12a-3dd7-45bb-9766-cc326314d9f1,6261.699267899996,9.33816451712638e-05,1.4913147562032546e-08,3.78004299422192,0.0,10.012239902080784,0.0064383853516893,0.0,0.0172784612472225,0.0237168465989119,0.0,Canada,CAN,quebec,,,Windows-11-10.0.26200-SP0,3.13.14,3.2.8,4,Intel(R) Core(TM) i5-6200U CPU @ 2.30GHz,0,,-71.2,46.8,7.897434234619141,machine,9.131796862364547,0,86.12893417434901,6.802010025500711,N,1.0,0.0
2026-10-07T16:09:27,codecarbon,cc8c5f8a-bbbf-4b03-a57b-ab84f9027170,5b0fa12a-3dd7-45bb-9766-cc326314d9f1,6277.272640700001,9.373215783081304e-05,1.4931987695274078e-08,3.7683943289248414,0.0,10.0,0.0064455882619558,0.0,0.0173602807027781,0.023805868964734,0.0,Canada,CAN,quebec,,,Windows-11-10.0.26200-SP0,3.13.14,3.2.8,4,Intel(R) Core(TM) i5-6200U CPU @ 2.30GHz,0,,-71.2,46.8,7.897434234619141,machine,9.125830913197806,0,86.120409809616,6.801338083169352,N,1.0,0.0
2026-10-07T16:09:42,codecarbon,cc8c5f8a-bbbf-4b03-a57b-ab84f9027170,5b0fa12a-3dd7-45bb-9766-cc326314d9f1,6292.813660300002,9.392844543741288e-05,1.4926303321197492e-08,3.763992542732964,0.0,10.0,0.0064550756609644,0.0,0.0174006459600003,0.0238557216209648,0.0,Canada,CAN,quebec,,,Windows-11-10.0.26200-SP0,3.13.14,3.2.8,4,Intel(R) Core(TM) i5-6200U CPU @ 2.30GHz,0,,-71.2,46.8,7.897434234619141,machine,9.11842613453492,0,86.11369488252333,6.800807493692968,N,1.0,0.0
2026-10-07T16:09:58,codecarbon,cc8c5f8a-bbbf-4b03-a57b-ab84f9027170,5b0fa12a-3dd7-45bb-9766-cc326314d9f1,6308.388135899993,9.411421431719528e-05,1.4918900405256747e-08,3.759305283211829,0.0,10.0,0.0064618049211497,0.0,0.0174410978350003,0.0239029027561501,0.0,Canada,CAN,quebec,,,Windows-11-10.0.26200-SP0,3.13.14,3.2.8,4,Intel(R) Core(TM) i5-6200U CPU @ 2.30GHz,0,,-71.2,46.8,7.897434234619141,machine,9.096468132926631,0,86.10679081714561,6.800265003693661,N,1.0,0.0
2026-10-07T16:10:14,codecarbon,cc8c5f8a-bbbf-4b03-a57b-ab84f9027170,5b0fa12a-3dd7-45bb-9766-cc326314d9f1,6323.968913799996,9.430671765490248e-05,1.4912584002288325e-08,3.75465397666519,0.0,10.0,0.0064701989919969,0.0,0.0174815953008337,0.0239517942928307,0.0,Canada,CAN,quebec,,,Windows-11-10.0.26200-SP0,3.13.14,3.2.8,4,Intel(R) Core(TM) i5-6200U CPU @ 2.30GHz,0,,-71.2,46.8,7.897434234619141,machine,9.07316253002402,0,86.09963170536429,6.799701208110043,N,1.0,0.0
2026-10-07T16:10:29,codecarbon,cc8c5f8a-bbbf-4b03-a57b-ab84f9027170,5b0fa12a-3dd7-45bb-9766-cc326314d9f1,6339.533663199996,9.449150737621552e-05,1.4905119587064264e-08,3.749554334043762,0.0,10.0,0.006476698615637,0.0,0.0175220281280559,0.0239987267436929,0.0,Canada,CAN,quebec,,,Windows-11-10.0.26200-SP0,3.13.14,3.2.8,4,Intel(R) Core(TM) i5-6200U CPU @ 2.30GHz,0,,-71.2,46.8,7.897434234619141,machine,9.051421725239615,0,86.09284345047922,6.799164284532443,N,1.0,0.0
2026-10-07T16:10:45,codecarbon,cc8c5f8a-bbbf-4b03-a57b-ab84f9027170,5b0fa12a-3dd7-45bb-9766-cc326314d9f1,6355.097751900001,9.467891167937571e-05,1.4898104698872542e-08,3.744593086391606,0.0,10.0,0.0064838570672906,0.0,0.0175624661725003,0.024046323239791,0.0,Canada,CAN,quebec,,,Windows-11-10.0.26200-SP0,3.13.14,3.2.8,4,Intel(R) Core(TM) i5-6200U CPU @ 2.30GHz,0,,-71.2,46.8,7.897434234619141,machine,9.029784860557768,0,86.08592828685258,6.798617439421999,N,1.0,0.0
2026-10-07T16:11:00,codecarbon,cc8c5f8a-bbbf-4b03-a57b-ab84f9027170,5b0fa12a-3dd7-45bb-9766-cc326314d9f1,6370.645913100001,9.486387516477283e-05,1.4890778181487633e-08,3.73965717947675,0.0,10.0,0.006490452030061,0.0,0.0176028477927781,0.0240932998228392,0.0,Canada,CAN,quebec,,,Windows-11-10.0.26200-SP0,3.13.14,3.2.8,4,Intel(R) Core(TM) i5-6200U CPU @ 2.30GHz,0,,-71.2,46.8,7.897434234619141,machine,9.00681926561755,0,86.07874741694485,6.798048153114592,N,1.0,0.0
2026-10-07T16:11:18,codecarbon,cc8c5f8a-bbbf-4b03-a57b-ab84f9027170,5b0fa12a-3dd7-45bb-9766-cc326314d9f1,6388.214428099993,9.50796770372181e-05,1.4883607635177184e-08,3.735236628935074,0.0,10.0,0.0064992495719628,0.0,0.0176488590936114,0.0241481086655743,0.0,Canada,CAN,quebec,,,Windows-11-10.0.26200-SP0,3.13.14,3.2.8,4,Intel(R) Core(TM) i5-6200U CPU @ 2.30GHz,0,,-71.2,46.8,7.897434234619141,machine,8.982545973367152,0,86.07157577679138,6.797481881566794,N,1.0,0.0
2026-10-07T16:11:33,codecarbon,cc8c5f8a-bbbf-4b03-a57b-ab84f9027170,5b0fa12a-3dd7-45bb-9766-cc326314d9f1,6403.782425199999,9.527032510880648e-05,1.4877195816944242e-08,3.731025862134243,0.0,10.0,0.0065072288837088,0.0,0.0176893001225003,0.0241965290062092,0.0,Canada,CAN,quebec,,,Windows-11-10.0.26200-SP0,3.13.14,3.2.8,4,Intel(R) Core(TM) i5-6200U CPU @ 2.30GHz,0,,-71.2,46.8,7.897434234619141,machine,8.959819734345352,0,86.06443706514864,6.7969169924336095,N,1.0,0.0
2026-10-07T16:11:49,codecarbon,cc8c5f8a-bbbf-4b03-a57b-ab84f9027170,5b0fa12a-3dd7-45bb-9766-cc326314d9f1,6419.35383919999,9.545719507063432e-05,1.4870218632866426e-08,3.726241266055984,0.0,10.0,0.0065142420846306,0.0,0.0177297477069448,0.0242439897915754,0.0,Canada,CAN,quebec,,,Windows-11-10.0.26200-SP0,3.13.14,3.2.8,4,Intel(R) Core(TM) i5-6200U CPU @ 2.30GHz,0,,-71.2,46.8,7.897434234619141,machine,8.938618078561287,0,86.05718567597413,6.796344007259477,N,1.0,0.0
2026-10-07T16:12:05,codecarbon,cc8c5f8a-bbbf-4b03-a57b-ab84f9027170,5b0fa12a-3dd7-45bb-9766-cc326314d9f1,6434.913943799998,9.564096896462304e-05,1.4862820202401081e-08,3.7210586114777255,0.0,10.0,0.0065205039289352,0.0,0.0177701603161114,0.0242906642450467,0.0,Canada,CAN,quebec,,,Windows-11-10.0.26200-SP0,3.13.14,3.2.8,4,Intel(R) Core(TM) i5-6200U CPU @ 2.30GHz,0,,-71.2,46.8,7.897434234619141,machine,8.917516525023608,0,86.05031476235442,6.795800746669175,N,1.0,0.0
2026-10-07T16:12:20,codecarbon,cc8c5f8a-bbbf-4b03-a57b-ab84f9027170,5b0fa12a-3dd7-45bb-9766-cc326314d9f1,6450.470855699998,9.582492554862792e-05,1.4855493140311088e-08,3.7159207039626505,0.0,10.0,0.0065268039426903,0.0,0.0178105811550003,0.0243373850976907,0.0,Canada,CAN,quebec,,,Windows-11-10.0.26200-SP0,3.13.14,3.2.8,4,Intel(R) Core(TM) i5-6200U CPU @ 2.30GHz,0,,-71.2,46.8,7.897434234619141,machine,8.895117739403453,0,86.04397174254316,6.795298728763215,N,1.0,0.0
2026-10-07T16:12:36,codecarbon,cc8c5f8a-bbbf-4b03-a57b-ab84f9027170,5b0fa12a-3dd7-45bb-9766-cc326314d9f1,6466.032463099997,9.60100292957861e-05,1.4848367966553053e-08,3.710944264318494,0.0,10.0,0.0065333863929736,0.0,0.0178510109111114,0.024384397304085,0.0,Canada,CAN,quebec,,,Windows-11-10.0.26200-SP0,3.13.14,3.2.8,4,Intel(R) Core(TM) i5-6200U CPU @ 2.30GHz,0,,-71.2,46.8,7.897434234619141,machine,8.874220830070477,0,86.03729052466718,6.79477125868353,N,1.0,0.0
2026-10-07T16:12:51,codecarbon,cc8c5f8a-bbbf-4b03-a57b-ab84f9027170,5b0fa12a-3dd7-45bb-9766-cc326314d9f1,6481.595966499997,9.619925161115584e-05,1.4841908089976576e-08,3.706572752131463,0.0,10.0,0.0065410095612364,0.0,0.0178914459733336,0.0244324555345701,0.0,Canada,CAN,quebec,,,Windows-11-10.0.26200-SP0,3.13.14,3.2.8,4,Intel(R) Core(TM) i5-6200U CPU @ 2.30GHz,0,,-71.2,46.8,7.897434234619141,machine,8.86766130292142,0,86.02935478831434,6.794145204186197,N,1.0,0.0
2026-10-07T16:13:07,codecarbon,cc8c5f8a-bbbf-4b03-a57b-ab84f9027170,5b0fa12a-3dd7-45bb-9766-cc326314d9f1,6497.167762500001,9.63881165129416e-05,1.4835405215988e-08,3.702096699014408,0.0,10.0,0.0065485242986198,0.0,0.0179318986913892,0.0244804229900091,0.0,Canada,CAN,quebec,,,Windows-11-10.0.26200-SP0,3.13.14,3.2.8,4,Intel(R) Core(TM) i5-6200U CPU @ 2.30GHz,0,,-71.2,46.8,7.897434234619141,machine,8.846929551122194,0,86.02189837905237,6.793555413101082,N,1.0,0.0
2026-10-07T16:13:22,codecarbon,cc8c5f8a-bbbf-4b03-a57b-ab84f9027170,5b0fa12a-3dd7-45bb-9766-cc326314d9f1,6512.708263799999,9.657448944301716e-05,1.4828622061856092e-08,3.697473014554829,0.0,10.0,0.006555481245163,0.0,0.0179722762952781,0.0245277575404412,0.0,Canada,CAN,quebec,,,Windows-11-10.0.26200-SP0,3.13.14,3.2.8,4,Intel(R) Core(TM) i5-6200U CPU @ 2.30GHz,0,,-71.2,46.8,7.897434234619141,machine,8.84184419219406,0,86.01467889908257,6.792985513669636,N,1.0,0.0
2026-10-07T16:13:38,codecarbon,cc8c5f8a-bbbf-4b03-a57b-ab84f9027170,5b0fa12a-3dd7-45bb-9766-cc326314d9f1,6528.2749635999935,9.676285274093538e-05,1.4822116605146156e-08,3.693322693245574,0.0,10.0,0.0065628830766752,0.0,0.0180127145230559,0.0245755975997312,0.0,Canada,CAN,quebec,,,Windows-11-10.0.26200-SP0,3.13.14,3.2.8,4,Intel(R) Core(TM) i5-6200U CPU @ 2.30GHz,0,,-71.2,46.8,7.897434234619141,machine,8.819900729021251,0,86.00694896851249,6.792375493275208,N,1.0,0.0
2026-10-07T16:13:53,codecarbon,cc8c5f8a-bbbf-4b03-a57b-ab84f9027170,5b0fa12a-3dd7-45bb-9766-cc326314d9f1,6543.839772899999,9.69486763120776e-05,1.4815258269857267e-08,3.6885815830997433,0.0,10.0,0.0065696438664078,0.0,0.0180531487588892,0.0246227926252971,0.0,Canada,CAN,quebec,,,Windows-11-10.0.26200-SP0,3.13.14,3.2.8,4,Intel(R) Core(TM) i5-6200U CPU @ 2.30GHz,0,,-71.2,46.8,7.897434234619141,machine,8.814902506963788,0,85.99958217270196,6.791793884045935,N,1.0,0.0
2026-10-07T16:14:09,codecarbon,cc8c5f8a-bbbf-4b03-a57b-ab84f9027170,5b0fa12a-3dd7-45bb-9766-cc326314d9f1,6559.413147200001,9.71357256409212e-05,1.4808600016662356e-08,3.683968642188358,0.0,10.0,0.0065767049555902,0.0,0.0180935940102781,0.0246702989658684,0.0,Canada,CAN,quebec,,,Windows-11-10.0.26200-SP0,3.13.14,3.2.8,4,Intel(R) Core(TM) i5-6200U CPU @ 2.30GHz,0,,-71.2,46.8,7.897434234619141,machine,8.808567459092313,0,85.99208088916332,6.791202580498192,N,1.0,0.0
2026-10-07T16:14:25,codecarbon,cc8c5f8a-bbbf-4b03-a57b-ab84f9027170,5b0fa12a-3dd7-45bb-9766-cc326314d9f1,6574.993583499992,9.732515966187288e-05,1.4802320097484397e-08,3.680933417255643,0.0,10.0,0.0065843294967742,0.0,0.0181340814680559,0.0247184109648301,0.0,Canada,CAN,quebec,,,Windows-11-10.0.26200-SP0,3.13.14,3.2.8,4,Intel(R) Core(TM) i5-6200U CPU @ 2.30GHz,0,,-71.2,46.8,7.897434234619141,machine,8.788218081010319,0,85.98472200831665,6.790621617239502,N,1.0,0.0
2026-10-07T16:14:40,codecarbon,cc8c5f8a-bbbf-4b03-a57b-ab84f9027170,5b0fa12a-3dd7-45bb-9766-cc326314d9f1,6590.539646799996,9.751168253044516e-05,1.479570532252112e-08,3.6763181344096574,0.0,10.0,0.0065913198007266,0.0,0.0181744637955559,0.0247657835962825,0.0,Canada,CAN,quebec,,,Windows-11-10.0.26200-SP0,3.13.14,3.2.8,4,Intel(R) Core(TM) i5-6200U CPU @ 2.30GHz,0,,-71.2,46.8,7.897434234619141,machine,8.767962507682853,0,85.97767363245237,6.7900657009038,N,1.0,0.0
2026-10-07T16:14:56,codecarbon,cc8c5f8a-bbbf-4b03-a57b-ab84f9027170,5b0fa12a-3dd7-45bb-9766-cc326314d9f1,6606.102181599999,9.769875313003114e-05,1.4789167718621101e-08,3.6715971205817937,0.0,10.0,0.0065983972413679,0.0,0.0182148980977781,0.024813295339146,0.0,Canada,CAN,quebec,,,Windows-11-10.0.26200-SP0,3.13.14,3.2.8,4,Intel(R) Core(TM) i5-6200U CPU @ 2.30GHz,0,,-71.2,46.8,7.897434234619141,machine,8.746459227467811,0,85.96986511342735,6.789451948197469,N,1.0,0.0
2026-10-07T16:15:11,codecarbon,cc8c5f8a-bbbf-4b03-a57b-ab84f9027170,5b0fa12a-3dd7-45bb-9766-cc326314d9f1,6621.6545224,9.804582961170004e-05,1.480684763604423e-08,3.667131241795783,0.0,10.011574074074074,0.0066058781763502,0.0,0.0182955668163892,0.0249014449927394,0.0,Canada,CAN,quebec,,,Windows-11-10.0.26200-SP0,3.13.14,3.2.8,4,Intel(R) Core(TM) i5-6200U CPU @ 2.30GHz,0,,-71.2,46.8,7.897434234619141,machine,8.726395473313962,0,85.96233369016669,6.788859690415201,N,1.0,0.0
2026-10-07T16:15:27,codecarbon,cc8c5f8a-bbbf-4b03-a57b-ab84f9027170,5b0fa12a-3dd7-45bb-9766-cc326314d9f1,6637.210249700001,9.844937366601282e-05,1.4832944861203196e-08,3.660522006748393,0.0,10.0,0.006627215930475,0.0,0.0183767202147225,0.0250039361451976,0.0,Canada,CAN,quebec,,,Windows-11-10.0.26200-SP0,3.13.14,3.2.8,4,Intel(R) Core(TM) i5-6200U CPU @ 2.30GHz,0,,-71.2,46.8,7.897434234619141,machine,8.720350877192983,0,85.95383676582762,6.788189930628493,N,1.0,0.0
2026-10-07T16:15:42,codecarbon,cc8c5f8a-bbbf-4b03-a57b-ab84f9027170,5b0fa12a-3dd7-45bb-9766-cc326314d9f1,6652.752117999989,9.864116769242695e-05,1.4827122060588867e-08,3.656757198717326,0.0,10.0,0.0066355403832499,0.0,0.0184171071494447,0.0250526475326947,0.0,Canada,CAN,quebec,,,Windows-11-10.0.26200-SP0,3.13.14,3.2.8,4,Intel(R) Core(TM) i5-6200U CPU @ 2.30GHz,0,,-71.2,46.8,7.897434234619141,machine,8.700441400304415,0,85.94596651445967,6.787569489616963,N,1.0,0.0
2026-10-07T16:15:58,codecarbon,cc8c5f8a-bbbf-4b03-a57b-ab84f9027170,5b0fa12a-3dd7-45bb-9766-cc326314d9f1,6668.29671509999,9.8832281625972e-05,1.4821218348333504e-08,3.653518910152648,0.0,10.0,0.0066436945037778,0.0,0.0184574916880558,0.0251011861918336,0.0,Canada,CAN,quebec,,,Windows-11-10.0.26200-SP0,3.13.14,3.2.8,4,Intel(R) Core(TM) i5-6200U CPU @ 2.30GHz,0,,-71.2,46.8,7.897434234619141,machine,8.680622627182991,0,85.93822323462413,6.786958098646901,N,1.0,0.0
2026-10-07T16:16:13,codecarbon,cc8c5f8a-bbbf-4b03-a57b-ab84f9027170,5b0fa12a-3dd7-45bb-9766-cc326314d9f1,6683.848406099991,9.902573456700012e-05,1.4815676321537251e-08,3.651200633247372,0.0,10.0,0.0066524245031578,0.0,0.0184978944033335,0.0251503189064914,0.0,Canada,CAN,quebec,,,Windows-11-10.0.26200-SP0,3.13.14,3.2.8,4,Intel(R) Core(TM) i5-6200U CPU @ 2.30GHz,0,,-71.2,46.8,7.897434234619141,machine,8.659581881533102,0,85.93032873806999,6.786333509727493,N,1.0,0.0
2026-10-07T16:16:29,codecarbon,cc8c5f8a-bbbf-4b03-a57b-ab84f9027170,5b0fa12a-3dd7-45bb-9766-cc326314d9f1,6699.459055300002,9.922143216918788e-05,1.4810364739925221e-08,3.6481074662285615,0.0,10.0,0.0066615501675922,0.0,0.0185384715472224,0.0252000217148147,0.0,Canada,CAN,quebec,,,Windows-11-10.0.26200-SP0,3.13.14,3.2.8,4,Intel(R) Core(TM) i5-6200U CPU @ 2.30GHz,0,,-71.2,46.8,7.897434234619141,machine,8.63994860943168,0,85.92312575574365,6.78576491562314,N,1.0,0.0
2026-10-07T16:16:45,codecarbon,cc8c5f8a-bbbf-4b03-a57b-ab84f9027170,5b0fa12a-3dd7-45bb-9766-cc326314d9f1,6715.008053199999,9.941323453719004e-05,1.4804633702533717e-08,3.644578458638103,0.0,10.0,0.0066698571383881,0.0,0.0185788780825001,0.0252487352208883,0.0,Canada,CAN,quebec,,,Windows-11-10.0.26200-SP0,3.13.14,3.2.8,4,Intel(R) Core(TM) i5-6200U CPU @ 2.30GHz,0,,-71.2,46.8,7.897434234619141,machine,8.619104342581423,0,85.91592279855247,6.785193425467276,N,1.0,0.0
2026-10-07T16:17:00,codecarbon,cc8c5f8a-bbbf-4b03-a57b-ab84f9027170,5b0fa12a-3dd7-45bb-9766-cc326314d9f1,6730.552274499991,9.961157075778362e-05,1.4799910422682768e-08,3.6421541518210496,0.0,10.0,0.0066798381847503,0.0,0.0186192699944446,0.025299108179195,0.0,Canada,CAN,quebec,,,Windows-11-10.0.26200-SP0,3.13.14,3.2.8,4,Intel(R) Core(TM) i5-6200U CPU @ 2.30GHz,0,,-71.2,46.8,7.897434234619141,machine,8.599653979238754,0,85.9093876936964,6.784677661880257,N,1.0,0.0
2026-10-07T16:17:16,codecarbon,cc8c5f8a-bbbf-4b03-a57b-ab84f9027170,5b0fa12a-3dd7-45bb-9766-cc326314d9f1,6746.097284299991,9.981651149925876e-05,1.4796186193691426e-08,3.640197209417937,0.0,10.0,0.0066914939159532,0.0,0.0186596646219447,0.0253511585378979,0.0,Canada,CAN,quebec,,,Windows-11-10.0.26200-SP0,3.13.14,3.2.8,4,Intel(R) Core(TM) i5-6200U CPU @ 2.30GHz,0,,-71.2,46.8,7.897434234619141,machine,8.589013957676721,0,85.90213117214468,6.78410577065555,N,1.0,0.0
2026-10-07T16:17:31,codecarbon,cc8c5f8a-bbbf-4b03-a57b-ab84f9027170,5b0fa12a-3dd7-45bb-9766-cc326314d9f1,6761.647872899994,0.0001000120114457,1.4791070656990613e-08,3.636852709067588,0.0,10.0,0.0067007392202682,0.0,0.0187000719258336,0.0254008111461019,0.0,Canada,CAN,quebec,,,Windows-11-10.0.26200-SP0,3.13.14,3.2.8,4,Intel(R) Core(TM) i5-6200U CPU @ 2.30GHz,0,,-71.2,46.8,7.897434234619141,machine,8.569721473495058,0,85.89538784067086,6.783570543525104,N,1.0,0.0
2026-10-07T16:17:47,codecarbon,cc8c5f8a-bbbf-4b03-a57b-ab84f9027170,5b0fa12a-3dd7-45bb-9766-cc326314d9f1,6777.217569200002,0.0001002038684924,1.478539938688446e-08,3.633061522100845,0.0,10.0,0.0067090222451676,0.0,0.018740516294167,0.0254495385393347,0.0,Canada,CAN,quebec,,,Windows-11-10.0.26200-SP0,3.13.14,3.2.8,4,Intel(R) Core(TM) i5-6200U CPU @ 2.30GHz,0,,-71.2,46.8,7.897434234619141,machine,8.565456447034215,0,85.8904377708053,6.783177727312139,N,1.0,0.0
2026-10-07T16:18:02,codecarbon,cc8c5f8a-bbbf-4b03-a57b-ab84f9027170,5b0fa12a-3dd7-45bb-9766-cc326314d9f1,6792.859132099999,0.0001003936747898,1.4779295851344376e-08,3.629034701574424,0.0,10.0,0.0067165834590051,0.0,0.0187811616291669,0.0254977450881721,0.0,Canada,CAN,quebec,,,Windows-11-10.0.26200-SP0,3.13.14,3.2.8,4,Intel(R) Core(TM) i5-6200U CPU @ 2.30GHz,0,,-71.2,46.8,7.897434234619141,machine,8.545029065434491,0,85.88400655835446,6.782668859277402,N,1.0,0.0
2026-10-07T16:18:18,codecarbon,cc8c5f8a-bbbf-4b03-a57b-ab84f9027170,5b0fa12a-3dd7-45bb-9766-cc326314d9f1,6808.421824999998,0.000100583415948,1.4773381928055838e-08,3.625245633395187,0.0,10.0,0.0067243346611779,0.0,0.0188216004319446,0.0255459350931226,0.0,Canada,CAN,quebec,,,Windows-11-10.0.26200-SP0,3.13.14,3.2.8,4,Intel(R) Core(TM) i5-6200U CPU @ 2.30GHz,0,,-71.2,46.8,7.897434234619141,machine,8.525966686496133,0,85.87925342058298,6.782293154610402,N,1.0,0.0
2026-10-07T16:18:34,codecarbon,cc8c5f8a-bbbf-4b03-a57b-ab84f9027170,5b0fa12a-3dd7-45bb-9766-cc326314d9f1,6823.98403729999,0.0001007675488872,1.4766674179835262e-08,3.620635561511514,0.0,10.0,0.0067306695018621,0.0,0.0188620312341669,0.0255927007360291,0.0,Canada,CAN,quebec,,,Windows-11-10.0.26200-SP0,3.13.14,3.2.8,4,Intel(R) Core(TM) i5-6200U CPU @ 2.30GHz,0,,-71.2,46.8,7.897434234619141,machine,8.505727002967358,0,85.87188427299704,6.781709585557706,N,1.0,0.0
2026-10-07T16:18:49,codecarbon,cc8c5f8a-bbbf-4b03-a57b-ab84f9027170,5b0fa12a-3dd7-45bb-9766-cc326314d9f1,6839.58745739999,0.0001009515267757,1.4759885359247256e-08,3.615941817237832,0.0,10.0,0.0067368522845536,0.0,0.0189025747150002,0.0256394269995539,0.0,Canada,CAN,quebec,,,Windows-11-10.0.26200-SP0,3.13.14,3.2.8,4,Intel(R) Core(TM) i5-6200U CPU @ 2.30GHz,0,,-71.2,46.8,7.897434234619141,machine,8.486839378238342,0,85.86475203552924,6.781145970297248,N,1.0,0.0
2026-10-07T16:19:05,codecarbon,cc8c5f8a-bbbf-4b03-a57b-ab84f9027170,5b0fa12a-3dd7-45bb-9766-cc326314d9f1,6855.134213600002,0.0001011359770249,1.4753318297451842e-08,3.6114364458663504,0.0,10.0,0.0067433125157187,0.0,0.0189429607163891,0.0256862732321079,0.0,Canada,CAN,quebec,,,Windows-11-10.0.26200-SP0,3.13.14,3.2.8,4,Intel(R) Core(TM) i5-6200U CPU @ 2.30GHz,0,,-71.2,46.8,7.897434234619141,machine,8.496322552060256,0,85.85680106335845,6.780515978667677,N,1.0,0.0
2026-10-07T16:19:20,codecarbon,cc8c5f8a-bbbf-4b03-a57b-ab84f9027170,5b0fa12a-3dd7-45bb-9766-cc326314d9f1,6870.701662799998,0.0001013215975146,1.474690686444279e-08,3.607068830972767,0.0,10.0,0.0067500142942551,0.0,0.018983402385278,0.0257334166795331,0.0,Canada,CAN,quebec,,,Windows-11-10.0.26200-SP0,3.13.14,3.2.8,4,Intel(R) Core(TM) i5-6200U CPU @ 2.30GHz,0,,-71.2,46.8,7.897434234619141,machine,8.477541998231652,0,85.84954317712939,6.779943217157509,N,1.0,0.0
2026-10-07T16:19:36,codecarbon,cc8c5f8a-bbbf-4b03-a57b-ab84f9027170,5b0fa12a-3dd7-45bb-9766-cc326314d9f1,6886.266019199989,0.0001015074938204,1.4740571092873612e-08,3.602764255535802,0.0,10.0,0.0067567947588995,0.0,0.0190238354191669,0.0257806301780664,0.0,Canada,CAN,quebec,,,Windows-11-10.0.26200-SP0,3.13.14,3.2.8,4,Intel(R) Core(TM) i5-6200U CPU @ 2.30GHz,0,,-71.2,46.8,7.897434234619141,machine,8.473548007645935,0,85.8422878988384,6.779371330868127,N,1.0,0.0
2026-10-07T16:19:51,codecarbon,cc8c5f8a-bbbf-4b03-a57b-ab84f9027170,5b0fa12a-3dd7-45bb-9766-cc326314d9f1,6901.812973699998,0.0001016919329118,1.4734089912230185e-08,3.5983387111655776,0.0,10.0,0.0067632467031807,0.0,0.0190642268736114,0.0258274735767921,0.0,Canada,CAN,quebec,,,Windows-11-10.0.26200-SP0,3.13.14,3.2.8,4,Intel(R) Core(TM) i5-6200U CPU @ 2.30GHz,0,,-71.2,46.8,7.897434234619141,machine,8.45365996772774,0,85.83473668769254,6.7787743890602,N,1.0,0.0
2026-10-07T16:20:07,codecarbon,cc8c5f8a-bbbf-4b03-a57b-ab84f9027170,5b0fa12a-3dd7-45bb-9766-cc326314d9f1,6917.361287399996,0.000101875818542,1.4727554960536545e-08,3.5938515087627647,0.0,10.0,0.0067695583379196,0.0,0.0191046180708336,0.0258741764087533,0.0,Canada,CAN,quebec,,,Windows-11-10.0.26200-SP0,3.13.14,3.2.8,4,Intel(R) Core(TM) i5-6200U CPU @ 2.30GHz,0,,-71.2,46.8,7.897434234619141,machine,8.435099531615926,0,85.82770784543325,6.778220783631193,N,1.0,0.0
2026-10-07T16:20:23,codecarbon,cc8c5f8a-bbbf-4b03-a57b-ab84f9027170,5b0fa12a-3dd7-45bb-9766-cc326314d9f1,6932.935054000001,0.0001020705210395,1.4722555489771989e-08,3.590777386130278,0.0,10.0,0.0067785389527529,0.0,0.0191450875300002,0.0259236264827532,0.0,Canada,CAN,quebec,,,Windows-11-10.0.26200-SP0,3.13.14,3.2.8,4,Intel(R) Core(TM) i5-6200U CPU @ 2.30GHz,0,,-71.2,46.8,7.897434234619141,machine,8.415391355140187,0,85.82441588785046,6.777960005764649,N,1.0,0.0
2026-10-07T16:20:38,codecarbon,cc8c5f8a-bbbf-4b03-a57b-ab84f9027170,5b0fa12a-3dd7-45bb-9766-cc326314d9f1,6948.495850199994,0.0001022872729674,1.472077916898507e-08,3.589575523649644,0.0,10.0,0.0067931490435756,0.0,0.0191855275747225,0.0259786766182982,0.0,Canada,CAN,quebec,,,Windows-11-10.0.26200-SP0,3.13.14,3.2.8,4,Intel(R) Core(TM) i5-6200U CPU @ 2.30GHz,0,,-71.2,46.8,7.897434234619141,machine,8.41156928456943,0,85.81646510272476,6.777331284838864,N,1.0,0.0
2026-10-07T16:20:54,codecarbon,cc8c5f8a-bbbf-4b03-a57b-ab84f9027170,5b0fa12a-3dd7-45bb-9766-cc326314d9f1,6964.07883079999,0.0001024806051307,1.4715600960390984e-08,3.5875187799276977,0.0,10.0,0.006801753907576,0.0,0.0192260247505558,0.0260277786581319,0.0,Canada,CAN,quebec,,,Windows-11-10.0.26200-SP0,3.13.14,3.2.8,4,Intel(R) Core(TM) i5-6200U CPU @ 2.30GHz,0,,-71.2,46.8,7.897434234619141,machine,8.393224774643791,0,85.80036347775517,6.7760603212277255,N,1.0,0.0
2026-10-07T16:21:09,codecarbon,cc8c5f8a-bbbf-4b03-a57b-ab84f9027170,5b0fa12a-3dd7-45bb-9766-cc326314d9f1,6979.650190999993,0.0001026683955115,1.4709676373743828e-08,3.5833759430518706,0.0,10.0,0.006809001331246,0.0,0.0192664718780558,0.0260754732093019,0.0,Canada,CAN,quebec,,,Windows-11-10.0.26200-SP0,3.13.14,3.2.8,4,Intel(R) Core(TM) i5-6200U CPU @ 2.30GHz,0,,-71.2,46.8,7.897434234619141,machine,8.388250652741513,0,85.78400058021468,6.774767621966905,N,1.0,0.0
2026-10-07T16:21:25,codecarbon,cc8c5f8a-bbbf-4b03-a57b-ab84f9027170,5b0fa12a-3dd7-45bb-9766-cc326314d9f1,6995.209058099994,0.0001028574099529,1.47039794091421e-08,3.579936499114071,0.0,10.0,0.0068165882216752,0.0,0.019306890422778,0.0261234786444533,0.0,Canada,CAN,quebec,,,Windows-11-10.0.26200-SP0,3.13.14,3.2.8,4,Intel(R) Core(TM) i5-6200U CPU @ 2.30GHz,0,,-71.2,46.8,7.897434234619141,machine,8.379693153857287,0,85.76922854248082,6.773601576153182,N,1.0,0.0
2026-10-07T16:21:40,codecarbon,cc8c5f8a-bbbf-4b03-a57b-ab84f9027170,5b0fa12a-3dd7-45bb-9766-cc326314d9f1,7010.767179799994,0.0001030445237854,1.4698038195070976e-08,3.575771251743439,0.0,10.0,0.0068236939113983,0.0,0.0193473074561113,0.0261710013675097,0.0,Canada,CAN,quebec,,,Windows-11-10.0.26200-SP0,3.13.14,3.2.8,4,Intel(R) Core(TM) i5-6200U CPU @ 2.30GHz,0,,-71.2,46.8,7.897434234619141,machine,8.360332129963899,0,85.75360288808663,6.772367845666107,N,1.0,0.0
2026-10-07T16:21:56,codecarbon,cc8c5f8a-bbbf-4b03-a57b-ab84f9027170,5b0fa12a-3dd7-45bb-9766-cc326314d9f1,7026.365982999996,0.0001032295549873,1.4691741824594489e-08,3.571458997452232,0.0,10.0,0.0068301544106991,0.0,0.0193878407383336,0.0262179951490328,0.0,Canada,CAN,quebec,,,Windows-11-10.0.26200-SP0,3.13.14,3.2.8,4,Intel(R) Core(TM) i5-6200U CPU @ 2.30GHz,0,,-71.2,46.8,7.897434234619141,machine,8.342262247838617,0,85.73902017291067,6.771214989763859,N,1.0,0.0
2026-10-07T16:22:12,codecarbon,cc8c5f8a-bbbf-4b03-a57b-ab84f9027170,5b0fa12a-3dd7-45bb-9766-cc326314d9f1,7041.9216456,0.0001035740048073,1.470820182614192e-08,3.5672644980770367,0.0,10.01088139281828,0.0068368974152225,0.0,0.0194685802741669,0.0263054776893895,0.0,Canada,CAN,quebec,,,Windows-11-10.0.26200-SP0,3.13.14,3.2.8,4,Intel(R) Core(TM) i5-6200U CPU @ 2.30GHz,0,,-71.2,46.8,7.897434234619141,machine,8.324270309130123,0,85.72471603163193,6.770085642613754,N,1.0,0.0
2026-10-07T16:22:27,codecarbon,cc8c5f8a-bbbf-4b03-a57b-ab84f9027170,5b0fa12a-3dd7-45bb-9766-cc326314d9f1,7057.486205900001,0.0001039442901349,1.4728231427232057e-08,3.559103931046587,0.0,10.0,0.0068497093712078,0.0,0.0195498124988891,0.026399521870097,0.0,Canada,CAN,quebec,,,Windows-11-10.0.26200-SP0,3.13.14,3.2.8,4,Intel(R) Core(TM) i5-6200U CPU @ 2.30GHz,0,,-71.2,46.8,7.897434234619141,machine,8.305164251900733,0,85.7100846363506,6.768931048344957,N,1.0,0.0
2026-10-07T16:22:43,codecarbon,cc8c5f8a-bbbf-4b03-a57b-ab84f9027170,5b0fa12a-3dd7-45bb-9766-cc326314d9f1,7073.03170159999,0.0001041276664611,1.4721787043253042e-08,3.554699523222825,0.0,10.0,0.0068559038888489,0.0,0.0195901914613892,0.0264460953502381,0.0,Canada,CAN,quebec,,,Windows-11-10.0.26200-SP0,3.13.14,3.2.8,4,Intel(R) Core(TM) i5-6200U CPU @ 2.30GHz,0,,-71.2,46.8,7.897434234619141,machine,8.287331806470084,0,85.69685084454623,6.767887841723487,N,1.0,0.0
2026-10-07T16:22:58,codecarbon,cc8c5f8a-bbbf-4b03-a57b-ab84f9027170,5b0fa12a-3dd7-45bb-9766-cc326314d9f1,7088.599638799991,0.0001043113609389,1.4715369220169874e-08,3.5503124946046327,0.0,10.0,0.0068621158629351,0.0,0.0196306337708336,0.0264927496337688,0.0,Canada,CAN,quebec,,,Windows-11-10.0.26200-SP0,3.13.14,3.2.8,4,Intel(R) Core(TM) i5-6200U CPU @ 2.30GHz,0,,-71.2,46.8,7.897434234619141,machine,8.268394744358755,0,85.68307626392459,6.766799624938006,N,1.0,0.0
2026-10-07T16:23:14,codecarbon,cc8c5f8a-bbbf-4b03-a57b-ab84f9027170,5b0fa12a-3dd7-45bb-9766-cc326314d9f1,7104.150896299994,0.0001045046009949,1.4710357721903258e-08,3.546691760025282,0.0,10.0,0.0068707985465199,0.0,0.0196710297338892,0.0265418282804091,0.0,Canada,CAN,quebec,,,Windows-11-10.0.26200-SP0,3.13.14,3.2.8,4,Intel(R) Core(TM) i5-6200U CPU @ 2.30GHz,0,,-71.2,46.8,7.897434234619141,machine,8.257845233005558,0,85.67007268063276,6.765773244235053,N,1.0,0.0
2026-10-07T16:23:29,codecarbon,cc8c5f8a-bbbf-4b03-a57b-ab84f9027170,5b0fa12a-3dd7-45bb-9766-cc326314d9f1,7119.714436800001,0.000104694210119,1.4704832763786693e-08,3.5430464858248434,0.0,10.0,0.0068785158274844,0.0,0.019711468924167,0.0265899847516515,0.0,Canada,CAN,quebec,,,Windows-11-10.0.26200-SP0,3.13.14,3.2.8,4,Intel(R) Core(TM) i5-6200U CPU @ 2.30GHz,0,,-71.2,46.8,7.897434234619141,machine,8.239058723162236,0,85.65637707948245,6.7646882735054,N,1.0,0.0
2026-10-07T16:23:45,codecarbon,cc8c5f8a-bbbf-4b03-a57b-ab84f9027170,5b0fa12a-3dd7-45bb-9766-cc326314d9f1,7135.2893071,0.000104878741644,1.469859694963372e-08,3.538846250774645,0.0,10.0,0.006884915788107,0.0,0.0197519358383337,0.0266368516264407,0.0,Canada,CAN,quebec,,,Windows-11-10.0.26200-SP0,3.13.14,3.2.8,4,Intel(R) Core(TM) i5-6200U CPU @ 2.30GHz,0,,-71.2,46.8,7.897434234619141,machine,8.221523836549377,0,85.64374290578887,6.763691855613544,N,1.0,0.0
2026-10-07T16:24:00,codecarbon,cc8c5f8a-bbbf-4b03-a57b-ab84f9027170,5b0fa12a-3dd7-45bb-9766-cc326314d9f1,7150.833698000002,0.0001050631663595,1.4692435986724724e-08,3.534678299702673,0.0,10.0,0.0068913754145521,0.0,0.0197923159594448,0.0266836913739969,0.0,Canada,CAN,quebec,,,Windows-11-10.0.26200-SP0,3.13.14,3.2.8,4,Intel(R) Core(TM) i5-6200U CPU @ 2.30GHz,0,,-71.2,46.8,7.897434234619141,machine,8.204063429137761,0,85.63107744584455,6.762692038438719,N,1.0,0.0
2026-10-07T16:24:16,codecarbon,cc8c5f8a-bbbf-4b03-a57b-ab84f9027170,5b0fa12a-3dd7-45bb-9766-cc326314d9f1,7166.380701999995,0.0001052463202983,1.4686119071087773e-08,3.530364233903357,0.0,10.0,0.0068975035993847,0.0,0.0198327047733336,0.0267302083727184,0.0,Canada,CAN,quebec,,,Windows-11-10.0.26200-SP0,3.13.14,3.2.8,4,Intel(R) Core(TM) i5-6200U CPU @ 2.30GHz,0,,-71.2,46.8,7.897434234619141,machine,8.18552055375053,0,85.61754485096765,6.76162089134849,N,1.0,0.0
2026-10-07T16:24:32,codecarbon,cc8c5f8a-bbbf-4b03-a57b-ab84f9027170,5b0fa12a-3dd7-45bb-9766-cc326314d9f1,7181.941450699989,0.0001054299371533,1.467986586594343e-08,3.526099886135173,0.0,10.0,0.0069037130556963,0.0,0.0198731298861115,0.0267768429418079,0.0,Canada,CAN,quebec,,,Windows-11-10.0.26200-SP0,3.13.14,3.2.8,4,Intel(R) Core(TM) i5-6200U CPU @ 2.30GHz,0,,-71.2,46.8,7.897434234619141,machine,8.182308993515647,0,85.60486326473077,6.760619544498948,N,1.0,0.0
2026-10-07T16:24:47,codecarbon,cc8c5f8a-bbbf-4b03-a57b-ab84f9027170,5b0fa12a-3dd7-45bb-9766-cc326314d9f1,7197.516765799999,0.0001056138791089,1.4673655171020332e-08,3.5218663873855003,0.0,10.0,0.0069099642547329,0.0,0.0199135958244448,0.0268235600791778,0.0,Canada,CAN,quebec,,,Windows-11-10.0.26200-SP0,3.13.14,3.2.8,4,Intel(R) Core(TM) i5-6200U CPU @ 2.30GHz,0,,-71.2,46.8,7.897434234619141,machine,8.192025316455696,0,85.59102672292545,6.7595273518193455,N,1.0,0.0
2026-10-07T16:25:03,codecarbon,cc8c5f8a-bbbf-4b03-a57b-ab84f9027170,5b0fa12a-3dd7-45bb-9766-cc326314d9f1,7213.081884999992,0.0001057973159608,1.4667422004576112e-08,3.517620223059652,0.0,10.0,0.0069161189564989,0.0,0.0199540299750003,0.0268701489314993,0.0,Canada,CAN,quebec,,,Windows-11-10.0.26200-SP0,3.13.14,3.2.8,4,Intel(R) Core(TM) i5-6200U CPU @ 2.30GHz,0,,-71.2,46.8,7.897434234619141,machine,8.174778947368422,0,85.57762807017544,6.758470513059382,N,1.0,0.0
2026-10-07T16:25:18,codecarbon,cc8c5f8a-bbbf-4b03-a57b-ab84f9027170,5b0fa12a-3dd7-45bb-9766-cc326314d9f1,7228.631360999992,0.0001059827848564,1.466152851952946e-08,3.513655032501036,0.0,10.0,0.0069228308099221,0.0,0.0199944230675004,0.0269172538774225,0.0,Canada,CAN,quebec,,,Windows-11-10.0.26200-SP0,3.13.14,3.2.8,4,Intel(R) Core(TM) i5-6200U CPU @ 2.30GHz,0,,-71.2,46.8,7.897434234619141,machine,8.157605042016806,0,85.56401960784314,6.757397055425564,N,1.0,0.0
2026-10-07T16:25:34,codecarbon,cc8c5f8a-bbbf-4b03-a57b-ab84f9027170,5b0fa12a-3dd7-45bb-9766-cc326314d9f1,7244.193238399996,0.0001061678603113,1.4655580934612964e-08,3.509656358737569,0.0,10.0,0.0069294074821004,0.0,0.0200348514161115,0.026964258898212,0.0,Canada,CAN,quebec,,,Windows-11-10.0.26200-SP0,3.13.14,3.2.8,4,Intel(R) Core(TM) i5-6200U CPU @ 2.30GHz,0,,-71.2,46.8,7.897434234619141,machine,8.139365567356066,0,85.54935718278367,6.756238964564845,N,1.0,0.0
2026-10-07T16:25:49,codecarbon,cc8c5f8a-bbbf-4b03-a57b-ab84f9027170,5b0fa12a-3dd7-45bb-9766-cc326314d9f1,7259.7584073000035,0.0001063550689465,1.4649946042225856e-08,3.5059440699281934,0.0,10.0,0.006936515736528,0.0,0.0200752899625004,0.0270118056990284,0.0,Canada,CAN,quebec,,,Windows-11-10.0.26200-SP0,3.13.14,3.2.8,4,Intel(R) Core(TM) i5-6200U CPU @ 2.30GHz,0,,-71.2,46.8,7.897434234619141,machine,8.122339980476921,0,85.53547622367871,6.755142231064683,N,1.0,0.0
2026-10-07T16:26:05,codecarbon,cc8c5f8a-bbbf-4b03-a57b-ab84f9027170,5b0fa12a-3dd7-45bb-9766-cc326314d9f1,7275.318288299997,0.0001065422996257,1.4644348934822829e-08,3.502274449627292,0.0,10.0,0.0069436459085343,0.0,0.0201157121900003,0.0270593580985347,0.0,Canada,CAN,quebec,,,Windows-11-10.0.26200-SP0,3.13.14,3.2.8,4,Intel(R) Core(TM) i5-6200U CPU @ 2.30GHz,0,,-71.2,46.8,7.897434234619141,machine,8.104257687491303,0,85.52056490886324,6.753960440781512,N,1.0,0.0
2026-10-07T16:26:21,codecarbon,cc8c5f8a-bbbf-4b03-a57b-ab84f9027170,5b0fa12a-3dd7-45bb-9766-cc326314d9f1,7290.887637399996,0.0001067270925039,1.4638422344692918e-08,3.4983105375829067,0.0,10.0,0.0069501409808969,0.0,0.0201561503702781,0.0271062913511751,0.0,Canada,CAN,quebec,,,Windows-11-10.0.26200-SP0,3.13.14,3.2.8,4,Intel(R) Core(TM) i5-6200U CPU @ 2.30GHz,0,,-71.2,46.8,7.897434234619141,machine,8.087378505970564,0,85.50720633157457,6.752905546642284,N,1.0,0.0
2026-10-07T16:26:36,codecarbon,cc8c5f8a-bbbf-4b03-a57b-ab84f9027170,5b0fa12a-3dd7-45bb-9766-cc326314d9f1,7306.435464599999,0.0001069104356046,1.4632365689480697e-08,3.4941850286644938,0.0,10.0,0.0069563103400094,0.0,0.0201965460527781,0.0271528563927875,0.0,Canada,CAN,quebec,,,Windows-11-10.0.26200-SP0,3.13.14,3.2.8,4,Intel(R) Core(TM) i5-6200U CPU @ 2.30GHz,0,,-71.2,46.8,7.897434234619141,machine,8.07056948870722,0,85.49400027712345,6.751862946021783,N,1.0,0.0
2026-10-07T16:26:52,codecarbon,cc8c5f8a-bbbf-4b03-a57b-ab84f9027170,5b0fa12a-3dd7-45bb-9766-cc326314d9f1,7321.983559300002,0.0001070954350664,1.4626560439407968e-08,3.4902431119606363,0.0,10.0,0.0069629040152671,0.0,0.0202369380977781,0.0271998421130453,0.0,Canada,CAN,quebec,,,Windows-11-10.0.26200-SP0,3.13.14,3.2.8,4,Intel(R) Core(TM) i5-6200U CPU @ 2.30GHz,0,,-71.2,46.8,7.897434234619141,machine,8.052716715055993,0,85.47971795935297,6.750734624304943,N,1.0,0.0
2026-10-07T16:27:07,codecarbon,cc8c5f8a-bbbf-4b03-a57b-ab84f9027170,5b0fa12a-3dd7-45bb-9766-cc326314d9f1,7337.541129799996,0.0001072793469281,1.4620612686241642e-08,3.48625442891441,0.0,10.0,0.0069692048847302,0.0,0.0202773467225003,0.0272465516072306,0.0,Canada,CAN,quebec,,,Windows-11-10.0.26200-SP0,3.13.14,3.2.8,4,Intel(R) Core(TM) i5-6200U CPU @ 2.30GHz,0,,-71.2,46.8,7.897434234619141,machine,8.036051324503312,0,85.46655629139073,6.749695238424979,N,1.0,0.0
2026-10-07T16:27:23,codecarbon,cc8c5f8a-bbbf-4b03-a57b-ab84f9027170,5b0fa12a-3dd7-45bb-9766-cc326314d9f1,7353.095062799999,0.000107463230994,1.4614693550985549e-08,3.4822376530018286,0.0,10.0,0.0069755144680141,0.0,0.0203177395738892,0.0272932540419034,0.0,Canada,CAN,quebec,,,Windows-11-10.0.26200-SP0,3.13.14,3.2.8,4,Intel(R) Core(TM) i5-6200U CPU @ 2.30GHz,0,,-71.2,46.8,7.897434234619141,machine,8.01835077092511,0,85.45256057268723,6.748591200895771,N,1.0,0.0
2026-10-07T16:27:38,codecarbon,cc8c5f8a-bbbf-4b03-a57b-ab84f9027170,5b0fa12a-3dd7-45bb-9766-cc326314d9f1,7368.655993399996,0.0001076483078656,1.4608947406697182e-08,3.4783971874444184,0.0,10.0,0.0069820836605471,0.0,0.0203581757619448,0.027340259422492,0.0,Canada,CAN,quebec,,,Windows-11-10.0.26200-SP0,3.13.14,3.2.8,4,Intel(R) Core(TM) i5-6200U CPU @ 2.30GHz,0,,-71.2,46.8,7.897434234619141,machine,8.001827174062372,0,85.43951092182992,6.74756090174928,N,1.0,0.0
2026-10-07T16:27:54,codecarbon,cc8c5f8a-bbbf-4b03-a57b-ab84f9027170,5b0fa12a-3dd7-45bb-9766-cc326314d9f1,7384.2253107,0.0001078347509945,1.4603393918418798e-08,3.474882831090855,0.0,10.0,0.0069889879212939,0.0,0.0203986238805559,0.0273876118018499,0.0,Canada,CAN,quebec,,,Windows-11-10.0.26200-SP0,3.13.14,3.2.8,4,Intel(R) Core(TM) i5-6200U CPU @ 2.30GHz,0,,-71.2,46.8,7.897434234619141,machine,7.984276901987664,0,85.42498971898561,6.746416938264048,N,1.0,0.0
2026-10-07T16:28:09,codecarbon,cc8c5f8a-bbbf-4b03-a57b-ab84f9027170,5b0fa12a-3dd7-45bb-9766-cc326314d9f1,7399.773533200001,0.0001080199452169,1.4597736637789589e-08,3.471270884982657,0.0,10.0,0.0069956328252697,0.0,0.0204390141616671,0.0274346469869368,0.0,Canada,CAN,quebec,,,Windows-11-10.0.26200-SP0,3.13.14,3.2.8,4,Intel(R) Core(TM) i5-6200U CPU @ 2.30GHz,0,,-71.2,46.8,7.897434234619141,machine,7.967893296853625,0,85.41176470588235,6.745373450095285,N,1.0,0.0
2026-10-07T16:28:25,codecarbon,cc8c5f8a-bbbf-4b03-a57b-ab84f9027170,5b0fa12a-3dd7-45bb-9766-cc326314d9f1,7415.355270100001,0.0001082065462833,1.4592226851169552e-08,3.4682337152725258,0.0,10.0,0.0070025488074906,0.0,0.0204794906713893,0.02748203947888,0.0,Canada,CAN,quebec,,,Windows-11-10.0.26200-SP0,3.13.14,3.2.8,4,Intel(R) Core(TM) i5-6200U CPU @ 2.30GHz,0,,-71.2,46.8,7.897434234619141,machine,7.96522866894198,0,85.39885324232081,6.744352287839297,N,1.0,0.0
2026-10-07T16:28:41,codecarbon,cc8c5f8a-bbbf-4b03-a57b-ab84f9027170,5b0fa12a-3dd7-45bb-9766-cc326314d9f1,7430.904799199998,0.0001083896989503,1.458633933273751e-08,3.4642061295476263,0.0,10.0,0.0070086633579627,0.0,0.020519892796667,0.0275285561546298,0.0,Canada,CAN,quebec,,,Windows-11-10.0.26200-SP0,3.13.14,3.2.8,4,Intel(R) Core(TM) i5-6200U CPU @ 2.30GHz,0,,-71.2,46.8,7.897434234619141,machine,7.947868137855878,0,85.38504290968532,6.743262790980805,N,1.0,0.0
2026-10-07T16:28:56,codecarbon,cc8c5f8a-bbbf-4b03-a57b-ab84f9027170,5b0fa12a-3dd7-45bb-9766-cc326314d9f1,7446.475522299996,0.0001085731783522,1.4580478781819817e-08,3.460219805297992,0.0,10.0,0.0070148111206336,0.0,0.0205603446930559,0.0275751558136896,0.0,Canada,CAN,quebec,,,Windows-11-10.0.26200-SP0,3.13.14,3.2.8,4,Intel(R) Core(TM) i5-6200U CPU @ 2.30GHz,0,,-71.2,46.8,7.897434234619141,machine,7.931661228928766,0,85.37247145187602,6.742266876921828,N,1.0,0.0
2026-10-07T16:29:12,codecarbon,cc8c5f8a-bbbf-4b03-a57b-ab84f9027170,5b0fa12a-3dd7-45bb-9766-cc326314d9f1,7462.024858399993,0.0001089151897001,1.4595929625933212e-08,3.456247489504386,0.0,10.010266940451745,0.0070209865223029,0.0,0.0206410325144448,0.0276620190367478,0.0,Canada,CAN,quebec,,,Windows-11-10.0.26200-SP0,3.13.14,3.2.8,4,Intel(R) Core(TM) i5-6200U CPU @ 2.30GHz,0,,-71.2,46.8,7.897434234619141,machine,7.914446554530657,0,85.35923765599567,6.741224601484807,N,1.0,0.0
2026-10-07T16:29:27,codecarbon,cc8c5f8a-bbbf-4b03-a57b-ab84f9027170,5b0fa12a-3dd7-45bb-9766-cc326314d9f1,7477.57856509999,0.0001092584794778,1.4611478639333404e-08,3.447267235486333,0.0,10.0,0.0070274121067865,0.0,0.0207217948455559,0.0277492069523425,0.0,Canada,CAN,quebec,,,Windows-11-10.0.26200-SP0,3.13.14,3.2.8,4,Intel(R) Core(TM) i5-6200U CPU @ 2.30GHz,0,,-71.2,46.8,7.897434234619141,machine,7.898375524570191,0,85.34689319074049,6.740249796973622,N,1.0,0.0
2026-10-07T16:29:43,codecarbon,cc8c5f8a-bbbf-4b03-a57b-ab84f9027170,5b0fa12a-3dd7-45bb-9766-cc326314d9f1,7493.138325199994,0.0001094441312176,1.4605913632953512e-08,3.443894958147623,0.0,10.0,0.0070341431360267,0.0,0.0207622152005559,0.0277963583365827,0.0,Canada,CAN,quebec,,,Windows-11-10.0.26200-SP0,3.13.14,3.2.8,4,Intel(R) Core(TM) i5-6200U CPU @ 2.30GHz,0,,-71.2,46.8,7.897434234619141,machine,7.881304876401459,0,85.33383763339187,6.739218882800727,N,1.0,0.0
2026-10-07T16:29:58,codecarbon,cc8c5f8a-bbbf-4b03-a57b-ab84f9027170,5b0fa12a-3dd7-45bb-9766-cc326314d9f1,7508.689031299989,0.0001096295580371,1.4600359341050522e-08,3.440114475264447,0.0,10.0,0.007040846565293,0.0,0.0208026060308336,0.0278434525961267,0.0,Canada,CAN,quebec,,,Windows-11-10.0.26200-SP0,3.13.14,3.2.8,4,Intel(R) Core(TM) i5-6200U CPU @ 2.30GHz,0,,-71.2,46.8,7.897434234619141,machine,7.865368023726072,0,85.3213939067134,6.7382349814967535,N,1.0,0.0
2026-10-07T16:30:14,codecarbon,cc8c5f8a-bbbf-4b03-a57b-ab84f9027170,5b0fa12a-3dd7-45bb-9766-cc326314d9f1,7524.258926299997,0.0001098154686282,1.459485508192935e-08,3.4364394182124847,0.0,10.0,0.0070476165041958,0.0,0.0208430532186114,0.0278906697228073,0.0,Canada,CAN,quebec,,,Windows-11-10.0.26200-SP0,3.13.14,3.2.8,4,Intel(R) Core(TM) i5-6200U CPU @ 2.30GHz,0,,-71.2,46.8,7.897434234619141,machine,7.849495493071439,0,85.3090945782322,6.737262574946048,N,1.0,0.0
2026-10-07T16:30:29,codecarbon,cc8c5f8a-bbbf-4b03-a57b-ab84f9027170,5b0fa12a-3dd7-45bb-9766-cc326314d9f1,7539.833921099998,0.0001100024668491,1.4589507938797838e-08,3.4327938509528657,0.0,10.0,0.0070546462933686,0.0,0.0208835167897225,0.0279381630830912,0.0,Canada,CAN,quebec,,,Windows-11-10.0.26200-SP0,3.13.14,3.2.8,4,Intel(R) Core(TM) i5-6200U CPU @ 2.30GHz,0,,-71.2,46.8,7.897434234619141,machine,7.832635253054102,0,85.29612028460197,6.736239361721392,N,1.0,0.0
2026-10-07T16:30:45,codecarbon,cc8c5f8a-bbbf-4b03-a57b-ab84f9027170,5b0fa12a-3dd7-45bb-9766-cc326314d9f1,7555.381717900003,0.0001101894094491,1.4584227979922748e-08,3.4295004818671533,0.0,10.0,0.0070617360966707,0.0,0.0209239062202781,0.0279856423169489,0.0,Canada,CAN,quebec,,,Windows-11-10.0.26200-SP0,3.13.14,3.2.8,4,Intel(R) Core(TM) i5-6200U CPU @ 2.30GHz,0,,-71.2,46.8,7.897434234619141,machine,7.816894426580922,0,85.28425777063237,6.735300789819781,N,1.0,0.0
2026-10-07T16:31:01,codecarbon,cc8c5f8a-bbbf-4b03-a57b-ab84f9027170,5b0fa12a-3dd7-45bb-9766-cc326314d9f1,7570.956451199992,0.0001103960329387,1.4581517361817154e-08,3.4326779801088394,0.0,10.0,0.0070737368634749,0.0,0.0209643831925003,0.0280381200559753,0.0,Canada,CAN,quebec,,,Windows-11-10.0.26200-SP0,3.13.14,3.2.8,4,Intel(R) Core(TM) i5-6200U CPU @ 2.30GHz,0,,-71.2,46.8,7.897434234619141,machine,7.813542780748664,0,85.27114973262032,6.73426480216776,N,1.0,0.0
2026-10-07T16:31:16,codecarbon,cc8c5f8a-bbbf-4b03-a57b-ab84f9027170,5b0fa12a-3dd7-45bb-9766-cc326314d9f1,7586.5233745,0.0001106311747989,1.4582591964433566e-08,3.433569129034729,0.0,10.0,0.0070930101336027,0.0,0.0210048306888892,0.028097840822492,0.0,Canada,CAN,quebec,,,Windows-11-10.0.26200-SP0,3.13.14,3.2.8,4,Intel(R) Core(TM) i5-6200U CPU @ 2.30GHz,0,,-71.2,46.8,7.897434234619141,machine,7.811247498332221,0,85.26322881921281,6.7336364908962745,N,1.0,0.0
2026-10-07T16:31:32,codecarbon,cc8c5f8a-bbbf-4b03-a57b-ab84f9027170,5b0fa12a-3dd7-45bb-9766-cc326314d9f1,7602.107697999992,0.000110842339767,1.4580474806512072e-08,3.4326411294292964,0.0,10.0,0.0071061409103685,0.0,0.0210453310850003,0.0281514719953689,0.0,Canada,CAN,quebec,,,Windows-11-10.0.26200-SP0,3.13.14,3.2.8,4,Intel(R) Core(TM) i5-6200U CPU @ 2.30GHz,0,,-71.2,46.8,7.897434234619141,machine,7.807921714818267,0,85.25409399547331,6.7329163376746335,N,1.0,0.0
2026-10-07T16:31:47,codecarbon,cc8c5f8a-bbbf-4b03-a57b-ab84f9027170,5b0fa12a-3dd7-45bb-9766-cc326314d9f1,7617.68226609999,0.0001110580849404,1.4578986240303144e-08,3.432528291330307,0.0,10.0,0.007120459934203,0.0,0.0210858065036114,0.0282062664378145,0.0,Canada,CAN,quebec,,,Windows-11-10.0.26200-SP0,3.13.14,3.2.8,4,Intel(R) Core(TM) i5-6200U CPU @ 2.30GHz,0,,-71.2,46.8,7.897434234619141,machine,7.792359819293117,0,85.24459208078662,6.732167363325206,N,1.0,0.0
2026-10-07T16:32:03,codecarbon,cc8c5f8a-bbbf-4b03-a57b-ab84f9027170,5b0fa12a-3dd7-45bb-9766-cc326314d9f1,7633.2601822,0.0001112719565644,1.4577251909210262e-08,3.4321788510087043,0.0,10.0,0.0071342993209498,0.0,0.0211262857197226,0.0282605850406725,0.0,Canada,CAN,quebec,,,Windows-11-10.0.26200-SP0,3.13.14,3.2.8,4,Intel(R) Core(TM) i5-6200U CPU @ 2.30GHz,0,,-71.2,46.8,7.897434234619141,machine,7.816642355125316,0,85.23437209919109,6.731359321706539,N,1.0,0.0
2026-10-07T16:32:18,codecarbon,cc8c5f8a-bbbf-4b03-a57b-ab84f9027170,5b0fa12a-3dd7-45bb-9766-cc326314d9f1,7648.837490699996,0.0001114880074226,1.4575810710863864e-08,3.4323839638985896,0.0,10.0,0.0071486954571392,0.0,0.0211667616630559,0.0283154571201952,0.0,Canada,CAN,quebec,,,Windows-11-10.0.26200-SP0,3.13.14,3.2.8,4,Intel(R) Core(TM) i5-6200U CPU @ 2.30GHz,0,,-71.2,46.8,7.897434234619141,machine,7.800092629350272,0,85.22330289797539,6.730485648346654,N,1.0,0.0
2026-10-07T16:32:34,codecarbon,cc8c5f8a-bbbf-4b03-a57b-ab84f9027170,5b0fa12a-3dd7-45bb-9766-cc326314d9f1,7664.401631399989,0.0001117051728051,1.4574545825925476e-08,3.432780295511522,0.0,10.0,0.0071634241506237,0.0,0.0212071881133337,0.0283706122639574,0.0,Canada,CAN,quebec,,,Windows-11-10.0.26200-SP0,3.13.14,3.2.8,4,Intel(R) Core(TM) i5-6200U CPU @ 2.30GHz,0,,-71.2,46.8,7.897434234619141,machine,7.784640781827787,0,85.21332540940307,6.72969783001077,N,1.0,0.0
2026-10-07T16:32:50,codecarbon,cc8c5f8a-bbbf-4b03-a57b-ab84f9027170,5b0fa12a-3dd7-45bb-9766-cc326314d9f1,7679.990844499989,0.0001119199997287,1.4572934004064922e-08,3.4327729055169827,0.0,10.0,0.0071774739665154,0.0,0.0212476995250003,0.0284251734915157,0.0,Canada,CAN,quebec,,,Windows-11-10.0.26200-SP0,3.13.14,3.2.8,4,Intel(R) Core(TM) i5-6200U CPU @ 2.30GHz,0,,-71.2,46.8,7.897434234619141,machine,7.76822614654718,0,85.20210859251449,6.728811419380924,N,1.0,0.0
2026-10-07T16:33:05,codecarbon,cc8c5f8a-bbbf-4b03-a57b-ab84f9027170,5b0fa12a-3dd7-45bb-9766-cc326314d9f1,7695.582918200002,0.0001121737100117,1.4576375981400478e-08,3.437703615265394,0.0,10.0,0.0072013903921324,0.0,0.0212882198294447,0.0284896102215772,0.0,Canada,CAN,quebec,,,Windows-11-10.0.26200-SP0,3.13.14,3.2.8,4,Intel(R) Core(TM) i5-6200U CPU @ 2.30GHz,0,,-71.2,46.8,7.897434234619141,machine,7.76605287386558,0,85.19175325529396,6.727994822740837,N,1.0,0.0
2026-10-07T16:33:21,codecarbon,cc8c5f8a-bbbf-4b03-a57b-ab84f9027170,5b0fa12a-3dd7-45bb-9766-cc326314d9f1,7711.167792199994,0.0001124371574034,1.4581080380219636e-08,3.4439006167614163,0.0,10.0,0.0072277959519635,0.0,0.0213287240072225,0.0285565199591861,0.0,Canada,CAN,quebec,,,Windows-11-10.0.26200-SP0,3.13.14,3.2.8,4,Intel(R) Core(TM) i5-6200U CPU @ 2.30GHz,0,,-71.2,46.8,7.897434234619141,machine,7.749744060900381,0,85.18116550728443,6.727158060911243,N,1.0,0.0
2026-10-07T16:33:36,codecarbon,cc8c5f8a-bbbf-4b03-a57b-ab84f9027170,5b0fa12a-3dd7-45bb-9766-cc326314d9f1,7726.746547199989,0.0001126388320817,1.4577782692063923e-08,3.442472929636376,0.0,10.0,0.0072385296870985,0.0,0.0213692111238892,0.0286077408109878,0.0,Canada,CAN,quebec,,,Windows-11-10.0.26200-SP0,3.13.14,3.2.8,4,Intel(R) Core(TM) i5-6200U CPU @ 2.30GHz,0,,-71.2,46.8,7.897434234619141,machine,7.734516636101651,0,85.17097196751375,6.726355401014888,N,1.0,0.0
2026-10-07T16:33:52,codecarbon,cc8c5f8a-bbbf-4b03-a57b-ab84f9027170,5b0fa12a-3dd7-45bb-9766-cc326314d9f1,7742.327436299995,0.0001128569298251,1.4576615462683393e-08,3.442704016278052,0.0,10.0,0.0072534305176937,0.0,0.0214097022358336,0.0286631327535274,0.0,Canada,CAN,quebec,,,Windows-11-10.0.26200-SP0,3.13.14,3.2.8,4,Intel(R) Core(TM) i5-6200U CPU @ 2.30GHz,0,,-71.2,46.8,7.897434234619141,machine,7.719348934501243,0,85.16089684926133,6.725559224146053,N,1.0,0.0
2026-10-07T16:34:07,codecarbon,cc8c5f8a-bbbf-4b03-a57b-ab84f9027170,5b0fa12a-3dd7-45bb-9766-cc326314d9f1,7757.8793114,0.0001130416239381,1.4571201664871532e-08,3.4391264880433905,0.0,10.0,0.0072599504098007,0.0,0.0214500905122225,0.0287100409220233,0.0,Canada,CAN,quebec,,,Windows-11-10.0.26200-SP0,3.13.14,3.2.8,4,Intel(R) Core(TM) i5-6200U CPU @ 2.30GHz,0,,-71.2,46.8,7.897434234619141,machine,7.703235485975212,0,85.14996738421397,6.724695378631373,N,1.0,0.0
2026-10-07T16:34:23,codecarbon,cc8c5f8a-bbbf-4b03-a57b-ab84f9027170,5b0fa12a-3dd7-45bb-9766-cc326314d9f1,7773.433058199997,0.0001132295388266,1.4566220353213886e-08,3.4358239525294225,0.0,10.0,0.0072672732400988,0.0,0.0214904938552781,0.028757767095377,0.0,Canada,CAN,quebec,,,Windows-11-10.0.26200-SP0,3.13.14,3.2.8,4,Intel(R) Core(TM) i5-6200U CPU @ 2.30GHz,0,,-71.2,46.8,7.897434234619141,machine,7.688190104166667,0,85.13975260416667,6.723888954520225,N,1.0,0.0
2026-10-07T16:34:39,codecarbon,cc8c5f8a-bbbf-4b03-a57b-ab84f9027170,5b0fa12a-3dd7-45bb-9766-cc326314d9f1,7788.981609499999,0.0001134141792267,1.4560848248553952e-08,3.432267353475776,0.0,10.0,0.0072737731058605,0.0,0.0215308885161114,0.028804661621972,0.0,Canada,CAN,quebec,,,Windows-11-10.0.26200-SP0,3.13.14,3.2.8,4,Intel(R) Core(TM) i5-6200U CPU @ 2.30GHz,0,,-71.2,46.8,7.897434234619141,machine,7.685200103950104,0,85.1287681912682,6.723020507491304,N,1.0,0.0
2026-10-07T16:34:54,codecarbon,cc8c5f8a-bbbf-4b03-a57b-ab84f9027170,5b0fa12a-3dd7-45bb-9766-cc326314d9f1,7804.594922499993,0.000113604544506,1.4556110295809738e-08,3.429064246986873,0.0,10.0,0.0072815502719255,0.0,0.0215714598677781,0.0288530101397037,0.0,Canada,CAN,quebec,,,Windows-11-10.0.26200-SP0,3.13.14,3.2.8,4,Intel(R) Core(TM) i5-6200U CPU @ 2.30GHz,0,,-71.2,46.8,7.897434234619141,machine,7.670250291790948,0,85.118298534561,6.722195416661864,N,1.0,0.0
2026-10-07T16:35:10,codecarbon,cc8c5f8a-bbbf-4b03-a57b-ab84f9027170,5b0fa12a-3dd7-45bb-9766-cc326314d9f1,7820.147520899991,0.0001137885338245,1.4550688912247932e-08,3.42549771417154,0.0,10.0,0.0072878803692254,0.0,0.0216118589369448,0.0288997393061703,0.0,Canada,CAN,quebec,,,Windows-11-10.0.26200-SP0,3.13.14,3.2.8,4,Intel(R) Core(TM) i5-6200U CPU @ 2.30GHz,0,,-71.2,46.8,7.897434234619141,machine,7.654367801216514,0,85.10711789827876,6.721314384447614,N,1.0,0.0
2026-10-07T16:35:25,codecarbon,cc8c5f8a-bbbf-4b03-a57b-ab84f9027170,5b0fa12a-3dd7-45bb-9766-cc326314d9f1,7835.700143399998,0.0001139760878958,1.4545743942462722e-08,3.4220970727995383,0.0,10.0,0.007295111476969,0.0,0.0216522623630559,0.028947373840025,0.0,Canada,CAN,quebec,,,Windows-11-10.0.26200-SP0,3.13.14,3.2.8,4,Intel(R) Core(TM) i5-6200U CPU @ 2.30GHz,0,,-71.2,46.8,7.897434234619141,machine,7.639537587186774,0,85.09690002583311,6.720506763187252,N,1.0,0.0
2026-10-07T16:35:41,codecarbon,cc8c5f8a-bbbf-4b03-a57b-ab84f9027170,5b0fa12a-3dd7-45bb-9766-cc326314d9f1,7851.2582158,0.0001141598917048,1.4540330806479796e-08,3.4185223479154696,0.0,10.0,0.0073013759659633,0.0,0.0216926799252781,0.0289940558912416,0.0,Canada,CAN,quebec,,,Windows-11-10.0.26200-SP0,3.13.14,3.2.8,4,Intel(R) Core(TM) i5-6200U CPU @ 2.30GHz,0,,-71.2,46.8,7.897434234619141,machine,7.624764728632203,0,85.08419492071677,6.719502854135151,N,1.0,0.0
2026-10-07T16:35:56,codecarbon,cc8c5f8a-bbbf-4b03-a57b-ab84f9027170,5b0fa12a-3dd7-45bb-9766-cc326314d9f1,7866.810856800002,0.0001143454714632,1.4535174868787088e-08,3.414973668465293,0.0,10.0,0.0073081062077288,0.0,0.0217330827861115,0.0290411889938403,0.0,Canada,CAN,quebec,,,Windows-11-10.0.26200-SP0,3.13.14,3.2.8,4,Intel(R) Core(TM) i5-6200U CPU @ 2.30GHz,0,,-71.2,46.8,7.897434234619141,machine,7.621934902868905,0,85.06968995239933,6.718354979828796,N,1.0,0.0
2026-10-07T16:36:12,codecarbon,cc8c5f8a-bbbf-4b03-a57b-ab84f9027170,5b0fa12a-3dd7-45bb-9766-cc326314d9f1,7882.3599923,0.0001146874048143,1.4549881625089106e-08,3.411438851751561,0.0,10.00971817298348,0.0073142545560453,0.0,0.0218137778513892,0.0291280324074347,0.0,Canada,CAN,quebec,,,Windows-11-10.0.26200-SP0,3.13.14,3.2.8,4,Intel(R) Core(TM) i5-6200U CPU @ 2.30GHz,0,,-71.2,46.8,7.897434234619141,machine,7.6136748844375965,0,85.05656137647664,6.7173158060788,N,1.0,0.0
2026-10-07T16:36:28,codecarbon,cc8c5f8a-bbbf-4b03-a57b-ab84f9027170,5b0fa12a-3dd7-45bb-9766-cc326314d9f1,7897.927242999998,0.0001150856888056,1.45716319313647e-08,3.4063556669772828,0.0,10.0,0.0073344181330977,0.0,0.0218947694886115,0.0292291876217093,0.0,Canada,CAN,quebec,,,Windows-11-10.0.26200-SP0,3.13.14,3.2.8,4,Intel(R) Core(TM) i5-6200U CPU @ 2.30GHz,0,,-71.2,46.8,7.897434234619141,machine,7.598065094823168,0,85.04276012301384,6.716224230478385,N,1.0,0.0
2026-10-07T16:36:43,codecarbon,cc8c5f8a-bbbf-4b03-a57b-ab84f9027170,5b0fa12a-3dd7-45bb-9766-cc326314d9f1,7913.475747399992,0.0001152704608831,1.45663504334397e-08,3.402784021233903,0.0,10.0,0.007340946567261,0.0,0.021935169024167,0.0292761155914281,0.0,Canada,CAN,quebec,,,Windows-11-10.0.26200-SP0,3.13.14,3.2.8,4,Intel(R) Core(TM) i5-6200U CPU @ 2.30GHz,0,,-71.2,46.8,7.897434234619141,machine,7.583488937204247,0,85.03015730911882,6.7152285626483765,N,1.0,0.0
2026-10-07T16:36:59,codecarbon,cc8c5f8a-bbbf-4b03-a57b-ab84f9027170,5b0fa12a-3dd7-45bb-9766-cc326314d9f1,7929.022935899993,0.0001154667534497,1.45625450176105e-08,3.400207798299427,0.0,10.0,0.0073503974265428,0.0,0.0219755720808337,0.0293259695073766,0.0,Canada,CAN,quebec,,,Windows-11-10.0.26200-SP0,3.13.14,3.2.8,4,Intel(R) Core(TM) i5-6200U CPU @ 2.30GHz,0,,-71.2,46.8,7.897434234619141,machine,7.581733469491959,0,85.01753893285678,6.714233865414099,N,1.0,0.0
2026-10-07T16:37:14,codecarbon,cc8c5f8a-bbbf-4b03-a57b-ab84f9027170,5b0fa12a-3dd7-45bb-9766-cc326314d9f1,7944.570217100001,0.0001156612726126,1.4558531103887664e-08,3.397621304670912,0.0,10.0,0.0073593987249156,0.0,0.0220159742936115,0.0293753730185272,0.0,Canada,CAN,quebec,,,Windows-11-10.0.26200-SP0,3.13.14,3.2.8,4,Intel(R) Core(TM) i5-6200U CPU @ 2.30GHz,0,,-71.2,46.8,7.897434234619141,machine,7.5662802547770704,0,85.00445859872612,6.713200498447296,N,1.0,0.0
2026-10-07T16:37:30,codecarbon,cc8c5f8a-bbbf-4b03-a57b-ab84f9027170,5b0fa12a-3dd7-45bb-9766-cc326314d9f1,7960.1228268999985,0.0001158524554373,1.4554103995215694e-08,3.394775526118145,0.0,10.0,0.0073675415800377,0.0,0.0220563875944448,0.0294239291744825,0.0,Canada,CAN,quebec,,,Windows-11-10.0.26200-SP0,3.13.14,3.2.8,4,Intel(R) Core(TM) i5-6200U CPU @ 2.30GHz,0,,-71.2,46.8,7.897434234619141,machine,7.551849968213605,0,84.99220597584234,6.712233121063174,N,1.0,0.0
2026-10-07T16:37:45,codecarbon,cc8c5f8a-bbbf-4b03-a57b-ab84f9027170,5b0fa12a-3dd7-45bb-9766-cc326314d9f1,7975.670507399991,0.0001160417722034,1.4549469175764908e-08,3.3917706238361287,0.0,10.0,0.0073752198091658,0.0,0.022096791584167,0.0294720113933329,0.0,Canada,CAN,quebec,,,Windows-11-10.0.26200-SP0,3.13.14,3.2.8,4,Intel(R) Core(TM) i5-6200U CPU @ 2.30GHz,0,,-71.2,46.8,7.897434234619141,machine,7.536518208349195,0,84.97930465676944,6.711213520767876,N,1.0,0.0
2026-10-07T16:38:01,codecarbon,cc8c5f8a-bbbf-4b03-a57b-ab84f9027170,5b0fa12a-3dd7-45bb-9766-cc326314d9f1,7991.246643499995,0.000116230909482,1.4544778138784113e-08,3.389241198388333,0.0,10.0,0.0073827755530332,0.0,0.0221372724733336,0.0295200480263669,0.0,Canada,CAN,quebec,,,Windows-11-10.0.26200-SP0,3.13.14,3.2.8,4,Intel(R) Core(TM) i5-6200U CPU @ 2.30GHz,0,,-71.2,46.8,7.897434234619141,machine,7.5222011144883485,0,84.96912360688955,6.710409720014052,N,1.0,0.0
2026-10-07T16:38:16,codecarbon,cc8c5f8a-bbbf-4b03-a57b-ab84f9027170,5b0fa12a-3dd7-45bb-9766-cc326314d9f1,8006.804603899989,0.0001164169402917,1.4539750381200874e-08,3.3859095725185893,0.0,10.0,0.0073896066233965,0.0,0.0221776890625003,0.0295672956858968,0.0,Canada,CAN,quebec,,,Windows-11-10.0.26200-SP0,3.13.14,3.2.8,4,Intel(R) Core(TM) i5-6200U CPU @ 2.30GHz,0,,-71.2,46.8,7.897434234619141,machine,7.507938313740362,0,84.95741372772089,6.709484120594266,N,1.0,0.0
2026-10-07T16:38:32,codecarbon,cc8c5f8a-bbbf-4b03-a57b-ab84f9027170,5b0fa12a-3dd7-45bb-9766-cc326314d9f1,8022.380287599997,0.0001166013200212,1.4534504204626805e-08,3.3824677044960105,0.0,10.0,0.0073959755219041,0.0,0.0222181484861114,0.0296141240080156,0.0,Canada,CAN,quebec,,,Windows-11-10.0.26200-SP0,3.13.14,3.2.8,4,Intel(R) Core(TM) i5-6200U CPU @ 2.30GHz,0,,-71.2,46.8,7.897434234619141,machine,7.492784155418191,0,84.94445565787814,6.7084621334641374,N,1.0,0.0
2026-10-07T16:38:48,codecarbon,cc8c5f8a-bbbf-4b03-a57b-ab84f9027170,5b0fa12a-3dd7-45bb-9766-cc326314d9f1,8037.929406800002,0.0001167869340849,1.4529479941205792e-08,3.379236102835802,0.0,10.0,0.0074027167953249,0.0,0.0222585490280559,0.0296612658233809,0.0,Canada,CAN,quebec,,,Windows-11-10.0.26200-SP0,3.13.14,3.2.8,4,Intel(R) Core(TM) i5-6200U CPU @ 2.30GHz,0,,-71.2,46.8,7.897434234619141,machine,7.478632586250315,0,84.93234701586502,6.70750416967257,N,1.0,0.0
2026-10-07T16:39:03,codecarbon,cc8c5f8a-bbbf-4b03-a57b-ab84f9027170,5b0fa12a-3dd7-45bb-9766-cc326314d9f1,8053.505760300002,0.0001169745315007,1.45246722337235e-08,3.376102466085003,0.0,10.0,0.0074098964174393,0.0,0.0222990149483337,0.0297089113657731,0.0,Canada,CAN,quebec,,,Windows-11-10.0.26200-SP0,3.13.14,3.2.8,4,Intel(R) Core(TM) i5-6200U CPU @ 2.30GHz,0,,-71.2,46.8,7.897434234619141,machine,7.463596381000252,0,84.91999246041719,6.706528810077829,N,1.0,0.0
2026-10-07T16:39:19,codecarbon,cc8c5f8a-bbbf-4b03-a57b-ab84f9027170,5b0fa12a-3dd7-45bb-9766-cc326314d9f1,8069.057191899992,0.000117158651307,1.4519496952464121e-08,3.3726705381726774,0.0,10.0,0.0074162581343326,0.0,0.0223394155388892,0.0297556736732219,0.0,Canada,CAN,quebec,,,Windows-11-10.0.26200-SP0,3.13.14,3.2.8,4,Intel(R) Core(TM) i5-6200U CPU @ 2.30GHz,0,,-71.2,46.8,7.897434234619141,machine,7.449554747272043,0,84.90865420795183,6.705634965541356,N,1.0,0.0
2026-10-07T16:39:34,codecarbon,cc8c5f8a-bbbf-4b03-a57b-ab84f9027170,5b0fa12a-3dd7-45bb-9766-cc326314d9f1,8084.612420099991,0.000117343200385,1.4514387862710938e-08,3.3693099627274403,0.0,10.0,0.0074227345805085,0.0,0.0223798104255559,0.0298025450060644,0.0,Canada,CAN,quebec,,,Windows-11-10.0.26200-SP0,3.13.14,3.2.8,4,Intel(R) Core(TM) i5-6200U CPU @ 2.30GHz,0,,-71.2,46.8,7.897434234619141,machine,7.43463512329453,0,84.89660783577419,6.704682792675989,N,1.0,0.0
2026-10-07T16:39:50,codecarbon,cc8c5f8a-bbbf-4b03-a57b-ab84f9027170,5b0fa12a-3dd7-45bb-9766-cc326314d9f1,8100.162347399993,0.0001175272672413,1.4509248358347596e-08,3.3659038122851976,0.0,10.0,0.0074290819059674,0.0,0.0224202119594448,0.0298492938654123,0.0,Canada,CAN,quebec,,,Windows-11-10.0.26200-SP0,3.13.14,3.2.8,4,Intel(R) Core(TM) i5-6200U CPU @ 2.30GHz,0,,-71.2,46.8,7.897434234619141,machine,7.420702148925538,0,84.88529485257372,6.703789417413638,N,1.0,0.0
2026-10-07T16:40:05,codecarbon,cc8c5f8a-bbbf-4b03-a57b-ab84f9027170,5b0fa12a-3dd7-45bb-9766-cc326314d9f1,8115.716567399999,0.0001177108364669,1.4504059560165157e-08,3.362455664657891,0.0,10.0,0.0074352980638137,0.0,0.0224606182738892,0.029895916337703,0.0,Canada,CAN,quebec,,,Windows-11-10.0.26200-SP0,3.13.14,3.2.8,4,Intel(R) Core(TM) i5-6200U CPU @ 2.30GHz,0,,-71.2,46.8,7.897434234619141,machine,7.406821299413893,0,84.87399925177702,6.702899693580529,N,1.0,0.0
2026-10-07T16:40:21,codecarbon,cc8c5f8a-bbbf-4b03-a57b-ab84f9027170,5b0fa12a-3dd7-45bb-9766-cc326314d9f1,8131.2681152,0.000117894549301,1.44989130392433e-08,3.359038720746424,0.0,10.0,0.0074415587366547,0.0,0.022501016546667,0.0299425752833218,0.0,Canada,CAN,quebec,,,Windows-11-10.0.26200-SP0,3.13.14,3.2.8,4,Intel(R) Core(TM) i5-6200U CPU @ 2.30GHz,0,,-71.2,46.8,7.897434234619141,machine,7.392072184194151,0,84.86206596141879,6.701958089091426,N,1.0,0.0
2026-10-07T16:40:36,codecarbon,cc8c5f8a-bbbf-4b03-a57b-ab84f9027170,5b0fa12a-3dd7-45bb-9766-cc326314d9f1,8146.860430000001,0.0001180856687068,1.4494622771733896e-08,3.3565935592476994,0.0,10.0,0.007449586713669,0.0,0.0225415286186115,0.0299911153322806,0.0,Canada,CAN,quebec,,,Windows-11-10.0.26200-SP0,3.13.14,3.2.8,4,Intel(R) Core(TM) i5-6200U CPU @ 2.30GHz,0,,-71.2,46.8,7.897434234619141,machine,7.378298136645963,0,84.85135403726709,6.701111093840984,N,1.0,0.0
2026-10-07T16:40:52,codecarbon,cc8c5f8a-bbbf-4b03-a57b-ab84f9027170,5b0fa12a-3dd7-45bb-9766-cc326314d9f1,8162.419561799994,0.0001182744471747,1.4490121008762437e-08,3.353735195298854,0.0,10.0,0.007457102677962,0.0,0.0225819581575004,0.0300390608354625,0.0,Canada,CAN,quebec,,,Windows-11-10.0.26200-SP0,3.13.14,3.2.8,4,Intel(R) Core(TM) i5-6200U CPU @ 2.30GHz,0,,-71.2,46.8,7.897434234619141,machine,7.363662286139351,0,84.84031738160178,6.700237971749697,N,1.0,0.0
2026-10-07T16:41:08,codecarbon,cc8c5f8a-bbbf-4b03-a57b-ab84f9027170,5b0fa12a-3dd7-45bb-9766-cc326314d9f1,8177.989954799996,0.0001184614031117,1.448539357060767e-08,3.3508228019620026,0.0,10.0,0.0074641337029809,0.0,0.0226224097536115,0.0300865434565925,0.0,Canada,CAN,quebec,,,Windows-11-10.0.26200-SP0,3.13.14,3.2.8,4,Intel(R) Core(TM) i5-6200U CPU @ 2.30GHz,0,,-71.2,46.8,7.897434234619141,machine,7.34999381264695,0,84.83021903229799,6.69943975838764,N,1.0,0.0
2026-10-07T16:41:23,codecarbon,cc8c5f8a-bbbf-4b03-a57b-ab84f9027170,5b0fa12a-3dd7-45bb-9766-cc326314d9f1,8193.540836999993,0.0001186476827344,1.4480636039383269e-08,3.3477303492094186,0.0,10.0,0.007471043427643,0.0,0.0226628108813892,0.0301338543090324,0.0,Canada,CAN,quebec,,,Windows-11-10.0.26200-SP0,3.13.14,3.2.8,4,Intel(R) Core(TM) i5-6200U CPU @ 2.30GHz,0,,-71.2,46.8,7.897434234619141,machine,7.336375988142293,0,84.82030632411066,6.698658379641446,N,1.0,0.0
2026-10-07T16:41:39,codecarbon,cc8c5f8a-bbbf-4b03-a57b-ab84f9027170,5b0fa12a-3dd7-45bb-9766-cc326314d9f1,8209.099521800003,0.00011883105437,1.4475528534465458e-08,3.344333752426845,0.0,10.0,0.0074771988823412,0.0,0.0227032277155559,0.0301804265978972,0.0,Canada,CAN,quebec,,,Windows-11-10.0.26200-SP0,3.13.14,3.2.8,4,Intel(R) Core(TM) i5-6200U CPU @ 2.30GHz,0,,-71.2,46.8,7.897434234619141,machine,7.321905818540435,0,84.81021942800788,6.697859881662523,N,1.0,0.0
2026-10-07T16:41:54,codecarbon,cc8c5f8a-bbbf-4b03-a57b-ab84f9027170,5b0fa12a-3dd7-45bb-9766-cc326314d9f1,8224.651712099992,0.0001190151247045,1.4470536731593577e-08,3.341079929568951,0.0,10.0,0.0074835430297665,0.0,0.0227436333108337,0.0302271763406003,0.0,Canada,CAN,quebec,,,Windows-11-10.0.26200-SP0,3.13.14,3.2.8,4,Intel(R) Core(TM) i5-6200U CPU @ 2.30GHz,0,,-71.2,46.8,7.897434234619141,machine,7.308391780484804,0,84.80087363110619,6.697122200456246,N,1.0,0.0
2026-10-07T16:42:10,codecarbon,cc8c5f8a-bbbf-4b03-a57b-ab84f9027170,5b0fa12a-3dd7-45bb-9766-cc326314d9f1,8240.226047399992,0.0001191988491481,1.4465482920303051e-08,3.3377448477397405,0.0,10.0,0.0074897448070005,0.0,0.0227840934277781,0.0302738382347787,0.0,Canada,CAN,quebec,,,Windows-11-10.0.26200-SP0,3.13.14,3.2.8,4,Intel(R) Core(TM) i5-6200U CPU @ 2.30GHz,0,,-71.2,46.8,7.897434234619141,machine,7.294031683654673,0,84.79114576937248,6.696354909243579,N,1.0,0.0
2026-10-07T16:42:25,codecarbon,cc8c5f8a-bbbf-4b03-a57b-ab84f9027170,5b0fa12a-3dd7-45bb-9766-cc326314d9f1,8255.7769156,0.0001193826414502,1.4460497500203155e-08,3.33445999681629,0.0,10.0,0.0074960230021259,0.0,0.0228244943613892,0.0303205173635152,0.0,Canada,CAN,quebec,,,Windows-11-10.0.26200-SP0,3.13.14,3.2.8,4,Intel(R) Core(TM) i5-6200U CPU @ 2.30GHz,0,,-71.2,46.8,7.897434234619141,machine,7.292878156410885,0,84.78210345672959,6.6956422131971625,N,1.0,0.0
2026-10-07T16:42:41,codecarbon,cc8c5f8a-bbbf-4b03-a57b-ab84f9027170,5b0fa12a-3dd7-45bb-9766-cc326314d9f1,8271.329096999994,0.0001195685655483,1.445578626434787e-08,3.331432787608204,0.0,10.0,0.0075028445734404,0.0,0.0228648933472226,0.030367737920663,0.0,Canada,CAN,quebec,,,Windows-11-10.0.26200-SP0,3.13.14,3.2.8,4,Intel(R) Core(TM) i5-6200U CPU @ 2.30GHz,0,,-71.2,46.8,7.897434234619141,machine,7.278602887203328,0,84.77249816491315,6.694882978341793,N,1.0,0.0
2026-10-07T16:42:57,codecarbon,cc8c5f8a-bbbf-4b03-a57b-ab84f9027170,5b0fa12a-3dd7-45bb-9766-cc326314d9f1,8286.889818299998,0.0001197606470518,1.4451820849290196e-08,3.3286207778552312,0.0,10.0,0.0075112010425847,0.0,0.0229053212783336,0.0304165223209184,0.0,Canada,CAN,quebec,,,Windows-11-10.0.26200-SP0,3.13.14,3.2.8,4,Intel(R) Core(TM) i5-6200U CPU @ 2.30GHz,0,,-71.2,46.8,7.897434234619141,machine,7.277481988032727,0,84.76359750885334,6.694180594213805,N,1.0,0.0
2026-10-07T16:43:12,codecarbon,cc8c5f8a-bbbf-4b03-a57b-ab84f9027170,5b0fa12a-3dd7-45bb-9766-cc326314d9f1,8302.44004239999,0.0001199499729635,1.4447556664186948e-08,3.325817035322611,0.0,10.0,0.0075188809103313,0.0,0.0229457259522225,0.0304646068625539,0.0,Canada,CAN,quebec,,,Windows-11-10.0.26200-SP0,3.13.14,3.2.8,4,Intel(R) Core(TM) i5-6200U CPU @ 2.30GHz,0,,-71.2,46.8,7.897434234619141,machine,7.264176011701609,0,84.7551072647489,6.693509218577697,N,1.0,0.0
2026-10-07T16:43:28,codecarbon,cc8c5f8a-bbbf-4b03-a57b-ab84f9027170,5b0fa12a-3dd7-45bb-9766-cc326314d9f1,8318.038905099995,0.0001202967453575,1.4462152284937145e-08,3.323378750253269,0.0,10.0,0.0075261313671889,0.0,0.0230265479175003,0.0305526792846893,0.0,Canada,CAN,quebec,,,Windows-11-10.0.26200-SP0,3.13.14,3.2.8,4,Intel(R) Core(TM) i5-6200U CPU @ 2.30GHz,0,,-71.2,46.8,7.897434234619141,machine,7.250036496350365,0,84.74613138686131,6.692800167297214,N,1.0,0.0
2026-10-07T16:43:43,codecarbon,cc8c5f8a-bbbf-4b03-a57b-ab84f9027170,5b0fa12a-3dd7-45bb-9766-cc326314d9f1,8333.6132831,0.0001204821161177,1.445736825370298e-08,3.3201587382696203,0.0,10.0,0.007532747318623,0.0,0.0230670119877781,0.0305997593064011,0.0,Canada,CAN,quebec,,,Windows-11-10.0.26200-SP0,3.13.14,3.2.8,4,Intel(R) Core(TM) i5-6200U CPU @ 2.30GHz,0,,-71.2,46.8,7.897434234619141,machine,7.236830601092897,0,84.73774134790528,6.692137574483644,N,1.0,0.0
2026-10-07T16:43:59,codecarbon,cc8c5f8a-bbbf-4b03-a57b-ab84f9027170,5b0fa12a-3dd7-45bb-9766-cc326314d9f1,8349.166796499994,0.0001206666240876,1.4452534849135964e-08,3.3169161237454667,0.0,10.0,0.0075392004812234,0.0,0.0231074197175003,0.0306466201987238,0.0,Canada,CAN,quebec,,,Windows-11-10.0.26200-SP0,3.13.14,3.2.8,4,Intel(R) Core(TM) i5-6200U CPU @ 2.30GHz,0,,-71.2,46.8,7.897434234619141,machine,7.23491697976003,0,84.72862683311114,6.691417339483531,N,1.0,0.0
2026-10-07T16:44:14,codecarbon,cc8c5f8a-bbbf-4b03-a57b-ab84f9027170,5b0fa12a-3dd7-45bb-9766-cc326314d9f1,8364.724264199991,0.0001208500209615,1.4447579758102208e-08,3.3136372906660148,0.0,10.0,0.0075453645067014,0.0,0.0231478343908337,0.0306931988975352,0.0,Canada,CAN,quebec,,,Windows-11-10.0.26200-SP0,3.13.14,3.2.8,4,Intel(R) Core(TM) i5-6200U CPU @ 2.30GHz,0,,-71.2,46.8,7.897434234619141,machine,7.221788047423179,0,84.71990079845148,6.690727647384027,N,1.0,0.0
2026-10-07T16:44:30,codecarbon,cc8c5f8a-bbbf-4b03-a57b-ab84f9027170,5b0fa12a-3dd7-45bb-9766-cc326314d9f1,8380.278343700003,0.0001210338788959,1.4442703921274224e-08,3.310394846606514,0.0,10.0,0.0075516548912124,0.0,0.023188239804167,0.0307398946953795,0.0,Canada,CAN,quebec,,,Windows-11-10.0.26200-SP0,3.13.14,3.2.8,4,Intel(R) Core(TM) i5-6200U CPU @ 2.30GHz,0,,-71.2,46.8,7.897434234619141,machine,7.207836271432021,0,84.71077034532722,6.690006153850099,N,1.0,0.0
2026-10-07T16:44:45,codecarbon,cc8c5f8a-bbbf-4b03-a57b-ab84f9027170,5b0fa12a-3dd7-45bb-9766-cc326314d9f1,8395.832989699993,0.0001212171383437,1.4437773892408938e-08,3.307124267556639,0.0,10.0,0.0075577895988148,0.0,0.0232286488922225,0.0307864384910374,0.0,Canada,CAN,quebec,,,Windows-11-10.0.26200-SP0,3.13.14,3.2.8,4,Intel(R) Core(TM) i5-6200U CPU @ 2.30GHz,0,,-71.2,46.8,7.897434234619141,machine,7.194805351331807,0,84.70251898276486,6.689353133678954,N,1.0,0.0
2026-10-07T16:45:01,codecarbon,cc8c5f8a-bbbf-4b03-a57b-ab84f9027170,5b0fa12a-3dd7-45bb-9766-cc326314d9f1,8411.403569200003,0.0001214021904077,1.443304787471141e-08,3.3039821739391475,0.0,10.0,0.007564331569139,0.0,0.0232691060019447,0.0308334375710837,0.0,Canada,CAN,quebec,,,Windows-11-10.0.26200-SP0,3.13.14,3.2.8,4,Intel(R) Core(TM) i5-6200U CPU @ 2.30GHz,0,,-71.2,46.8,7.897434234619141,machine,7.18182146294514,0,84.69396053897978,6.688675807919838,N,1.0,0.0
2026-10-07T16:45:17,codecarbon,cc8c5f8a-bbbf-4b03-a57b-ab84f9027170,5b0fa12a-3dd7-45bb-9766-cc326314d9f1,8426.981490699996,0.0001215887586954,1.4428506675801248e-08,3.3011317317022706,0.0,10.0,0.0075712441879609,0.0,0.0233095775500003,0.0308808217379613,0.0,Canada,CAN,quebec,,,Windows-11-10.0.26200-SP0,3.13.14,3.2.8,4,Intel(R) Core(TM) i5-6200U CPU @ 2.30GHz,0,,-71.2,46.8,7.897434234619141,machine,7.16802353506244,0,84.68473823246877,6.687947576946072,N,1.0,0.0
2026-10-07T16:45:32,codecarbon,cc8c5f8a-bbbf-4b03-a57b-ab84f9027170,5b0fa12a-3dd7-45bb-9766-cc326314d9f1,8442.563548099992,0.0001217752166637,1.4423962102258652e-08,3.2982008118524475,0.0,10.0,0.007578119825083,0.0,0.0233500580611114,0.0309281778861945,0.0,Canada,CAN,quebec,,,Windows-11-10.0.26200-SP0,3.13.14,3.2.8,4,Intel(R) Core(TM) i5-6200U CPU @ 2.30GHz,0,,-71.2,46.8,7.897434234619141,machine,7.155136042191058,0,84.67638739062687,6.687288896308504,N,1.0,0.0
2026-10-07T16:45:48,codecarbon,cc8c5f8a-bbbf-4b03-a57b-ab84f9027170,5b0fa12a-3dd7-45bb-9766-cc326314d9f1,8458.13631029999,0.0001219620236125,1.4419491379443286e-08,3.2954653238004523,0.0,10.0,0.0075851039198903,0.0,0.0233905187477781,0.0309756226676684,0.0,Canada,CAN,quebec,,,Windows-11-10.0.26200-SP0,3.13.14,3.2.8,4,Intel(R) Core(TM) i5-6200U CPU @ 2.30GHz,0,,-71.2,46.8,7.897434234619141,machine,7.141440363679866,0,84.66766359612394,6.686598026035134,N,1.0,0.0
2026-10-07T16:46:03,codecarbon,cc8c5f8a-bbbf-4b03-a57b-ab84f9027170,5b0fa12a-3dd7-45bb-9766-cc326314d9f1,8473.686581100003,0.0001221542015701,1.4415709195874575e-08,3.293458851384002,0.0,10.0,0.0075935079278648,0.0,0.0234309236372225,0.0310244315650874,0.0,Canada,CAN,quebec,,,Windows-11-10.0.26200-SP0,3.13.14,3.2.8,4,Intel(R) Core(TM) i5-6200U CPU @ 2.30GHz,0,,-71.2,46.8,7.897434234619141,machine,7.1286481967996185,0,84.65961308812993,6.685963409511292,N,1.0,0.0
2026-10-07T16:46:19,codecarbon,cc8c5f8a-bbbf-4b03-a57b-ab84f9027170,5b0fa12a-3dd7-45bb-9766-cc326314d9f1,8489.258031199992,0.000122337861309,1.4410901501571224e-08,3.290278994349473,0.0,10.0,0.007599707182117,0.0,0.0234713698436114,0.0310710770257285,0.0,Canada,CAN,quebec,,,Windows-11-10.0.26200-SP0,3.13.14,3.2.8,4,Intel(R) Core(TM) i5-6200U CPU @ 2.30GHz,0,,-71.2,46.8,7.897434234619141,machine,7.126972586412396,0,84.65151370679379,6.685324191706116,N,1.0,0.0
2026-10-07T16:46:34,codecarbon,cc8c5f8a-bbbf-4b03-a57b-ab84f9027170,5b0fa12a-3dd7-45bb-9766-cc326314d9f1,8504.810039799995,0.0001225211551997,1.440610132693778e-08,3.2870996820606466,0.0,10.0,0.0076058600527174,0.0,0.0235117695163892,0.0311176295691067,0.0,Canada,CAN,quebec,,,Windows-11-10.0.26200-SP0,3.13.14,3.2.8,4,Intel(R) Core(TM) i5-6200U CPU @ 2.30GHz,0,,-71.2,46.8,7.897434234619141,machine,7.114253420582987,0,84.64410469958358,6.684738901695419,N,1.0,0.0
2026-10-07T16:46:50,codecarbon,cc8c5f8a-bbbf-4b03-a57b-ab84f9027170,5b0fa12a-3dd7-45bb-9766-cc326314d9f1,8520.380309799992,0.000122704910221,1.440134193069684e-08,3.2839553172766767,0.0,10.0,0.0076120766412792,0.0,0.0235522225880558,0.0311642992293351,0.0,Canada,CAN,quebec,,,Windows-11-10.0.26200-SP0,3.13.14,3.2.8,4,Intel(R) Core(TM) i5-6200U CPU @ 2.30GHz,0,,-71.2,46.8,7.897434234619141,machine,7.101579572446556,0,84.6364726840855,6.684134992567774,N,1.0,0.0
2026-10-07T16:47:06,codecarbon,cc8c5f8a-bbbf-4b03-a57b-ab84f9027170,5b0fa12a-3dd7-45bb-9766-cc326314d9f1,8535.958873900003,0.0001228887458922,1.4396595357085653e-08,3.280820975704432,0.0,10.0,0.0076182961939596,0.0,0.0235926931788892,0.0312109893728489,0.0,Canada,CAN,quebec,,,Windows-11-10.0.26200-SP0,3.13.14,3.2.8,4,Intel(R) Core(TM) i5-6200U CPU @ 2.30GHz,0,,-71.2,46.8,7.897434234619141,machine,7.088110478899953,0,84.62861545756283,6.683516003611869,N,1.0,0.0
2026-10-07T16:47:21,codecarbon,cc8c5f8a-bbbf-4b03-a57b-ab84f9027170,5b0fa12a-3dd7-45bb-9766-cc326314d9f1,8551.510056899991,0.0001230739897709,1.4392076832280408e-08,3.2778957839021965,0.0,10.0,0.0076249403050617,0.0,0.0236330968644447,0.0312580371695065,0.0,Canada,CAN,quebec,,,Windows-11-10.0.26200-SP0,3.13.14,3.2.8,4,Intel(R) Core(TM) i5-6200U CPU @ 2.30GHz,0,,-71.2,46.8,7.897434234619141,machine,7.0755295231333575,0,84.62146491539463,6.682952924192819,N,1.0,0.0
2026-10-07T16:47:37,codecarbon,cc8c5f8a-bbbf-4b03-a57b-ab84f9027170,5b0fa12a-3dd7-45bb-9766-cc326314d9f1,8567.092045600002,0.0001232622833085,1.4387878950349229e-08,3.275290450104684,0.0,10.0,0.0076322745804219,0.0,0.0236735849308336,0.0313058595112556,0.0,Canada,CAN,quebec,,,Windows-11-10.0.26200-SP0,3.13.14,3.2.8,4,Intel(R) Core(TM) i5-6200U CPU @ 2.30GHz,0,,-71.2,46.8,7.897434234619141,machine,7.062158970119287,0,84.61397189087045,6.682362783640831,N,1.0,0.0
2026-10-07T16:47:52,codecarbon,cc8c5f8a-bbbf-4b03-a57b-ab84f9027170,5b0fa12a-3dd7-45bb-9766-cc326314d9f1,8582.652229300002,0.0001234486827227,1.4383512162040602e-08,3.272488043766189,0.0,10.0,0.0076391904394276,0.0,0.0237140103486114,0.0313532007880391,0.0,Canada,CAN,quebec,,,Windows-11-10.0.26200-SP0,3.13.14,3.2.8,4,Intel(R) Core(TM) i5-6200U CPU @ 2.30GHz,0,,-71.2,46.8,7.897434234619141,machine,7.049669889177081,0,84.60667295449187,6.6817875011887535,N,1.0,0.0
2026-10-07T16:48:08,codecarbon,cc8c5f8a-bbbf-4b03-a57b-ab84f9027170,5b0fa12a-3dd7-45bb-9766-cc326314d9f1,8598.202176199993,0.0001236428278819,1.4380079154708148e-08,3.270697737240763,0.0,10.0,0.0076480893681197,0.0,0.0237544199425003,0.03140250931062,0.0,Canada,CAN,quebec,,,Windows-11-10.0.26200-SP0,3.13.14,3.2.8,4,Intel(R) Core(TM) i5-6200U CPU @ 2.30GHz,0,,-71.2,46.8,7.897434234619141,machine,7.0372249029069085,0,84.59950570789691,6.681221030299153,N,1.0,0.0
2026-10-07T16:48:23,codecarbon,cc8c5f8a-bbbf-4b03-a57b-ab84f9027170,5b0fa12a-3dd7-45bb-9766-cc326314d9f1,8613.773528699996,0.0001238353542959,1.4376434890388754e-08,3.2687848608863344,0.0,10.0,0.0076565181892652,0.0,0.0237948885188892,0.0314514067081545,0.0,Canada,CAN,quebec,,,Windows-11-10.0.26200-SP0,3.13.14,3.2.8,4,Intel(R) Core(TM) i5-6200U CPU @ 2.30GHz,0,,-71.2,46.8,7.897434234619141,machine,7.023998590391167,0,84.5909785034653,6.68054711713671,N,1.0,0.0
2026-10-07T16:48:39,codecarbon,cc8c5f8a-bbbf-4b03-a57b-ab84f9027170,5b0fa12a-3dd7-45bb-9766-cc326314d9f1,8629.323185599991,0.0001240242623046,1.4372420598593854e-08,3.2663729571582305,0.0,10.0,0.0076640875290141,0.0,0.0238352975827781,0.0314993851117922,0.0,Canada,CAN,quebec,,,Windows-11-10.0.26200-SP0,3.13.14,3.2.8,4,Intel(R) Core(TM) i5-6200U CPU @ 2.30GHz,0,,-71.2,46.8,7.897434234619141,machine,7.011643996247655,0,84.58275093808629,6.67989753066487,N,1.0,0.0
2026-10-07T16:48:54,codecarbon,cc8c5f8a-bbbf-4b03-a57b-ab84f9027170,5b0fa12a-3dd7-45bb-9766-cc326314d9f1,8644.873139399991,0.0001242140226417,1.4368518847971822e-08,3.2640406949723606,0.0,10.0,0.0076718732980387,0.0,0.0238757066897225,0.0315475799877614,0.0,Canada,CAN,quebec,,,Windows-11-10.0.26200-SP0,3.13.14,3.2.8,4,Intel(R) Core(TM) i5-6200U CPU @ 2.30GHz,0,,-71.2,46.8,7.897434234619141,machine,6.998513576779026,0,84.57346676029962,6.6791632483514505,N,1.0,0.0
2026-10-07T16:49:10,codecarbon,cc8c5f8a-bbbf-4b03-a57b-ab84f9027170,5b0fa12a-3dd7-45bb-9766-cc326314d9f1,8660.423521699995,0.0001244032737734,1.4364571601119373e-08,3.261599127100674,0.0,10.0,0.0076795294769445,0.0,0.0239161160600003,0.0315956455369449,0.0,Canada,CAN,quebec,,,Windows-11-10.0.26200-SP0,3.13.14,3.2.8,4,Intel(R) Core(TM) i5-6200U CPU @ 2.30GHz,0,,-71.2,46.8,7.897434234619141,machine,6.997932001402034,0,84.56490244187405,6.678488225409856,N,1.0,0.0
2026-10-07T16:49:26,codecarbon,cc8c5f8a-bbbf-4b03-a57b-ab84f9027170,5b0fa12a-3dd7-45bb-9766-cc326314d9f1,8675.982864899997,0.0001245942822664,1.4360826226443936e-08,3.2597080993751466,0.0,10.0,0.0076876055290352,0.0,0.0239565518875003,0.0316441574165356,0.0,Canada,CAN,quebec,,,Windows-11-10.0.26200-SP0,3.13.14,3.2.8,4,Intel(R) Core(TM) i5-6200U CPU @ 2.30GHz,0,,-71.2,46.8,7.897434234619141,machine,6.984874635568514,0,84.55588338192419,6.677775587966074,N,1.0,0.0
2026-10-07T16:49:41,codecarbon,cc8c5f8a-bbbf-4b03-a57b-ab84f9027170,5b0fa12a-3dd7-45bb-9766-cc326314d9f1,8691.5351084,0.0001247878046052,1.4357395218322945e-08,3.258068760929426,0.0,10.0,0.007696339530838,0.0,0.0239969682258336,0.0316933077566717,0.0,Canada,CAN,quebec,,,Windows-11-10.0.26200-SP0,3.13.14,3.2.8,4,Intel(R) Core(TM) i5-6200U CPU @ 2.30GHz,0,,-71.2,46.8,7.897434234619141,machine,6.97849825378347,0,84.54760186263097,6.677120469418616,N,1.0,0.0
2026-10-07T16:49:57,codecarbon,cc8c5f8a-bbbf-4b03-a57b-ab84f9027170,5b0fa12a-3dd7-45bb-9766-cc326314d9f1,8707.08947559999,0.0001249857020912,1.4354475446873945e-08,3.2576858318769992,0.0,10.0,0.0077061811112184,0.0,0.0240373881750003,0.0317435692862188,0.0,Canada,CAN,quebec,,,Windows-11-10.0.26200-SP0,3.13.14,3.2.8,4,Intel(R) Core(TM) i5-6200U CPU @ 2.30GHz,0,,-71.2,46.8,7.897434234619141,machine,6.966333527019176,0,84.5394073213248,6.676474201173577,N,1.0,0.0
2026-10-07T16:50:12,codecarbon,cc8c5f8a-bbbf-4b03-a57b-ab84f9027170,5b0fa12a-3dd7-45bb-9766-cc326314d9f1,8722.718313299993,0.0001251880786424,1.4351957055815641e-08,3.2579604846980006,0.0,10.0,0.0077169656546889,0.0,0.0240780027433336,0.0317949683980226,0.0,Canada,CAN,quebec,,,Windows-11-10.0.26200-SP0,3.13.14,3.2.8,4,Intel(R) Core(TM) i5-6200U CPU @ 2.30GHz,0,,-71.2,46.8,7.897434234619141,machine,6.965004059853846,0,84.5322584386962,6.67591158423619,N,1.0,0.0
2026-10-07T16:50:28,codecarbon,cc8c5f8a-bbbf-4b03-a57b-ab84f9027170,5b0fa12a-3dd7-45bb-9766-cc326314d9f1,8738.303913199998,0.0001255324549647,1.4365768942319146e-08,3.253450652587914,0.0,10.0,0.007723652234115,0.0,0.0241587800375003,0.0318824322716154,0.0,Canada,CAN,quebec,,,Windows-11-10.0.26200-SP0,3.13.14,3.2.8,4,Intel(R) Core(TM) i5-6200U CPU @ 2.30GHz,0,,-71.2,46.8,7.897434234619141,machine,6.9615910143585,0,84.5237146827235,6.675235712511665,N,1.0,0.0
2026-10-07T16:50:44,codecarbon,cc8c5f8a-bbbf-4b03-a57b-ab84f9027170,5b0fa12a-3dd7-45bb-9766-cc326314d9f1,8753.885532300003,0.0001257182530333,1.4361423001189105e-08,3.250542387765754,0.0,10.0,0.0077303673517617,0.0,0.0241992534683336,0.0319296208200954,0.0,Canada,CAN,quebec,,,Windows-11-10.0.26200-SP0,3.13.14,3.2.8,4,Intel(R) Core(TM) i5-6200U CPU @ 2.30GHz,0,,-71.2,46.8,7.897434234619141,machine,6.94871705963939,0,84.51230929264909,6.674334900830004,N,1.0,0.0
2026-10-07T16:50:59,codecarbon,cc8c5f8a-bbbf-4b03-a57b-ab84f9027170,5b0fa12a-3dd7-45bb-9766-cc326314d9f1,8769.454864,0.0001259018898369,1.4356866166651429e-08,3.2475271902286846,0.0,10.0,0.0077365479087303,0.0,0.0242397125469447,0.0319762604556751,0.0,Canada,CAN,quebec,,,Windows-11-10.0.26200-SP0,3.13.14,3.2.8,4,Intel(R) Core(TM) i5-6200U CPU @ 2.30GHz,0,,-71.2,46.8,7.897434234619141,machine,6.942459905388255,0,84.50124610591901,6.673459169786804,N,1.0,0.0
2026-10-07T16:51:15,codecarbon,cc8c5f8a-bbbf-4b03-a57b-ab84f9027170,5b0fa12a-3dd7-45bb-9766-cc326314d9f1,8785.009722100003,0.000126090754768,1.4352944248984906e-08,3.2448431921455336,0.0,10.0,0.0077441120880169,0.0,0.0242801158305558,0.0320242279185728,0.0,Canada,CAN,quebec,,,Windows-11-10.0.26200-SP0,3.13.14,3.2.8,4,Intel(R) Core(TM) i5-6200U CPU @ 2.30GHz,0,,-71.2,46.8,7.897434234619141,machine,6.930465330568993,0,84.49078553328727,6.672633203815354,N,1.0,0.0
2026-10-07T16:51:30,codecarbon,cc8c5f8a-bbbf-4b03-a57b-ab84f9027170,5b0fa12a-3dd7-45bb-9766-cc326314d9f1,8800.5643156,0.0001262745807001,1.4348464049779661e-08,3.242035749895193,0.0,10.0,0.0077503911324395,0.0,0.0243205244561114,0.032070915588551,0.0,Canada,CAN,quebec,,,Windows-11-10.0.26200-SP0,3.13.14,3.2.8,4,Intel(R) Core(TM) i5-6200U CPU @ 2.30GHz,0,,-71.2,46.8,7.897434234619141,machine,6.917716716486549,0,84.48001839503334,6.671782642047853,N,1.0,0.0
2026-10-07T16:51:46,codecarbon,cc8c5f8a-bbbf-4b03-a57b-ab84f9027170,5b0fa12a-3dd7-45bb-9766-cc326314d9f1,8816.12080779999,0.0001264625550425,1.4344467118762974e-08,3.239369458630991,0.0,10.0,0.0077577272796194,0.0,0.0243609295822225,0.032118656861842,0.0,Canada,CAN,quebec,,,Windows-11-10.0.26200-SP0,3.13.14,3.2.8,4,Intel(R) Core(TM) i5-6200U CPU @ 2.30GHz,0,,-71.2,46.8,7.897434234619141,machine,6.905807414208654,0,84.4703775966946,6.671019343657785,N,1.0,0.0
2026-10-07T16:52:01,codecarbon,cc8c5f8a-bbbf-4b03-a57b-ab84f9027170,5b0fa12a-3dd7-45bb-9766-cc326314d9f1,8831.689694899993,0.0001266513042536,1.4340551879531709e-08,3.23681944965826,0.0,10.0,0.0077652386774954,0.0,0.0244013562569447,0.0321665949344402,0.0,Canada,CAN,quebec,,,Windows-11-10.0.26200-SP0,3.13.14,3.2.8,4,Intel(R) Core(TM) i5-6200U CPU @ 2.30GHz,0,,-71.2,46.8,7.897434234619141,machine,6.90460533852675,0,84.46014434643143,6.670210460409811,N,1.0,0.0
2026-10-07T16:52:17,codecarbon,cc8c5f8a-bbbf-4b03-a57b-ab84f9027170,5b0fa12a-3dd7-45bb-9766-cc326314d9f1,8847.260236499991,0.000126836762993,1.4336275819013451e-08,3.2340083081447943,0.0,10.0,0.0077718896378618,0.0,0.0244418076630558,0.0322136973009178,0.0,Canada,CAN,quebec,,,Windows-11-10.0.26200-SP0,3.13.14,3.2.8,4,Intel(R) Core(TM) i5-6200U CPU @ 2.30GHz,0,,-71.2,46.8,7.897434234619141,machine,6.892760750228729,0,84.4503087831656,6.669432463388539,N,1.0,0.0
2026-10-07T16:52:32,codecarbon,cc8c5f8a-bbbf-4b03-a57b-ab84f9027170,5b0fa12a-3dd7-45bb-9766-cc326314d9f1,8862.8575576,0.000127023744996,1.4332143348854716e-08,3.231315344113672,0.0,10.0,0.0077788491727749,0.0,0.0244823373694447,0.0322611865422197,0.0,Canada,CAN,quebec,,,Windows-11-10.0.26200-SP0,3.13.14,3.2.8,4,Intel(R) Core(TM) i5-6200U CPU @ 2.30GHz,0,,-71.2,46.8,7.897434234619141,machine,6.880171232876712,0,84.44001141552512,6.668618830153931,N,1.0,0.0
2026-10-07T16:52:48,codecarbon,cc8c5f8a-bbbf-4b03-a57b-ab84f9027170,5b0fa12a-3dd7-45bb-9766-cc326314d9f1,8878.412626499994,0.0001272072768922,1.4327704990027949e-08,3.2283822690682173,0.0,10.0,0.0077850522064565,0.0,0.0245227473272225,0.0323077995336792,0.0,Canada,CAN,quebec,,,Windows-11-10.0.26200-SP0,3.13.14,3.2.8,4,Intel(R) Core(TM) i5-6200U CPU @ 2.30GHz,0,,-71.2,46.8,7.897434234619141,machine,6.8684102564102565,0,84.4305982905983,6.667875422290248,N,1.0,0.0
2026-10-07T16:53:04,codecarbon,cc8c5f8a-bbbf-4b03-a57b-ab84f9027170,5b0fa12a-3dd7-45bb-9766-cc326314d9f1,8893.976830500003,0.0001273912849345,1.4323320980288906e-08,3.2254974531328,0.0,10.0,0.0077913522255705,0.0,0.0245631812300003,0.0323545334555709,0.0,Canada,CAN,quebec,,,Windows-11-10.0.26200-SP0,3.13.14,3.2.8,4,Intel(R) Core(TM) i5-6200U CPU @ 2.30GHz,0,,-71.2,46.8,7.897434234619141,machine,6.856689419795222,0,84.42120591581343,6.667133996158466,N,1.0,0.0
2026-10-07T16:53:19,codecarbon,cc8c5f8a-bbbf-4b03-a57b-ab84f9027170,5b0fa12a-3dd7-45bb-9766-cc326314d9f1,8909.531902799994,0.0001275745736124,1.4318886222562694e-08,3.222566633468287,0.0,10.0,0.0077974934497645,0.0,0.0246035912252781,0.0324010846750427,0.0,Canada,CAN,quebec,,,Windows-11-10.0.26200-SP0,3.13.14,3.2.8,4,Intel(R) Core(TM) i5-6200U CPU @ 2.30GHz,0,,-71.2,46.8,7.897434234619141,machine,6.8442312059959125,0,84.41136724960255,6.66635657558922,N,1.0,0.0
2026-10-07T16:53:35,codecarbon,cc8c5f8a-bbbf-4b03-a57b-ab84f9027170,5b0fa12a-3dd7-45bb-9766-cc326314d9f1,8925.083878899997,0.000127758044731,1.4314492330214118e-08,3.219668748116173,0.0,10.0,0.0078036932017207,0.0,0.0246439890286114,0.0324476822303321,0.0,Canada,CAN,quebec,,,Windows-11-10.0.26200-SP0,3.13.14,3.2.8,4,Intel(R) Core(TM) i5-6200U CPU @ 2.30GHz,0,,-71.2,46.8,7.897434234619141,machine,6.832592676567283,0,84.40244870196123,6.665652281247952,N,1.0,0.0
2026-10-07T16:53:50,codecarbon,cc8c5f8a-bbbf-4b03-a57b-ab84f9027170,5b0fa12a-3dd7-45bb-9766-cc326314d9f1,8940.669894799998,0.0001279440847637,1.4310346570139084e-08,3.217011770493114,0.0,10.0,0.0078104588228578,0.0,0.0246844734094447,0.0324949322323026,0.0,Canada,CAN,quebec,,,Windows-11-10.0.26200-SP0,3.13.14,3.2.8,4,Intel(R) Core(TM) i5-6200U CPU @ 2.30GHz,0,,-71.2,46.8,7.897434234619141,machine,6.820221794726717,0,84.39319904945117,6.664922868988289,N,1.0,0.0
2026-10-07T16:54:06,codecarbon,cc8c5f8a-bbbf-4b03-a57b-ab84f9027170,5b0fa12a-3dd7-45bb-9766-cc326314d9f1,8956.237400600003,0.0001281291491262,1.4306135868799192e-08,3.214279814908244,0.0,10.0,0.0078170054827964,0.0,0.0247249289530558,0.0325419344358523,0.0,Canada,CAN,quebec,,,Windows-11-10.0.26200-SP0,3.13.14,3.2.8,4,Intel(R) Core(TM) i5-6200U CPU @ 2.30GHz,0,,-71.2,46.8,7.897434234619141,machine,6.808664708540444,0,84.38450067781292,6.664236740994873,N,1.0,0.0
2026-10-07T16:54:21,codecarbon,cc8c5f8a-bbbf-4b03-a57b-ab84f9027170,5b0fa12a-3dd7-45bb-9766-cc326314d9f1,8971.793208699994,0.0001283169246001,1.4302260608918858e-08,3.211907344060373,0.0,10.0,0.0078242853565742,0.0,0.0247653398444447,0.032589625201019,0.0,Canada,CAN,quebec,,,Windows-11-10.0.26200-SP0,3.13.14,3.2.8,4,Intel(R) Core(TM) i5-6200U CPU @ 2.30GHz,0,,-71.2,46.8,7.897434234619141,machine,6.796380243572395,0,84.37529318899414,6.663511560153574,N,1.0,0.0
2026-10-07T16:54:37,codecarbon,cc8c5f8a-bbbf-4b03-a57b-ab84f9027170,5b0fa12a-3dd7-45bb-9766-cc326314d9f1,8987.345431199996,0.0001285015342695,1.4298052217231952e-08,3.209187869143429,0.0,10.0,0.0078307646760714,0.0,0.0248057472466669,0.0326365119227385,0.0,Canada,CAN,quebec,,,Windows-11-10.0.26200-SP0,3.13.14,3.2.8,4,Intel(R) Core(TM) i5-6200U CPU @ 2.30GHz,0,,-71.2,46.8,7.897434234619141,machine,6.792412473263537,0,84.36690307328605,6.662847639378242,N,1.0,0.0
2026-10-07T16:54:53,codecarbon,cc8c5f8a-bbbf-4b03-a57b-ab84f9027170,5b0fa12a-3dd7-45bb-9766-cc326314d9f1,9002.9203137,0.0001286886281385,1.4294098320824509e-08,3.2067662453287054,0.0,10.0,0.007837823989117,0.0,0.0248462055863891,0.0326840295755063,0.0,Canada,CAN,quebec,,,Windows-11-10.0.26200-SP0,3.13.14,3.2.8,4,Intel(R) Core(TM) i5-6200U CPU @ 2.30GHz,0,,-71.2,46.8,7.897434234619141,machine,6.780962013935716,0,84.35868734547088,6.662198871621981,N,1.0,0.0
2026-10-07T16:55:08,codecarbon,cc8c5f8a-bbbf-4b03-a57b-ab84f9027170,5b0fa12a-3dd7-45bb-9766-cc326314d9f1,9018.502749499996,0.0001288727111097,1.4289812254803128e-08,3.2039557176391247,0.0,10.0,0.0078440798587794,0.0,0.0248867026688892,0.0327307825276686,0.0,Canada,CAN,quebec,,,Windows-11-10.0.26200-SP0,3.13.14,3.2.8,4,Intel(R) Core(TM) i5-6200U CPU @ 2.30GHz,0,,-71.2,46.8,7.897434234619141,machine,6.768790666367512,0,84.3502131478573,6.661531883155869,N,1.0,0.0
2026-10-07T16:55:24,codecarbon,cc8c5f8a-bbbf-4b03-a57b-ab84f9027170,5b0fa12a-3dd7-45bb-9766-cc326314d9f1,9034.063914600005,0.0001290561337005,1.428550151078388e-08,3.201110515260229,0.0,10.0,0.0078502405188191,0.0,0.0249271272391669,0.0327773677579861,0.0,Canada,CAN,quebec,,,Windows-11-10.0.26200-SP0,3.13.14,3.2.8,4,Intel(R) Core(TM) i5-6200U CPU @ 2.30GHz,0,,-71.2,46.8,7.897434234619141,machine,6.757419643857095,0,84.34247956098108,6.660921719910276,N,1.0,0.0
2026-10-07T16:55:39,codecarbon,cc8c5f8a-bbbf-4b03-a57b-ab84f9027170,5b0fa12a-3dd7-45bb-9766-cc326314d9f1,9049.6324072,0.0001292403776708,1.428128479207647e-08,3.198362607911436,0.0,10.0,0.0078565910758661,0.0,0.0249675705244447,0.0328241616003109,0.0,Canada,CAN,quebec,,,Windows-11-10.0.26200-SP0,3.13.14,3.2.8,4,Intel(R) Core(TM) i5-6200U CPU @ 2.30GHz,0,,-71.2,46.8,7.897434234619141,machine,6.767691447736166,0,84.33427613191726,6.66027128327286,N,1.0,0.0
2026-10-07T16:55:55,codecarbon,cc8c5f8a-bbbf-4b03-a57b-ab84f9027170,5b0fa12a-3dd7-45bb-9766-cc326314d9f1,9065.211122099994,0.0001294249581857,1.4277103582315442e-08,3.195625651237412,0.0,10.0,0.0078630039268867,0.0,0.0250080369905558,0.0328710409174426,0.0,Canada,CAN,quebec,,,Windows-11-10.0.26200-SP0,3.13.14,3.2.8,4,Intel(R) Core(TM) i5-6200U CPU @ 2.30GHz,0,,-71.2,46.8,7.897434234619141,machine,6.756361607142857,0,84.32643973214286,6.659651651126998,N,1.0,0.0
2026-10-07T16:56:10,codecarbon,cc8c5f8a-bbbf-4b03-a57b-ab84f9027170,5b0fa12a-3dd7-45bb-9766-cc326314d9f1,9080.782112899991,0.0001296111278655,1.4273123862472733e-08,3.193135874863066,0.0,10.0,0.0078698219199038,0.0,0.0250485019269446,0.0329183238468485,0.0,Canada,CAN,quebec,,,Windows-11-10.0.26200-SP0,3.13.14,3.2.8,4,Intel(R) Core(TM) i5-6200U CPU @ 2.30GHz,0,,-71.2,46.8,7.897434234619141,machine,6.750640668523677,0,84.31864066852368,6.659036883510919,N,1.0,0.0
2026-10-07T16:56:26,codecarbon,cc8c5f8a-bbbf-4b03-a57b-ab84f9027170,5b0fa12a-3dd7-45bb-9766-cc326314d9f1,9096.334738499994,0.0001297954335724,1.4268981661707518e-08,3.1904413149398203,0.0,10.0,0.0078762304561014,0.0,0.025088902912778,0.0329651333688794,0.0,Canada,CAN,quebec,,,Windows-11-10.0.26200-SP0,3.13.14,3.2.8,4,Intel(R) Core(TM) i5-6200U CPU @ 2.30GHz,0,,-71.2,46.8,7.897434234619141,machine,6.74974974974975,0,84.3103547992437,6.6583820356170245,N,1.0,0.0
2026-10-07T16:56:42,codecarbon,cc8c5f8a-bbbf-4b03-a57b-ab84f9027170,5b0fa12a-3dd7-45bb-9766-cc326314d9f1,9111.924376099996,0.00012998083619,1.4264916040232562e-08,3.188199180180768,0.0,10.0,0.0078828183758406,0.0,0.0251294031058335,0.0330122214816742,0.0,Canada,CAN,quebec,,,Windows-11-10.0.26200-SP0,3.13.14,3.2.8,4,Intel(R) Core(TM) i5-6200U CPU @ 2.30GHz,0,,-71.2,46.8,7.897434234619141,machine,6.742205196535643,0,84.30259826782145,6.657771824890313,N,1.0,0.0
2026-10-07T16:56:57,codecarbon,cc8c5f8a-bbbf-4b03-a57b-ab84f9027170,5b0fa12a-3dd7-45bb-9766-cc326314d9f1,9127.4819268,0.0001301643786303,1.4260710640046765e-08,3.185663940012092,0.0,10.0,0.0078890236227676,0.0,0.0251698135283335,0.0330588371511011,0.0,Canada,CAN,quebec,,,Windows-11-10.0.26200-SP0,3.13.14,3.2.8,4,Intel(R) Core(TM) i5-6200U CPU @ 2.30GHz,0,,-71.2,46.8,7.897434234619141,machine,6.738561294613168,0,84.29436931944137,6.657124242188528,N,1.0,0.0
2026-10-07T16:57:13,codecarbon,cc8c5f8a-bbbf-4b03-a57b-ab84f9027170,5b0fa12a-3dd7-45bb-9766-cc326314d9f1,9143.0393912,0.000130507583476,1.4273982413508672e-08,3.183008309010188,0.0,10.008375209380237,0.0078954643355738,0.0,0.025250539160278,0.0331460034958519,0.0,Canada,CAN,quebec,,,Windows-11-10.0.26200-SP0,3.13.14,3.2.8,4,Intel(R) Core(TM) i5-6200U CPU @ 2.30GHz,0,,-71.2,46.8,7.897434234619141,machine,6.727376341706319,0,84.28678765076906,6.656524528612325,N,1.0,0.0
2026-10-07T16:57:28,codecarbon,cc8c5f8a-bbbf-4b03-a57b-ab84f9027170,5b0fa12a-3dd7-45bb-9766-cc326314d9f1,9158.617940099995,0.0001308753976309,1.4289863218110526e-08,3.177576057837308,0.0,10.0,0.0079078141643193,0.0,0.0253316058897224,0.0332394200540418,0.0,Canada,CAN,quebec,,,Windows-11-10.0.26200-SP0,3.13.14,3.2.8,4,Intel(R) Core(TM) i5-6200U CPU @ 2.30GHz,0,,-71.2,46.8,7.897434234619141,machine,6.715486579034574,0,84.27865900806361,6.655881528391912,N,1.0,0.0
2026-10-07T16:57:44,codecarbon,cc8c5f8a-bbbf-4b03-a57b-ab84f9027170,5b0fa12a-3dd7-45bb-9766-cc326314d9f1,9174.174460199996,0.000131058785861,1.4285621712303408e-08,3.1748090233244435,0.0,10.0,0.0079139715316963,0.0,0.0253720250258336,0.0332859965575299,0.0,Canada,CAN,quebec,,,Windows-11-10.0.26200-SP0,3.13.14,3.2.8,4,Intel(R) Core(TM) i5-6200U CPU @ 2.30GHz,0,,-71.2,46.8,7.897434234619141,machine,6.704378032642259,0,84.27118438464932,6.655290510668121,N,1.0,0.0
2026-10-07T16:57:59,codecarbon,cc8c5f8a-bbbf-4b03-a57b-ab84f9027170,5b0fa12a-3dd7-45bb-9766-cc326314d9f1,9189.729611399993,0.000131243982527,1.4281593482818092e-08,3.172154835461205,0.0,10.0,0.0079205985232131,0.0,0.0254124338400002,0.0333330323632134,0.0,Canada,CAN,quebec,,,Windows-11-10.0.26200-SP0,3.13.14,3.2.8,4,Intel(R) Core(TM) i5-6200U CPU @ 2.30GHz,0,,-71.2,46.8,7.897434234619141,machine,6.693306176373445,0,84.26388858306727,6.654713836572486,N,1.0,0.0
2026-10-07T16:58:15,codecarbon,cc8c5f8a-bbbf-4b03-a57b-ab84f9027170,5b0fa12a-3dd7-45bb-9766-cc326314d9f1,9205.3042766,0.000131429206948,1.4277551615776869e-08,3.169510006916798,0.0,10.0,0.0079271790469643,0.0,0.0254528961711113,0.0333800752180757,0.0,Canada,CAN,quebec,,,Windows-11-10.0.26200-SP0,3.13.14,3.2.8,4,Intel(R) Core(TM) i5-6200U CPU @ 2.30GHz,0,,-71.2,46.8,7.897434234619141,machine,6.681536432575008,0,84.25614902736564,6.654105959442739,N,1.0,0.0
2026-10-07T16:58:30,codecarbon,cc8c5f8a-bbbf-4b03-a57b-ab84f9027170,5b0fa12a-3dd7-45bb-9766-cc326314d9f1,9220.864199000003,0.0001316146628617,1.4273571329246172e-08,3.166918426573872,0.0,10.0,0.0079338636502004,0.0,0.0254933132166669,0.0334271768668674,0.0,Canada,CAN,quebec,,,Windows-11-10.0.26200-SP0,3.13.14,3.2.8,4,Intel(R) Core(TM) i5-6200U CPU @ 2.30GHz,0,,-71.2,46.8,7.897434234619141,machine,6.67053982883476,0,84.24902348035988,6.653541004498172,N,1.0,0.0
2026-10-07T16:58:46,codecarbon,cc8c5f8a-bbbf-4b03-a57b-ab84f9027170,5b0fa12a-3dd7-45bb-9766-cc326314d9f1,9236.418831999996,0.0001317997919018,1.4269577235413153e-08,3.164294718941677,0.0,10.0,0.0079404658223874,0.0,0.0255337296747225,0.03347419549711,0.0,Canada,CAN,quebec,,,Windows-11-10.0.26200-SP0,3.13.14,3.2.8,4,Intel(R) Core(TM) i5-6200U CPU @ 2.30GHz,0,,-71.2,46.8,7.897434234619141,machine,6.658849945235488,0,84.2413691128149,6.6529378291419405,N,1.0,0.0
2026-10-07T16:59:02,codecarbon,cc8c5f8a-bbbf-4b03-a57b-ab84f9027170,5b0fa12a-3dd7-45bb-9766-cc326314d9f1,9251.9721366,0.0001319839193736,1.4265490365189189e-08,3.161621110334852,0.0,10.0,0.0079468285880978,0.0,0.0255741311633336,0.0335209597514315,0.0,Canada,CAN,quebec,,,Windows-11-10.0.26200-SP0,3.13.14,3.2.8,4,Intel(R) Core(TM) i5-6200U CPU @ 2.30GHz,0,,-71.2,46.8,7.897434234619141,machine,6.647927829414981,0,84.23433570256971,6.652383635590284,N,1.0,0.0
2026-10-07T16:59:17,codecarbon,cc8c5f8a-bbbf-4b03-a57b-ab84f9027170,5b0fa12a-3dd7-45bb-9766-cc326314d9f1,9267.527875300002,0.0001321723529595,1.426187811226745e-08,3.159876360996536,0.0,10.0,0.0079542698231286,0.0,0.025614547839167,0.0335688176622956,0.0,Canada,CAN,quebec,,,Windows-11-10.0.26200-SP0,3.13.14,3.2.8,4,Intel(R) Core(TM) i5-6200U CPU @ 2.30GHz,0,,-71.2,46.8,7.897434234619141,machine,6.63631699596114,0,84.22700578539461,6.651802207064829,N,1.0,0.0
2026-10-07T16:59:33,codecarbon,cc8c5f8a-bbbf-4b03-a57b-ab84f9027170,5b0fa12a-3dd7-45bb-9766-cc326314d9f1,9283.1040641,0.0001323576903662,1.4257913026973618e-08,3.157339059456464,0.0,10.0,0.0079608683104838,0.0,0.0256550209025003,0.0336158892129842,0.0,Canada,CAN,quebec,,,Windows-11-10.0.26200-SP0,3.13.14,3.2.8,4,Intel(R) Core(TM) i5-6200U CPU @ 2.30GHz,0,,-71.2,46.8,7.897434234619141,machine,6.625468613775066,0,84.22006320836967,6.651254746637452,N,1.0,0.0
2026-10-07T16:59:48,codecarbon,cc8c5f8a-bbbf-4b03-a57b-ab84f9027170,5b0fa12a-3dd7-45bb-9766-cc326314d9f1,9298.663187500002,0.00013254352068,1.4254040393490133e-08,3.154874082024344,0.0,10.0,0.0079676348157564,0.0,0.0256954511352781,0.0336630859510346,0.0,Canada,CAN,quebec,,,Windows-11-10.0.26200-SP0,3.13.14,3.2.8,4,Intel(R) Core(TM) i5-6200U CPU @ 2.30GHz,0,,-71.2,46.8,7.897434234619141,machine,6.614655641388315,0,84.21337177673811,6.650725935270965,N,1.0,0.0
2026-10-07T17:00:04,codecarbon,cc8c5f8a-bbbf-4b03-a57b-ab84f9027170,5b0fa12a-3dd7-45bb-9766-cc326314d9f1,9314.24720079999,0.0001327277807183,1.4249974029781e-08,3.1522347455030406,0.0,10.0,0.0079739470514893,0.0,0.0257359368227781,0.0337098838742675,0.0,Canada,CAN,quebec,,,Windows-11-10.0.26200-SP0,3.13.14,3.2.8,4,Intel(R) Core(TM) i5-6200U CPU @ 2.30GHz,0,,-71.2,46.8,7.897434234619141,machine,6.614021939828392,0,84.2066797002281,6.650196943451919,N,1.0,0.0
2026-10-07T17:00:19,codecarbon,cc8c5f8a-bbbf-4b03-a57b-ab84f9027170,5b0fa12a-3dd7-45bb-9766-cc326314d9f1,9329.804140099994,0.0001329127216144,1.4246035567159582e-08,3.1497028553477446,0.0,10.0,0.0079805030409824,0.0,0.025776351679167,0.0337568547201495,0.0,Canada,CAN,quebec,,,Windows-11-10.0.26200-SP0,3.13.14,3.2.8,4,Intel(R) Core(TM) i5-6200U CPU @ 2.30GHz,0,,-71.2,46.8,7.897434234619141,machine,6.614107568857081,0,84.20057471264367,6.6497144304059175,N,1.0,0.0
2026-10-07T17:00:35,codecarbon,cc8c5f8a-bbbf-4b03-a57b-ab84f9027170,5b0fa12a-3dd7-45bb-9766-cc326314d9f1,9345.36235689999,0.0001330998687035,1.4242344343695368e-08,3.147435745773752,0.0,10.0,0.0079876175110202,0.0,0.0258167683786115,0.0338043858896318,0.0,Canada,CAN,quebec,,,Windows-11-10.0.26200-SP0,3.13.14,3.2.8,4,Intel(R) Core(TM) i5-6200U CPU @ 2.30GHz,0,,-71.2,46.8,7.897434234619141,machine,6.602652089196797,0,84.19419787832864,6.64921034453467,N,1.0,0.0
2026-10-07T17:00:51,codecarbon,cc8c5f8a-bbbf-4b03-a57b-ab84f9027170,5b0fa12a-3dd7-45bb-9766-cc326314d9f1,9360.917233999991,0.0001332853080984,1.4238488042001212e-08,3.144988173603384,0.0,10.0,0.0079943030374781,0.0,0.0258571803055559,0.0338514833430341,0.0,Canada,CAN,quebec,,,Windows-11-10.0.26200-SP0,3.13.14,3.2.8,4,Intel(R) Core(TM) i5-6200U CPU @ 2.30GHz,0,,-71.2,46.8,7.897434234619141,machine,6.5919485572246845,0,84.18818761482763,6.648737698906141,N,1.0,0.0
2026-10-07T17:01:06,codecarbon,cc8c5f8a-bbbf-4b03-a57b-ab84f9027170,5b0fa12a-3dd7-45bb-9766-cc326314d9f1,9376.49439929999,0.0001334755711222,1.4235125137197855e-08,3.14300978342046,0.0,10.0,0.0080021497854308,0.0,0.0258976561047226,0.0338998058901535,0.0,Canada,CAN,quebec,,,Windows-11-10.0.26200-SP0,3.13.14,3.2.8,4,Intel(R) Core(TM) i5-6200U CPU @ 2.30GHz,0,,-71.2,46.8,7.897434234619141,machine,6.581279671989642,0,84.18276866637895,6.648308359244079,N,1.0,0.0
2026-10-07T17:01:22,codecarbon,cc8c5f8a-bbbf-4b03-a57b-ab84f9027170,5b0fa12a-3dd7-45bb-9766-cc326314d9f1,9392.105621299996,0.0001336683999484,1.4231994968765484e-08,3.1412429835473827,0.0,10.0,0.0080105602897289,0.0,0.0259382198038892,0.0339487800936182,0.0,Canada,CAN,quebec,,,Windows-11-10.0.26200-SP0,3.13.14,3.2.8,4,Intel(R) Core(TM) i5-6200U CPU @ 2.30GHz,0,,-71.2,46.8,7.897434234619141,machine,6.569937526928048,0,84.17859758724687,6.64797861460004,N,1.0,0.0
2026-10-07T17:01:37,codecarbon,cc8c5f8a-bbbf-4b03-a57b-ab84f9027170,5b0fa12a-3dd7-45bb-9766-cc326314d9f1,9407.673374499996,0.0001338791383156,1.4230844650556464e-08,3.1412844492555703,0.0,10.0,0.0080236253747029,0.0,0.0259786775447226,0.0340023029194255,0.0,Canada,CAN,quebec,,,Windows-11-10.0.26200-SP0,3.13.14,3.2.8,4,Intel(R) Core(TM) i5-6200U CPU @ 2.30GHz,0,,-71.2,46.8,7.897434234619141,machine,6.559339713947737,0,84.17451338853641,6.647656953620685,N,1.0,0.0
2026-10-07T17:01:53,codecarbon,cc8c5f8a-bbbf-4b03-a57b-ab84f9027170,5b0fa12a-3dd7-45bb-9766-cc326314d9f1,9423.2271567,0.0001340727975332,1.4227906777978854e-08,3.1398173621665246,0.0,10.0,0.0080323916678692,0.0,0.0260190963558337,0.034051488023703,0.0,Canada,CAN,quebec,,,Windows-11-10.0.26200-SP0,3.13.14,3.2.8,4,Intel(R) Core(TM) i5-6200U CPU @ 2.30GHz,0,,-71.2,46.8,7.897434234619141,machine,6.548073000536769,0,84.1703381642512,6.647326125320541,N,1.0,0.0
2026-10-07T17:02:08,codecarbon,cc8c5f8a-bbbf-4b03-a57b-ab84f9027170,5b0fa12a-3dd7-45bb-9766-cc326314d9f1,9438.8395323,0.0001342710266994,1.422537444777818e-08,3.138581586797181,0.0,10.0,0.0080421607898163,0.0,0.0260596730027781,0.0341018337925944,0.0,Canada,CAN,quebec,,,Windows-11-10.0.26200-SP0,3.13.14,3.2.8,4,Intel(R) Core(TM) i5-6200U CPU @ 2.30GHz,0,,-71.2,46.8,7.897434234619141,machine,6.537545551982851,0,84.16585209003216,6.646970842939992,N,1.0,0.0
2026-10-07T17:02:24,codecarbon,cc8c5f8a-bbbf-4b03-a57b-ab84f9027170,5b0fa12a-3dd7-45bb-9766-cc326314d9f1,9454.417430599991,0.0001344655720318,1.4222512705714633e-08,3.1377331215887034,0.0,10.0,0.0080510899199132,0.0,0.0261001540302781,0.0341512439501913,0.0,Canada,CAN,quebec,,,Windows-11-10.0.26200-SP0,3.13.14,3.2.8,4,Intel(R) Core(TM) i5-6200U CPU @ 2.30GHz,0,,-71.2,46.8,7.897434234619141,machine,6.526353520222555,0,84.1615771453028,6.64663285921351,N,1.0,0.0
2026-10-07T17:02:40,codecarbon,cc8c5f8a-bbbf-4b03-a57b-ab84f9027170,5b0fa12a-3dd7-45bb-9766-cc326314d9f1,9469.9866893,0.0001346530882427,1.4218931098911749e-08,3.135644496980253,0.0,10.0,0.0080582530675231,0.0,0.0261406158008336,0.0341988688683567,0.0,Canada,CAN,quebec,,,Windows-11-10.0.26200-SP0,3.13.14,3.2.8,4,Intel(R) Core(TM) i5-6200U CPU @ 2.30GHz,0,,-71.2,46.8,7.897434234619141,machine,6.52657835701314,0,84.15768614464267,6.646326315885629,N,1.0,0.0
2026-10-07T17:02:55,codecarbon,cc8c5f8a-bbbf-4b03-a57b-ab84f9027170,5b0fa12a-3dd7-45bb-9766-cc326314d9f1,9485.543638099987,0.0001348459146026,1.4215939512530005e-08,3.135070805937099,0.0,10.0,0.008066808433224,0.0,0.0261810340122225,0.0342478424454466,0.0,Canada,CAN,quebec,,,Windows-11-10.0.26200-SP0,3.13.14,3.2.8,4,Intel(R) Core(TM) i5-6200U CPU @ 2.30GHz,0,,-71.2,46.8,7.897434234619141,machine,6.526106430628133,0,84.15359923216381,6.646001211473323,N,1.0,0.0
2026-10-07T17:03:11,codecarbon,cc8c5f8a-bbbf-4b03-a57b-ab84f9027170,5b0fa12a-3dd7-45bb-9766-cc326314d9f1,9501.0972912,0.0001350322979179,1.4212284516123102e-08,3.1328535525867776,0.0,10.0,0.0080737340431915,0.0,0.0262214455902781,0.0342951796334697,0.0,Canada,CAN,quebec,,,Windows-11-10.0.26200-SP0,3.13.14,3.2.8,4,Intel(R) Core(TM) i5-6200U CPU @ 2.30GHz,0,,-71.2,46.8,7.897434234619141,machine,6.515683560477002,0,84.14975511073254,6.645698128201486,N,1.0,0.0
2026-10-07T17:03:26,codecarbon,cc8c5f8a-bbbf-4b03-a57b-ab84f9027170,5b0fa12a-3dd7-45bb-9766-cc326314d9f1,9516.66175259999,0.000135229521828,1.42097644471893e-08,3.133241845453808,0.0,10.0,0.0080833799809371,0.0,0.0262618901088892,0.0343452700898264,0.0,Canada,CAN,quebec,,,Windows-11-10.0.26200-SP0,3.13.14,3.2.8,4,Intel(R) Core(TM) i5-6200U CPU @ 2.30GHz,0,,-71.2,46.8,7.897434234619141,machine,6.50529393005209,0,84.1461252258956,6.645409992502285,N,1.0,0.0
2026-10-07T17:03:42,codecarbon,cc8c5f8a-bbbf-4b03-a57b-ab84f9027170,5b0fa12a-3dd7-45bb-9766-cc326314d9f1,9532.218225599994,0.0001354189155315,1.4206443067774065e-08,3.1310951698264127,0.0,10.0,0.008091063426574,0.0,0.0263023084225003,0.0343933718490743,0.0,Canada,CAN,quebec,,,Windows-11-10.0.26200-SP0,3.13.14,3.2.8,4,Intel(R) Core(TM) i5-6200U CPU @ 2.30GHz,0,,-71.2,46.8,7.897434234619141,machine,6.496901199193463,0,84.14259789875835,6.645131711606626,N,1.0,0.0
2026-10-07T17:03:57,codecarbon,cc8c5f8a-bbbf-4b03-a57b-ab84f9027170,5b0fa12a-3dd7-45bb-9766-cc326314d9f1,9547.772645599996,0.0001356143701939,1.4203770369047329e-08,3.1313449923926493,0.0,10.0,0.0081002825072402,0.0,0.0263427304488891,0.0344430129561294,0.0,Canada,CAN,quebec,,,Windows-11-10.0.26200-SP0,3.13.14,3.2.8,4,Intel(R) Core(TM) i5-6200U CPU @ 2.30GHz,0,,-71.2,46.8,7.897434234619141,machine,6.486575545666455,0,84.13929858020767,6.644870800900242,N,1.0,0.0
2026-10-07T17:04:13,codecarbon,cc8c5f8a-bbbf-4b03-a57b-ab84f9027170,5b0fa12a-3dd7-45bb-9766-cc326314d9f1,9563.340347299993,0.0001359652155969,1.4217335225896027e-08,3.132244322545344,0.0,10.0080064051241,0.0081086212785396,0.0,0.026423498552778,0.0345321198313177,0.0,Canada,CAN,quebec,,,Windows-11-10.0.26200-SP0,3.13.14,3.2.8,4,Intel(R) Core(TM) i5-6200U CPU @ 2.30GHz,0,,-71.2,46.8,7.897434234619141,machine,6.475597630632537,0,84.13579437275227,6.644593322153497,N,1.0,0.0
2026-10-07T17:04:29,codecarbon,cc8c5f8a-bbbf-4b03-a57b-ab84f9027170,5b0fa12a-3dd7-45bb-9766-cc326314d9f1,9578.96555529999,0.0001363233200925,1.4231528373865458e-08,3.1266283940648782,0.0,10.0,0.008118156886819,0.0,0.0265049134666669,0.034623070353486,0.0,Canada,CAN,quebec,,,Windows-11-10.0.26200-SP0,3.13.14,3.2.8,4,Intel(R) Core(TM) i5-6200U CPU @ 2.30GHz,0,,-71.2,46.8,7.897434234619141,machine,6.465339528989334,0,84.13251663322421,6.644334994723092,N,1.0,0.0
2026-10-07T17:04:44,codecarbon,cc8c5f8a-bbbf-4b03-a57b-ab84f9027170,5b0fa12a-3dd7-45bb-9766-cc326314d9f1,9594.529658400004,0.0001365219524159,1.42291448644813e-08,3.1249398588038844,0.0,10.0,0.0081281745049973,0.0,0.026545344010278,0.0346735185152754,0.0,Canada,CAN,quebec,,,Windows-11-10.0.26200-SP0,3.13.14,3.2.8,4,Intel(R) Core(TM) i5-6200U CPU @ 2.30GHz,0,,-71.2,46.8,7.897434234619141,machine,6.455113876001687,0,84.1295234078448,6.6440995239296425,N,1.0,0.0
2026-10-07T17:05:00,codecarbon,cc8c5f8a-bbbf-4b03-a57b-ab84f9027170,5b0fa12a-3dd7-45bb-9766-cc326314d9f1,9610.140177199995,0.0001367163410045,1.4226258772882016e-08,3.123307259756904,0.0,10.0,0.0081369968076243,0.0,0.0265858920558336,0.034722888863458,0.0,Canada,CAN,quebec,,,Windows-11-10.0.26200-SP0,3.13.14,3.2.8,4,Intel(R) Core(TM) i5-6200U CPU @ 2.30GHz,0,,-71.2,46.8,7.897434234619141,machine,6.444242105263158,0,84.12714736842105,6.643910572654322,N,1.0,0.0
2026-10-07T17:05:15,codecarbon,cc8c5f8a-bbbf-4b03-a57b-ab84f9027170,5b0fa12a-3dd7-45bb-9766-cc326314d9f1,9625.712569199995,0.0001369033446465,1.4222671169777312e-08,3.121052584820514,0.0,10.0,0.0081440241669844,0.0,0.0266263594336113,0.0347703836005958,0.0,Canada,CAN,quebec,,,Windows-11-10.0.26200-SP0,3.13.14,3.2.8,4,Intel(R) Core(TM) i5-6200U CPU @ 2.30GHz,0,,-71.2,46.8,7.897434234619141,machine,6.4445927482921705,0,84.12355228586442,6.6436268227637845,N,1.0,0.0
2026-10-07T17:05:31,codecarbon,cc8c5f8a-bbbf-4b03-a57b-ab84f9027170,5b0fa12a-3dd7-45bb-9766-cc326314d9f1,9641.284450399997,0.0001370896734894,1.4219025918663782e-08,3.118818022726468,0.0,10.0,0.008150885340545,0.0,0.0266668216133336,0.0348177069538786,0.0,Canada,CAN,quebec,,,Windows-11-10.0.26200-SP0,3.13.14,3.2.8,4,Intel(R) Core(TM) i5-6200U CPU @ 2.30GHz,0,,-71.2,46.8,7.897434234619141,machine,6.433774000629525,0,84.12003986989822,6.643348523745218,N,1.0,0.0
2026-10-07T17:05:46,codecarbon,cc8c5f8a-bbbf-4b03-a57b-ab84f9027170,5b0fa12a-3dd7-45bb-9766-cc326314d9f1,9656.850137599991,0.0001372741410076,1.4215208794959978e-08,3.116350436359421,0.0,10.0,0.0081572966615257,0.0,0.0267072609108336,0.0348645575723594,0.0,Canada,CAN,quebec,,,Windows-11-10.0.26200-SP0,3.13.14,3.2.8,4,Intel(R) Core(TM) i5-6200U CPU @ 2.30GHz,0,,-71.2,46.8,7.897434234619141,machine,6.423664362036456,0,84.11377540331029,6.642855103351074,N,1.0,0.0
2026-10-07T17:06:02,codecarbon,cc8c5f8a-bbbf-4b03-a57b-ab84f9027170,5b0fa12a-3dd7-45bb-9766-cc326314d9f1,9672.408979799991,0.0001374580797253,1.4211359343096354e-08,3.1138583750375406,0.0,10.0,0.0081635984123638,0.0,0.0267476754750002,0.034911273887364,0.0,Canada,CAN,quebec,,,Windows-11-10.0.26200-SP0,3.13.14,3.2.8,4,Intel(R) Core(TM) i5-6200U CPU @ 2.30GHz,0,,-71.2,46.8,7.897434234619141,machine,6.4129157080108765,0,84.10692323781636,6.642312991172792,N,1.0,0.0
2026-10-07T17:06:18,codecarbon,cc8c5f8a-bbbf-4b03-a57b-ab84f9027170,5b0fa12a-3dd7-45bb-9766-cc326314d9f1,9687.963900499992,0.0001376420385007,1.4207530076944962e-08,3.11138178342822,0.0,10.0,0.0081699077676794,0.0,0.0267880875288891,0.0349579952965685,0.0,Canada,CAN,quebec,,,Windows-11-10.0.26200-SP0,3.13.14,3.2.8,4,Intel(R) Core(TM) i5-6200U CPU @ 2.30GHz,0,,-71.2,46.8,7.897434234619141,machine,6.4028714628798165,0,84.10073091782395,6.641824270397583,N,1.0,0.0
2026-10-07T17:06:33,codecarbon,cc8c5f8a-bbbf-4b03-a57b-ab84f9027170,5b0fa12a-3dd7-45bb-9766-cc326314d9f1,9703.543541399997,0.0001378272587281,1.4203806902096224e-08,3.1090342641809947,0.0,10.0,0.0081765319771733,0.0,0.0268285051091668,0.0350050370863402,0.0,Canada,CAN,quebec,,,Windows-11-10.0.26200-SP0,3.13.14,3.2.8,4,Intel(R) Core(TM) i5-6200U CPU @ 2.30GHz,0,,-71.2,46.8,7.897434234619141,machine,6.392858632193495,0,84.09449541284404,6.641331200603648,N,1.0,0.0
2026-10-07T17:06:49,codecarbon,cc8c5f8a-bbbf-4b03-a57b-ab84f9027170,5b0fa12a-3dd7-45bb-9766-cc326314d9f1,9719.2090667,0.0001380184544019,1.4200584991511517e-08,3.1071081357540606,0.0,10.0,0.0081843738259545,0.0,0.0268692226797224,0.035053596505677,0.0,Canada,CAN,quebec,,,Windows-11-10.0.26200-SP0,3.13.14,3.2.8,4,Intel(R) Core(TM) i5-6200U CPU @ 2.30GHz,0,,-71.2,46.8,7.897434234619141,machine,6.403028726061615,0,84.08872814321398,6.640877727267148,N,1.0,0.0
2026-10-07T17:07:04,codecarbon,cc8c5f8a-bbbf-4b03-a57b-ab84f9027170,5b0fa12a-3dd7-45bb-9766-cc326314d9f1,9734.799656899995,0.0001382087574921,1.419739104689044e-08,3.105414907129127,0.0,10.0,0.0081922252270985,0.0,0.0269097040016669,0.0351019292287654,0.0,Canada,CAN,quebec,,,Windows-11-10.0.26200-SP0,3.13.14,3.2.8,4,Intel(R) Core(TM) i5-6200U CPU @ 2.30GHz,0,,-71.2,46.8,7.897434234619141,machine,6.393047906058402,0,84.08316533305623,6.640438844121247,N,1.0,0.0
2026-10-07T17:07:20,codecarbon,cc8c5f8a-bbbf-4b03-a57b-ab84f9027170,5b0fa12a-3dd7-45bb-9766-cc326314d9f1,9750.392918700005,0.0001384017529946,1.4194479560841234e-08,3.103944078524176,0.0,10.0,0.0082007130606736,0.0,0.0269502327036113,0.035150945764285,0.0,Canada,CAN,quebec,,,Windows-11-10.0.26200-SP0,3.13.14,3.2.8,4,Intel(R) Core(TM) i5-6200U CPU @ 2.30GHz,0,,-71.2,46.8,7.897434234619141,machine,6.382435937337898,0,84.07792302106027,6.640024465574171,N,1.0,0.0
2026-10-07T17:07:36,codecarbon,cc8c5f8a-bbbf-4b03-a57b-ab84f9027170,5b0fa12a-3dd7-45bb-9766-cc326314d9f1,9765.94993399999,0.0001385859478962,1.4190728893020474e-08,3.101544046434698,0.0,10.0,0.0082070781503583,0.0,0.0269906489938891,0.0351977271442475,0.0,Canada,CAN,quebec,,,Windows-11-10.0.26200-SP0,3.13.14,3.2.8,4,Intel(R) Core(TM) i5-6200U CPU @ 2.30GHz,0,,-71.2,46.8,7.897434234619141,machine,6.372519163041226,0,84.07271597265382,6.639615077668153,N,1.0,0.0
2026-10-07T17:07:51,codecarbon,cc8c5f8a-bbbf-4b03-a57b-ab84f9027170,5b0fa12a-3dd7-45bb-9766-cc326314d9f1,9781.509494700003,0.0001387697609735,1.4186947428590922e-08,3.099114029061561,0.0,10.0,0.0082133406335857,0.0,0.0270310709158336,0.0352444115494193,0.0,Canada,CAN,quebec,,,Windows-11-10.0.26200-SP0,3.13.14,3.2.8,4,Intel(R) Core(TM) i5-6200U CPU @ 2.30GHz,0,,-71.2,46.8,7.897434234619141,machine,6.361975180972079,0,84.06709410548088,6.6391683955227085,N,1.0,0.0
2026-10-07T17:08:07,codecarbon,cc8c5f8a-bbbf-4b03-a57b-ab84f9027170,5b0fa12a-3dd7-45bb-9766-cc326314d9f1,9797.0678585,0.0001389532849764,1.4183150202012752e-08,3.0966687902555563,0.0,10.0,0.0082195382230805,0.0,0.0270714843130558,0.0352910225361364,0.0,Canada,CAN,quebec,,,Windows-11-10.0.26200-SP0,3.13.14,3.2.8,4,Intel(R) Core(TM) i5-6200U CPU @ 2.30GHz,0,,-71.2,46.8,7.897434234619141,machine,6.362447083118225,0,84.0618482188952,6.638752204607489,N,1.0,0.0
2026-10-07T17:08:22,codecarbon,cc8c5f8a-bbbf-4b03-a57b-ab84f9027170,5b0fa12a-3dd7-45bb-9766-cc326314d9f1,9812.6215504,0.0001391368512537,1.4179376075920096e-08,3.094239043909604,0.0,10.0,0.0082257417079723,0.0,0.0271119025516669,0.0353376442596393,0.0,Canada,CAN,quebec,,,Windows-11-10.0.26200-SP0,3.13.14,3.2.8,4,Intel(R) Core(TM) i5-6200U CPU @ 2.30GHz,0,,-71.2,46.8,7.897434234619141,machine,6.352608247422681,0,84.05647422680413,6.638328267520236,N,1.0,0.0
2026-10-07T17:08:38,codecarbon,cc8c5f8a-bbbf-4b03-a57b-ab84f9027170,5b0fa12a-3dd7-45bb-9766-cc326314d9f1,9828.196000800002,0.0001393209768787,1.4175640867093373e-08,3.091838116395531,0.0,10.0,0.0082320415582294,0.0,0.0271523664866669,0.0353844080448963,0.0,Canada,CAN,quebec,,,Windows-11-10.0.26200-SP0,3.13.14,3.2.8,4,Intel(R) Core(TM) i5-6200U CPU @ 2.30GHz,0,,-71.2,46.8,7.897434234619141,machine,6.342146974063401,0,84.05080279950597,6.637881950764756,N,1.0,0.0
2026-10-07T17:08:53,codecarbon,cc8c5f8a-bbbf-4b03-a57b-ab84f9027170,5b0fa12a-3dd7-45bb-9766-cc326314d9f1,9843.7508161,0.0001395056942674,1.4172005861755784e-08,3.089560067527427,0.0,10.0,0.0082385408560026,0.0,0.0271927812688891,0.0354313221248918,0.0,Canada,CAN,quebec,,,Windows-11-10.0.26200-SP0,3.13.14,3.2.8,4,Intel(R) Core(TM) i5-6200U CPU @ 2.30GHz,0,,-71.2,46.8,7.897434234619141,machine,6.332370773815641,0,84.04582262871236,6.637489822586839,N,1.0,0.0
2026-10-07T17:09:09,codecarbon,cc8c5f8a-bbbf-4b03-a57b-ab84f9027170,5b0fa12a-3dd7-45bb-9766-cc326314d9f1,9859.3527779,0.000139692348933,1.416851106556933e-08,3.087362296284372,0.0,10.0,0.0082454130759473,0.0,0.0272333151538891,0.0354787282298364,0.0,Canada,CAN,quebec,,,Windows-11-10.0.26200-SP0,3.13.14,3.2.8,4,Intel(R) Core(TM) i5-6200U CPU @ 2.30GHz,0,,-71.2,46.8,7.897434234619141,machine,6.325392428439519,0,84.04066892377142,6.63708350660129,N,1.0,0.0
2026-10-07T17:09:25,codecarbon,cc8c5f8a-bbbf-4b03-a57b-ab84f9027170,5b0fa12a-3dd7-45bb-9766-cc326314d9f1,9874.952270199996,0.0001398821355447,1.4165348015588518e-08,3.08538220614116,0.0,10.0,0.0082531221653358,0.0,0.0272738076136113,0.0355269297789472,0.0,Canada,CAN,quebec,,,Windows-11-10.0.26200-SP0,3.13.14,3.2.8,4,Intel(R) Core(TM) i5-6200U CPU @ 2.30GHz,0,,-71.2,46.8,7.897434234619141,machine,6.315673017824216,0,84.03607867240319,6.6367201778737765,N,1.0,0.0
2026-10-07T17:09:40,codecarbon,cc8c5f8a-bbbf-4b03-a57b-ab84f9027170,5b0fa12a-3dd7-45bb-9766-cc326314d9f1,9890.528172699997,0.0001400689297136,1.4161926164899278e-08,3.0834261026377856,0.0,10.0,0.0082601018596131,0.0,0.0273142694550002,0.0355743713146134,0.0,Canada,CAN,quebec,,,Windows-11-10.0.26200-SP0,3.13.14,3.2.8,4,Intel(R) Core(TM) i5-6200U CPU @ 2.30GHz,0,,-71.2,46.8,7.897434234619141,machine,6.305338515033749,0,84.03195950092044,6.636395025067984,N,1.0,0.0
2026-10-07T17:09:56,codecarbon,cc8c5f8a-bbbf-4b03-a57b-ab84f9027170,5b0fa12a-3dd7-45bb-9766-cc326314d9f1,9906.085970300002,0.0001402589994635,1.4158871615299293e-08,3.08172749045682,0.0,10.0,0.0082679505531174,0.0,0.0273546942213891,0.0356226447745066,0.0,Canada,CAN,quebec,,,Windows-11-10.0.26200-SP0,3.13.14,3.2.8,4,Intel(R) Core(TM) i5-6200U CPU @ 2.30GHz,0,,-71.2,46.8,7.897434234619141,machine,6.295680588175227,0,84.02841825793935,6.6361152265625245,N,1.0,0.0
2026-10-07T17:10:11,codecarbon,cc8c5f8a-bbbf-4b03-a57b-ab84f9027170,5b0fa12a-3dd7-45bb-9766-cc326314d9f1,9921.652975699995,0.0001404427376567,1.4155175352401837e-08,3.0793796048398505,0.0,10.0,0.0082741804985336,0.0,0.0273951296622224,0.0356693101607561,0.0,Canada,CAN,quebec,,,Windows-11-10.0.26200-SP0,3.13.14,3.2.8,4,Intel(R) Core(TM) i5-6200U CPU @ 2.30GHz,0,,-71.2,46.8,7.897434234619141,machine,6.285411356917117,0,84.02444693648691,6.635801001661645,N,1.0,0.0
2026-10-07T17:10:27,codecarbon,cc8c5f8a-bbbf-4b03-a57b-ab84f9027170,5b0fa12a-3dd7-45bb-9766-cc326314d9f1,9937.20973409999,0.0001406263234341,1.4151489924939854e-08,3.0769818873117574,0.0,10.0,0.0082803824468309,0.0,0.0274355543900001,0.0357159368368311,0.0,Canada,CAN,quebec,,,Windows-11-10.0.26200-SP0,3.13.14,3.2.8,4,Intel(R) Core(TM) i5-6200U CPU @ 2.30GHz,0,,-71.2,46.8,7.897434234619141,machine,6.285993485342019,0,84.02075529315961,6.635510612388387,N,1.0,0.0
2026-10-07T17:10:42,codecarbon,cc8c5f8a-bbbf-4b03-a57b-ab84f9027170,5b0fa12a-3dd7-45bb-9766-cc326314d9f1,9952.791504499995,0.0001408099524007,1.4147784803597592e-08,3.07461813177658,0.0,10.0,0.0082865366694935,0.0,0.0274760378125002,0.0357625744819938,0.0,Canada,CAN,quebec,,,Windows-11-10.0.26200-SP0,3.13.14,3.2.8,4,Intel(R) Core(TM) i5-6200U CPU @ 2.30GHz,0,,-71.2,46.8,7.897434234619141,machine,6.2764102042890535,0,84.01674966968189,6.635193233604365,N,1.0,0.0
2026-10-07T17:10:58,codecarbon,cc8c5f8a-bbbf-4b03-a57b-ab84f9027170,5b0fa12a-3dd7-45bb-9766-cc326314d9f1,9968.3687124,0.0001409948664351,1.4144226653629162e-08,3.07230918833998,0.0,10.0,0.0082930265022602,0.0,0.0275165120033335,0.0358095385055938,0.0,Canada,CAN,quebec,,,Windows-11-10.0.26200-SP0,3.13.14,3.2.8,4,Intel(R) Core(TM) i5-6200U CPU @ 2.30GHz,0,,-71.2,46.8,7.897434234619141,machine,6.266220192795535,0,84.01249112125824,6.634856328862624,N,1.0,0.0
2026-10-07T17:11:14,codecarbon,cc8c5f8a-bbbf-4b03-a57b-ab84f9027170,5b0fa12a-3dd7-45bb-9766-cc326314d9f1,9983.9400228,0.0001413435509276,1.4157091349196132e-08,3.06992294362871,0.0,10.0,0.0083008506104379,0.0,0.0275972459475002,0.0358980965579382,0.0,Canada,CAN,quebec,,,Windows-11-10.0.26200-SP0,3.13.14,3.2.8,4,Intel(R) Core(TM) i5-6200U CPU @ 2.30GHz,0,,-71.2,46.8,7.897434234619141,machine,6.256697061803445,0,84.00890577507599,6.634574434073621,N,1.0,0.0
2026-10-07T17:11:29,codecarbon,cc8c5f8a-bbbf-4b03-a57b-ab84f9027170,5b0fa12a-3dd7-45bb-9766-cc326314d9f1,9999.52133409999,0.0001415315816254,1.4153835658391425e-08,3.068164756844131,0.0,10.0,0.0083081190100684,0.0,0.0276377331341669,0.0359458521442354,0.0,Canada,CAN,quebec,,,Windows-11-10.0.26200-SP0,3.13.14,3.2.8,4,Intel(R) Core(TM) i5-6200U CPU @ 2.30GHz,0,,-71.2,46.8,7.897434234619141,machine,6.24657090835525,0,84.00506777260773,6.634270803662608,N,1.0,0.0
2026-10-07T17:11:45,codecarbon,cc8c5f8a-bbbf-4b03-a57b-ab84f9027170,5b0fa12a-3dd7-45bb-9766-cc326314d9f1,10015.089238300005,0.0001417171441567,1.4150362596352533e-08,3.066112221577715,0.0,10.0,0.0083148004595935,0.0,0.0276781804119447,0.0359929808715382,0.0,Canada,CAN,quebec,,,Windows-11-10.0.26200-SP0,3.13.14,3.2.8,4,Intel(R) Core(TM) i5-6200U CPU @ 2.30GHz,0,,-71.2,46.8,7.897434234619141,machine,6.237107362892637,0,84.00100999899,6.633948704170803,N,1.0,0.0
2026-10-07T17:12:00,codecarbon,cc8c5f8a-bbbf-4b03-a57b-ab84f9027170,5b0fa12a-3dd7-45bb-9766-cc326314d9f1,10030.646820099995,0.0001419018342859,1.414682789963376e-08,3.063872755476148,0.0,10.0,0.008321292964898,0.0,0.0277185950633335,0.0360398880282316,0.0,Canada,CAN,quebec,,,Windows-11-10.0.26200-SP0,3.13.14,3.2.8,4,Intel(R) Core(TM) i5-6200U CPU @ 2.30GHz,0,,-71.2,46.8,7.897434234619141,machine,6.227044469093475,0,83.99629928405768,6.633576476887685,N,1.0,0.0
2026-10-07T17:12:16,codecarbon,cc8c5f8a-bbbf-4b03-a57b-ab84f9027170,5b0fa12a-3dd7-45bb-9766-cc326314d9f1,10046.20576279999,0.0001420852947763,1.4143179836355401e-08,3.061520731452927,0.0,10.0,0.0083274684650296,0.0,0.0277590144191669,0.0360864828841965,0.0,Canada,CAN,quebec,,,Windows-11-10.0.26200-SP0,3.13.14,3.2.8,4,Intel(R) Core(TM) i5-6200U CPU @ 2.30GHz,0,,-71.2,46.8,7.897434234619141,machine,6.217639951671365,0,83.99197543294403,6.633233964515222,N,1.0,0.0
2026-10-07T17:12:31,codecarbon,cc8c5f8a-bbbf-4b03-a57b-ab84f9027170,5b0fa12a-3dd7-45bb-9766-cc326314d9f1,10061.765409999993,0.0001422687012722,1.4139536699083122e-08,3.0591716703695933,0.0,10.0,0.008333630539849,0.0,0.0277994334869447,0.0361330640267937,0.0,Canada,CAN,quebec,,,Windows-11-10.0.26200-SP0,3.13.14,3.2.8,4,Intel(R) Core(TM) i5-6200U CPU @ 2.30GHz,0,,-71.2,46.8,7.897434234619141,machine,6.20826379813009,0,83.9878053684528,6.632904555505876,N,1.0,0.0
2026-10-07T17:12:47,codecarbon,cc8c5f8a-bbbf-4b03-a57b-ab84f9027170,5b0fa12a-3dd7-45bb-9766-cc326314d9f1,10077.339290699994,0.0001424521474695,1.4135888785742995e-08,3.056823040183068,0.0,10.0,0.0083397640190266,0.0,0.0278398912336113,0.036179655252638,0.0,Canada,CAN,quebec,,,Windows-11-10.0.26200-SP0,3.13.14,3.2.8,4,Intel(R) Core(TM) i5-6200U CPU @ 2.30GHz,0,,-71.2,46.8,7.897434234619141,machine,6.208330824048981,0,83.98353909465021,6.632565915028183,N,1.0,0.0
2026-10-07T17:13:03,codecarbon,cc8c5f8a-bbbf-4b03-a57b-ab84f9027170,5b0fa12a-3dd7-45bb-9766-cc326314d9f1,10092.900170299996,0.0001426355164701,1.4132262685991473e-08,3.0544991998901816,0.0,10.0,0.0083459143869867,0.0,0.027880312485278,0.0362262268722647,0.0,Canada,CAN,quebec,,,Windows-11-10.0.26200-SP0,3.13.14,3.2.8,4,Intel(R) Core(TM) i5-6200U CPU @ 2.30GHz,0,,-71.2,46.8,7.897434234619141,machine,6.198997795149328,0,83.97972539587091,6.632264371433438,N,1.0,0.0
2026-10-07T17:13:18,codecarbon,cc8c5f8a-bbbf-4b03-a57b-ab84f9027170,5b0fa12a-3dd7-45bb-9766-cc326314d9f1,10108.458598799987,0.0001428217449528,1.4128934056253226e-08,3.052394653654069,0.0,10.0,0.0083527937093392,0.0,0.0279207310269446,0.0362735247362839,0.0,Canada,CAN,quebec,,,Windows-11-10.0.26200-SP0,3.13.14,3.2.8,4,Intel(R) Core(TM) i5-6200U CPU @ 2.30GHz,0,,-71.2,46.8,7.897434234619141,machine,6.18907344406644,0,83.97572543526115,6.631946154157949,N,1.0,0.0
2026-10-07T17:13:34,codecarbon,cc8c5f8a-bbbf-4b03-a57b-ab84f9027170,5b0fa12a-3dd7-45bb-9766-cc326314d9f1,10124.027357599987,0.0001430069551593,1.4125500663721916e-08,3.0502275592933947,0.0,10.0,0.0083593912815239,0.0,0.0279611726994446,0.0363205639809686,0.0,Canada,CAN,quebec,,,Windows-11-10.0.26200-SP0,3.13.14,3.2.8,4,Intel(R) Core(TM) i5-6200U CPU @ 2.30GHz,0,,-71.2,46.8,7.897434234619141,machine,6.179798181636527,0,83.97131581576582,6.631596696640016,N,1.0,0.0
2026-10-07T17:13:49,codecarbon,cc8c5f8a-bbbf-4b03-a57b-ab84f9027170,5b0fa12a-3dd7-45bb-9766-cc326314d9f1,10139.582186300002,0.0001432012096191,1.412298919107214e-08,3.049021893384856,0.0,10.0,0.0083683043976071,0.0,0.0280015958658335,0.0363699002634407,0.0,Canada,CAN,quebec,,,Windows-11-10.0.26200-SP0,3.13.14,3.2.8,4,Intel(R) Core(TM) i5-6200U CPU @ 2.30GHz,0,,-71.2,46.8,7.897434234619141,machine,6.180526735833999,0,83.96696927374302,6.6312535469377885,N,1.0,0.0
2026-10-07T17:14:05,codecarbon,cc8c5f8a-bbbf-4b03-a57b-ab84f9027170,5b0fa12a-3dd7-45bb-9766-cc326314d9f1,10155.158980399996,0.0001433952662521,1.4120435389432882e-08,3.047662199696659,0.0,10.0,0.0083771065042977,0.0,0.0280420797980558,0.0364191863023536,0.0,Canada,CAN,quebec,,,Windows-11-10.0.26200-SP0,3.13.14,3.2.8,4,Intel(R) Core(TM) i5-6200U CPU @ 2.30GHz,0,,-71.2,46.8,7.897434234619141,machine,6.170677290836653,0,83.96263944223108,6.630911864322496,N,1.0,0.0
2026-10-07T17:14:20,codecarbon,cc8c5f8a-bbbf-4b03-a57b-ab84f9027170,5b0fa12a-3dd7-45bb-9766-cc326314d9f1,10170.725630300003,0.0001435872378768,1.4117698490367445e-08,3.0461735648353607,0.0,10.0,0.008385409493608,0.0,0.0280825333022224,0.0364679427958305,0.0,Canada,CAN,quebec,,,Windows-11-10.0.26200-SP0,3.13.14,3.2.8,4,Intel(R) Core(TM) i5-6200U CPU @ 2.30GHz,0,,-71.2,46.8,7.897434234619141,machine,6.161471904525111,0,83.95858776727995,6.630591381040751,N,1.0,0.0
2026-10-07T17:14:36,codecarbon,cc8c5f8a-bbbf-4b03-a57b-ab84f9027170,5b0fa12a-3dd7-45bb-9766-cc326314d9f1,10186.283416099992,0.0001437778228481,1.4114846109709984e-08,3.0445628996053964,0.0,10.0,0.0083933846173532,0.0,0.0281229624930557,0.036516347110409,0.0,Canada,CAN,quebec,,,Windows-11-10.0.26200-SP0,3.13.14,3.2.8,4,Intel(R) Core(TM) i5-6200U CPU @ 2.30GHz,0,,-71.2,46.8,7.897434234619141,machine,6.151683050342568,0,83.95362923244961,6.630198694887636,N,1.0,0.0
2026-10-07T17:14:51,codecarbon,cc8c5f8a-bbbf-4b03-a57b-ab84f9027170,5b0fa12a-3dd7-45bb-9766-cc326314d9f1,10201.840721699991,0.0001439663356497,1.4111799975811368e-08,3.042759504900062,0.0,10.0,0.0084008337850017,0.0,0.0281633913552779,0.0365642251402797,0.0,Canada,CAN,quebec,,,Windows-11-10.0.26200-SP0,3.13.14,3.2.8,4,Intel(R) Core(TM) i5-6200U CPU @ 2.30GHz,0,,-71.2,46.8,7.897434234619141,machine,6.142534205829863,0,83.94985127900058,6.629901359886398,N,1.0,0.0
2026-10-07T17:15:07,codecarbon,cc8c5f8a-bbbf-4b03-a57b-ab84f9027170,5b0fa12a-3dd7-45bb-9766-cc326314d9f1,10217.412016599992,0.0001441579022404,1.4109042681869756e-08,3.0412341566002303,0.0,10.0,0.0084090189089312,0.0,0.0282038598552779,0.0366128787642091,0.0,Canada,CAN,quebec,,,Windows-11-10.0.26200-SP0,3.13.14,3.2.8,4,Intel(R) Core(TM) i5-6200U CPU @ 2.30GHz,0,,-71.2,46.8,7.897434234619141,machine,6.132805385072262,0,83.94591170065334,6.629590372264184,N,1.0,0.0
2026-10-07T17:15:23,codecarbon,cc8c5f8a-bbbf-4b03-a57b-ab84f9027170,5b0fa12a-3dd7-45bb-9766-cc326314d9f1,10232.96834929999,0.0001443470005355,1.4106073194826884e-08,3.0395085892522817,0.0,10.0,0.0084166189416043,0.0,0.0282442865547224,0.0366609054963267,0.0,Canada,CAN,quebec,,,Windows-11-10.0.26200-SP0,3.13.14,3.2.8,4,Intel(R) Core(TM) i5-6200U CPU @ 2.30GHz,0,,-71.2,46.8,7.897434234619141,machine,6.123712563012751,0,83.94210734407433,6.629289858777426,N,1.0,0.0
2026-10-07T17:15:38,codecarbon,cc8c5f8a-bbbf-4b03-a57b-ab84f9027170,5b0fa12a-3dd7-45bb-9766-cc326314d9f1,10248.526753699987,0.000144539640871,1.4103455486310853e-08,3.0381811386197115,0.0,10.0,0.0084251151543231,0.0,0.0282847166730557,0.0367098318273789,0.0,Canada,CAN,quebec,,,Windows-11-10.0.26200-SP0,3.13.14,3.2.8,4,Intel(R) Core(TM) i5-6200U CPU @ 2.30GHz,0,,-71.2,46.8,7.897434234619141,machine,6.114043225106089,0,83.93834007697622,6.628993648091226,N,1.0,0.0
2026-10-07T17:15:54,codecarbon,cc8c5f8a-bbbf-4b03-a57b-ab84f9027170,5b0fa12a-3dd7-45bb-9766-cc326314d9f1,10264.102232599997,0.0001447310861967,1.4100705830562018e-08,3.0366564852604383,0.0,10.0,0.0084332572982422,0.0,0.0283251973544446,0.0367584546526869,0.0,Canada,CAN,quebec,,,Windows-11-10.0.26200-SP0,3.13.14,3.2.8,4,Intel(R) Core(TM) i5-6200U CPU @ 2.30GHz,0,,-71.2,46.8,7.897434234619141,machine,6.11486007094994,0,83.9360662199448,6.628814844244993,N,1.0,0.0
2026-10-07T17:16:09,codecarbon,cc8c5f8a-bbbf-4b03-a57b-ab84f9027170,5b0fa12a-3dd7-45bb-9766-cc326314d9f1,10279.676460100003,0.0001449234231424,1.4098052959636663e-08,3.035632292996817,0.0,10.0,0.0084416343898047,0.0,0.0283656695397224,0.0368073039295272,0.0,Canada,CAN,quebec,,,Windows-11-10.0.26200-SP0,3.13.14,3.2.8,4,Intel(R) Core(TM) i5-6200U CPU @ 2.30GHz,0,,-71.2,46.8,7.897434234619141,machine,6.105834891272262,0,83.93295286824757,6.628568489204579,N,1.0,0.0
2026-10-07T17:16:25,codecarbon,cc8c5f8a-bbbf-4b03-a57b-ab84f9027170,5b0fa12a-3dd7-45bb-9766-cc326314d9f1,10295.257157999991,0.000145108853346,1.4094728389887665e-08,3.033544030915873,0.0,10.0,0.0084482457085558,0.0,0.0284061533400001,0.036854399048556,0.0,Canada,CAN,quebec,,,Windows-11-10.0.26200-SP0,3.13.14,3.2.8,4,Intel(R) Core(TM) i5-6200U CPU @ 2.30GHz,0,,-71.2,46.8,7.897434234619141,machine,6.096237351409765,0,83.92929560860595,6.628280186936551,N,1.0,0.0
2026-10-07T17:16:40,codecarbon,cc8c5f8a-bbbf-4b03-a57b-ab84f9027170,5b0fa12a-3dd7-45bb-9766-cc326314d9f1,10310.8173676,0.0001452938530124,1.4091400112376556e-08,3.031397047762027,0.0,10.0,0.0084548153149443,0.0,0.0284465695058335,0.0369013848207779,0.0,Canada,CAN,quebec,,,Windows-11-10.0.26200-SP0,3.13.14,3.2.8,4,Intel(R) Core(TM) i5-6200U CPU @ 2.30GHz,0,,-71.2,46.8,7.897434234619141,machine,6.087267019815577,0,83.92577987051207,6.628001995359844,N,1.0,0.0
2026-10-07T17:16:56,codecarbon,cc8c5f8a-bbbf-4b03-a57b-ab84f9027170,5b0fa12a-3dd7-45bb-9766-cc326314d9f1,10326.3761143,0.0001454784168728,1.4088041657848225e-08,3.0292376424958727,0.0,10.0,0.0084612714127419,0.0,0.0284869884952779,0.0369482599080199,0.0,Canada,CAN,quebec,,,Windows-11-10.0.26200-SP0,3.13.14,3.2.8,4,Intel(R) Core(TM) i5-6200U CPU @ 2.30GHz,0,,-71.2,46.8,7.897434234619141,machine,6.0777277179236044,0,83.92215475024486,6.627714179148287,N,1.0,0.0
2026-10-07T17:17:12,codecarbon,cc8c5f8a-bbbf-4b03-a57b-ab84f9027170,5b0fa12a-3dd7-45bb-9766-cc326314d9f1,10341.93593739999,0.0001456639046238,1.4084781176900353e-08,3.0275128967329,0.0,10.0,0.0084679569344399,0.0,0.0285274127083335,0.0369953696427734,0.0,Canada,CAN,quebec,,,Windows-11-10.0.26200-SP0,3.13.14,3.2.8,4,Intel(R) Core(TM) i5-6200U CPU @ 2.30GHz,0,,-71.2,46.8,7.897434234619141,machine,6.078591687041564,0,83.91829828850855,6.627408788256657,N,1.0,0.0
2026-10-07T17:17:27,codecarbon,cc8c5f8a-bbbf-4b03-a57b-ab84f9027170,5b0fa12a-3dd7-45bb-9766-cc326314d9f1,10357.4954288,0.0001458474363494,1.4081342092022326e-08,3.025354965926647,0.0,10.0,0.0084741479084198,0.0,0.0285678346825002,0.03704198259092,0.0,Canada,CAN,quebec,,,Windows-11-10.0.26200-SP0,3.13.14,3.2.8,4,Intel(R) Core(TM) i5-6200U CPU @ 2.30GHz,0,,-71.2,46.8,7.897434234619141,machine,6.0696875,0,83.914384765625,6.627102003991604,N,1.0,0.0
2026-10-07T17:17:43,codecarbon,cc8c5f8a-bbbf-4b03-a57b-ab84f9027170,5b0fa12a-3dd7-45bb-9766-cc326314d9f1,10373.055594399992,0.0001460307501679,1.4077891402299442e-08,3.023135164716571,0.0,10.0,0.0084802774488504,0.0,0.0286082627466668,0.0370885401955173,0.0,Canada,CAN,quebec,,,Windows-11-10.0.26200-SP0,3.13.14,3.2.8,4,Intel(R) Core(TM) i5-6200U CPU @ 2.30GHz,0,,-71.2,46.8,7.897434234619141,machine,6.0602184087363495,0,83.91023790951638,6.626776113153062,N,1.0,0.0
2026-10-07T17:17:58,codecarbon,cc8c5f8a-bbbf-4b03-a57b-ab84f9027170,5b0fa12a-3dd7-45bb-9766-cc326314d9f1,10388.6151215,0.0001462158609622,1.4074624890055504e-08,3.021092107817615,0.0,10.0,0.0084868663378369,0.0,0.0286486878538891,0.0371355541917261,0.0,Canada,CAN,quebec,,,Windows-11-10.0.26200-SP0,3.13.14,3.2.8,4,Intel(R) Core(TM) i5-6200U CPU @ 2.30GHz,0,,-71.2,46.8,7.897434234619141,machine,6.0513679291208256,0,83.90668873527407,6.626496071082431,N,1.0,0.0
2026-10-07T17:18:14,codecarbon,cc8c5f8a-bbbf-4b03-a57b-ab84f9027170,5b0fa12a-3dd7-45bb-9766-cc326314d9f1,10404.17505369999,0.0001465587292445,1.4086530502234564e-08,3.016987427398234,0.0,10.0,0.0084932046496899,0.0,0.0287294304072224,0.0372226350569124,0.0,Canada,CAN,quebec,,,Windows-11-10.0.26200-SP0,3.13.14,3.2.8,4,Intel(R) Core(TM) i5-6200U CPU @ 2.30GHz,0,,-71.2,46.8,7.897434234619141,machine,6.041955866627783,0,83.90269271896568,6.626179552453709,N,1.0,0.0
2026-10-07T17:18:29,codecarbon,cc8c5f8a-bbbf-4b03-a57b-ab84f9027170,5b0fa12a-3dd7-45bb-9766-cc326314d9f1,10419.737117199998,0.0001467424305105,1.4083122142147829e-08,3.014791157022741,0.0,10.0,0.0084994324117398,0.0,0.028769858652778,0.0372692910645178,0.0,Canada,CAN,quebec,,,Windows-11-10.0.26200-SP0,3.13.14,3.2.8,4,Intel(R) Core(TM) i5-6200U CPU @ 2.30GHz,0,,-71.2,46.8,7.897434234619141,machine,6.033158609978645,0,83.89905843525528,6.6258943180416745,N,1.0,0.0
2026-10-07T17:18:45,codecarbon,cc8c5f8a-bbbf-4b03-a57b-ab84f9027170,5b0fa12a-3dd7-45bb-9766-cc326314d9f1,10435.295178,0.0001469289390749,1.4079998367916977e-08,3.012977970868602,0.0,10.0,0.0085063821121904,0.0,0.0288102779508335,0.037316660063024,0.0,Canada,CAN,quebec,,,Windows-11-10.0.26200-SP0,3.13.14,3.2.8,4,Intel(R) Core(TM) i5-6200U CPU @ 2.30GHz,0,,-71.2,46.8,7.897434234619141,machine,6.023803062609033,0,83.89520255863539,6.625590290203416,N,1.0,0.0
2026-10-07T17:19:00,codecarbon,cc8c5f8a-bbbf-4b03-a57b-ab84f9027170,5b0fa12a-3dd7-45bb-9766-cc326314d9f1,10450.876418999993,0.0001471139440719,1.4076708801617741e-08,3.0110163659791267,0.0,10.0,0.0085128816535299,0.0,0.0288507655355557,0.0373636471890857,0.0,Canada,CAN,quebec,,,Windows-11-10.0.26200-SP0,3.13.14,3.2.8,4,Intel(R) Core(TM) i5-6200U CPU @ 2.30GHz,0,,-71.2,46.8,7.897434234619141,machine,6.015058550275815,0,83.89163843994967,6.625307058210492,N,1.0,0.0
2026-10-07T17:19:16,codecarbon,cc8c5f8a-bbbf-4b03-a57b-ab84f9027170,5b0fa12a-3dd7-45bb-9766-cc326314d9f1,10466.462318799997,0.000147299108494,1.4073437997234024e-08,3.009000370506962,0.0,10.0,0.0085194219980464,0.0,0.0288912528075002,0.0374106748055467,0.0,Canada,CAN,quebec,,,Windows-11-10.0.26200-SP0,3.13.14,3.2.8,4,Intel(R) Core(TM) i5-6200U CPU @ 2.30GHz,0,,-71.2,46.8,7.897434234619141,machine,6.006339389253962,0,83.88822960958639,6.62503553293919,N,1.0,0.0
2026-10-07T17:19:32,codecarbon,cc8c5f8a-bbbf-4b03-a57b-ab84f9027170,5b0fa12a-3dd7-45bb-9766-cc326314d9f1,10482.018723200004,0.0001474827935972,1.4070075382596508e-08,3.006848526774626,0.0,10.0,0.008525651504811,0.0,0.0289316752033335,0.0374573267081446,0.0,Canada,CAN,quebec,,,Windows-11-10.0.26200-SP0,3.13.14,3.2.8,4,Intel(R) Core(TM) i5-6200U CPU @ 2.30GHz,0,,-71.2,46.8,7.897434234619141,machine,5.997066769587032,0,83.88461018911617,6.624750901446385,N,1.0,0.0
2026-10-07T17:19:47,codecarbon,cc8c5f8a-bbbf-4b03-a57b-ab84f9027170,5b0fa12a-3dd7-45bb-9766-cc326314d9f1,10497.581131599987,0.000147666577812,1.4066724130151358e-08,3.004700591341933,0.0,10.0,0.0085319031881704,0.0,0.0289721005947224,0.0375040037828929,0.0,Canada,CAN,quebec,,,Windows-11-10.0.26200-SP0,3.13.14,3.2.8,4,Intel(R) Core(TM) i5-6200U CPU @ 2.30GHz,0,,-71.2,46.8,7.897434234619141,machine,5.988399653145775,0,83.88136622025243,6.624495679306058,N,1.0,0.0
2026-10-07T17:20:03,codecarbon,cc8c5f8a-bbbf-4b03-a57b-ab84f9027170,5b0fa12a-3dd7-45bb-9766-cc326314d9f1,10513.161287399998,0.0001478502510193,1.4063348499806342e-08,3.0025393590135154,0.0,10.0,0.0085380769066947,0.0,0.0290125757575002,0.0375506526641949,0.0,Canada,CAN,quebec,,,Windows-11-10.0.26200-SP0,3.13.14,3.2.8,4,Intel(R) Core(TM) i5-6200U CPU @ 2.30GHz,0,,-71.2,46.8,7.897434234619141,machine,5.979182299182299,0,83.87824915824916,6.624252627227328,N,1.0,0.0
2026-10-07T17:20:18,codecarbon,cc8c5f8a-bbbf-4b03-a57b-ab84f9027170,5b0fa12a-3dd7-45bb-9766-cc326314d9f1,10528.725271799996,0.0001480339129877,1.406000338751785e-08,3.000416422555084,0.0,10.0,0.0085443000371774,0.0,0.0290529986538891,0.0375972986910665,0.0,Canada,CAN,quebec,,,Windows-11-10.0.26200-SP0,3.13.14,3.2.8,4,Intel(R) Core(TM) i5-6200U CPU @ 2.30GHz,0,,-71.2,46.8,7.897434234619141,machine,5.975369836695485,0,83.87565802113352,6.624048931110833,N,1.0,0.0
2026-10-07T17:20:34,codecarbon,cc8c5f8a-bbbf-4b03-a57b-ab84f9027170,5b0fa12a-3dd7-45bb-9766-cc326314d9f1,10544.280677499992,0.0001482186670426,1.4056783158186114e-08,2.998420357646168,0.0,10.0,0.0085507975215182,0.0,0.0290934245619446,0.0376442220834628,0.0,Canada,CAN,quebec,,,Windows-11-10.0.26200-SP0,3.13.14,3.2.8,4,Intel(R) Core(TM) i5-6200U CPU @ 2.30GHz,0,,-71.2,46.8,7.897434234619141,machine,5.975791291003261,0,83.87295223479762,6.623836367687794,N,1.0,0.0
2026-10-07T17:20:49,codecarbon,cc8c5f8a-bbbf-4b03-a57b-ab84f9027170,5b0fa12a-3dd7-45bb-9766-cc326314d9f1,10559.849292400002,0.0001484031582698,1.4053529947310296e-08,2.9963784048300863,0.0,10.0,0.0085572124009942,0.0,0.0291338663225002,0.0376910787234944,0.0,Canada,CAN,quebec,,,Windows-11-10.0.26200-SP0,3.13.14,3.2.8,4,Intel(R) Core(TM) i5-6200U CPU @ 2.30GHz,0,,-71.2,46.8,7.897434234619141,machine,5.967206206302079,0,83.86744564696868,6.623401356136167,N,1.0,0.0
2026-10-07T17:21:05,codecarbon,cc8c5f8a-bbbf-4b03-a57b-ab84f9027170,5b0fa12a-3dd7-45bb-9766-cc326314d9f1,10575.4274973,0.0001485885022218,1.4050354206462174e-08,2.994393489533677,0.0,10.0,0.0085638144657051,0.0,0.0291743374708335,0.0377381519365386,0.0,Canada,CAN,quebec,,,Windows-11-10.0.26200-SP0,3.13.14,3.2.8,4,Intel(R) Core(TM) i5-6200U CPU @ 2.30GHz,0,,-71.2,46.8,7.897434234619141,machine,5.9586457536342765,0,83.86219395562357,6.62298795405288,N,1.0,0.0
2026-10-07T17:21:21,codecarbon,cc8c5f8a-bbbf-4b03-a57b-ab84f9027170,5b0fa12a-3dd7-45bb-9766-cc326314d9f1,10590.996351399996,0.0001487745214258,1.4047263967401148e-08,2.992503691674433,0.0,10.0,0.0085706210923766,0.0,0.0292147755561113,0.0377853966484879,0.0,Canada,CAN,quebec,,,Windows-11-10.0.26200-SP0,3.13.14,3.2.8,4,Intel(R) Core(TM) i5-6200U CPU @ 2.30GHz,0,,-71.2,46.8,7.897434234619141,machine,5.959090909090909,0,83.8567704354469,6.6225590545590185,N,1.0,0.0
2026-10-07T17:21:36,codecarbon,cc8c5f8a-bbbf-4b03-a57b-ab84f9027170,5b0fa12a-3dd7-45bb-9766-cc326314d9f1,10606.566313599991,0.0001489599107714,1.4044121949290878e-08,2.990546557521043,0.0,10.0,0.0085772497763085,0.0,0.0292552316141669,0.0378324813904754,0.0,Canada,CAN,quebec,,,Windows-11-10.0.26200-SP0,3.13.14,3.2.8,4,Intel(R) Core(TM) i5-6200U CPU @ 2.30GHz,0,,-71.2,46.8,7.897434234619141,machine,5.950567369123677,0,83.85189281968151,6.622174010281796,N,1.0,0.0
2026-10-07T17:21:52,codecarbon,cc8c5f8a-bbbf-4b03-a57b-ab84f9027170,5b0fa12a-3dd7-45bb-9766-cc326314d9f1,10622.151339499993,0.0001491440274199,1.4040849414876185e-08,2.9884691766856384,0.0,10.0,0.0085835215000845,0.0,0.0292957213958335,0.037879242895918,0.0,Canada,CAN,quebec,,,Windows-11-10.0.26200-SP0,3.13.14,3.2.8,4,Intel(R) Core(TM) i5-6200U CPU @ 2.30GHz,0,,-71.2,46.8,7.897434234619141,machine,5.941502427877749,0,83.84672950585546,6.621766494726279,N,1.0,0.0
2026-10-07T17:22:07,codecarbon,cc8c5f8a-bbbf-4b03-a57b-ab84f9027170,5b0fa12a-3dd7-45bb-9766-cc326314d9f1,10637.730182300002,0.0001493277503322,1.4037557615505166e-08,2.986369288604616,0.0,10.0,0.0085897110742348,0.0,0.0293361933269447,0.0379259044011795,0.0,Canada,CAN,quebec,,,Windows-11-10.0.26200-SP0,3.13.14,3.2.8,4,Intel(R) Core(TM) i5-6200U CPU @ 2.30GHz,0,,-71.2,46.8,7.897434234619141,machine,5.933029092983457,0,83.84208975090321,6.621400799763069,N,1.0,0.0
2026-10-07T17:22:23,codecarbon,cc8c5f8a-bbbf-4b03-a57b-ab84f9027170,5b0fa12a-3dd7-45bb-9766-cc326314d9f1,10653.312611,0.0001495116851019,1.4034290606248264e-08,2.984296103658372,0.0,10.0,0.0085959493876575,0.0,0.0293766703258336,0.0379726197134911,0.0,Canada,CAN,quebec,,,Windows-11-10.0.26200-SP0,3.13.14,3.2.8,4,Intel(R) Core(TM) i5-6200U CPU @ 2.30GHz,0,,-71.2,46.8,7.897434234619141,machine,5.924017467248908,0,83.83742168217202,6.621033886702526,N,1.0,0.0
2026-10-07T17:22:38,codecarbon,cc8c5f8a-bbbf-4b03-a57b-ab84f9027170,5b0fa12a-3dd7-45bb-9766-cc326314d9f1,10668.868208,0.0001496956241147,1.4031068825320297e-08,2.98224259319085,0.0,10.0,0.0086022390212038,0.0,0.0294170970822225,0.0380193361034263,0.0,Canada,CAN,quebec,,,Windows-11-10.0.26200-SP0,3.13.14,3.2.8,4,Intel(R) Core(TM) i5-6200U CPU @ 2.30GHz,0,,-71.2,46.8,7.897434234619141,machine,5.925073466679306,0,83.83343444876292,6.620720249949524,N,1.0,0.0
2026-10-07T17:22:54,codecarbon,cc8c5f8a-bbbf-4b03-a57b-ab84f9027170,5b0fa12a-3dd7-45bb-9766-cc326314d9f1,10684.437084499994,0.0001498879250082,1.4028621613181086e-08,2.9807971877526698,0.0,10.0,0.0086106275166074,0.0,0.0294575487072224,0.0380681762238299,0.0,Canada,CAN,quebec,,,Windows-11-10.0.26200-SP0,3.13.14,3.2.8,4,Intel(R) Core(TM) i5-6200U CPU @ 2.30GHz,0,,-71.2,46.8,7.897434234619141,machine,5.935592578568724,0,83.8296762589928,6.620422922269452,N,1.0,0.0
2026-10-07T17:23:10,codecarbon,cc8c5f8a-bbbf-4b03-a57b-ab84f9027170,5b0fa12a-3dd7-45bb-9766-cc326314d9f1,10699.998305200004,0.0001500735604085,1.402556861486748e-08,2.978950236010624,0.0,10.0,0.0086173511990384,0.0,0.0294979722591668,0.0381153234582053,0.0,Canada,CAN,quebec,,,Windows-11-10.0.26200-SP0,3.13.14,3.2.8,4,Intel(R) Core(TM) i5-6200U CPU @ 2.30GHz,0,,-71.2,46.8,7.897434234619141,machine,5.926616257088846,0,83.82565217391304,6.6201044796545245,N,1.0,0.0
2026-10-07T17:23:25,codecarbon,cc8c5f8a-bbbf-4b03-a57b-ab84f9027170,5b0fa12a-3dd7-45bb-9766-cc326314d9f1,10715.559517100002,0.0001502593618561,1.4022539991157694e-08,2.9771349634355366,0.0,10.0,0.0086241164868355,0.0,0.0295383963780557,0.0381625128648912,0.0,Canada,CAN,quebec,,,Windows-11-10.0.26200-SP0,3.13.14,3.2.8,4,Intel(R) Core(TM) i5-6200U CPU @ 2.30GHz,0,,-71.2,46.8,7.897434234619141,machine,5.918225578102879,0,83.82186880604058,6.619806456194558,N,1.0,0.0
2026-10-07T17:23:41,codecarbon,cc8c5f8a-bbbf-4b03-a57b-ab84f9027170,5b0fa12a-3dd7-45bb-9766-cc326314d9f1,10731.170182999997,0.0001504446078379,1.4019403780983226e-08,2.97527649602493,0.0,10.0,0.0086306011292998,0.0,0.029578960066389,0.0382095611956889,0.0,Canada,CAN,quebec,,,Windows-11-10.0.26200-SP0,3.13.14,3.2.8,4,Intel(R) Core(TM) i5-6200U CPU @ 2.30GHz,0,,-71.2,46.8,7.897434234619141,machine,5.909301668080294,0,83.81803788521346,6.619503248087278,N,1.0,0.0
2026-10-07T17:23:56,codecarbon,cc8c5f8a-bbbf-4b03-a57b-ab84f9027170,5b0fa12a-3dd7-45bb-9766-cc326314d9f1,10746.731092699993,0.0001506277808735,1.4016148685052476e-08,2.9731893070849496,0.0,10.0,0.0086366982626499,0.0,0.0296193847819446,0.0382560830445945,0.0,Canada,CAN,quebec,,,Windows-11-10.0.26200-SP0,3.13.14,3.2.8,4,Intel(R) Core(TM) i5-6200U CPU @ 2.30GHz,0,,-71.2,46.8,7.897434234619141,machine,5.900959909655562,0,83.8143704121965,6.619211146998895,N,1.0,0.0
2026-10-07T17:24:12,codecarbon,cc8c5f8a-bbbf-4b03-a57b-ab84f9027170,5b0fa12a-3dd7-45bb-9766-cc326314d9f1,10762.2980254,0.0001508113164655,1.4012928847506336e-08,2.9711631321310383,0.0,10.0,0.0086428716385934,0.0,0.0296598253361112,0.0383026969747046,0.0,Canada,CAN,quebec,,,Windows-11-10.0.26200-SP0,3.13.14,3.2.8,4,Intel(R) Core(TM) i5-6200U CPU @ 2.30GHz,0,,-71.2,46.8,7.897434234619141,machine,5.8926416690160695,0,83.81074147166619,6.618924165576397,N,1.0,0.0
2026-10-07T17:24:27,codecarbon,cc8c5f8a-bbbf-4b03-a57b-ab84f9027170,5b0fa12a-3dd7-45bb-9766-cc326314d9f1,10777.862834899992,0.0001509948618694,1.4009721981291873e-08,2.9691047684964773,0.0,10.0,0.0086490645681887,0.0,0.0297002488286112,0.0383493133967999,0.0,Canada,CAN,quebec,,,Windows-11-10.0.26200-SP0,3.13.14,3.2.8,4,Intel(R) Core(TM) i5-6200U CPU @ 2.30GHz,0,,-71.2,46.8,7.897434234619141,machine,5.883794688936849,0,83.80692502580463,6.618623001329154,N,1.0,0.0
2026-10-07T17:24:43,codecarbon,cc8c5f8a-bbbf-4b03-a57b-ab84f9027170,5b0fa12a-3dd7-45bb-9766-cc326314d9f1,10793.421987099997,0.000151178897912,1.4006577162714252e-08,2.96710496969244,0.0,10.0,0.0086553782984823,0.0,0.0297406761316667,0.038396054430149,0.0,Canada,CAN,quebec,,,Windows-11-10.0.26200-SP0,3.13.14,3.2.8,4,Intel(R) Core(TM) i5-6200U CPU @ 2.30GHz,0,,-71.2,46.8,7.897434234619141,machine,5.875524737631184,0,83.8037200149925,6.618367181903777,N,1.0,0.0
2026-10-07T17:24:59,codecarbon,cc8c5f8a-bbbf-4b03-a57b-ab84f9027170,5b0fa12a-3dd7-45bb-9766-cc326314d9f1,10808.982967499993,0.0001515247209891,1.4018406860730761e-08,2.9652743184774235,0.0,10.007082152974505,0.0086624953631555,0.0,0.029821390383889,0.0384838857470445,0.0,Canada,CAN,quebec,,,Windows-11-10.0.26200-SP0,3.13.14,3.2.8,4,Intel(R) Core(TM) i5-6200U CPU @ 2.30GHz,0,,-71.2,46.8,7.897434234619141,machine,5.866729041916168,0,83.8013379491018,6.618179921261564,N,1.0,0.0
2026-10-07T17:25:14,codecarbon,cc8c5f8a-bbbf-4b03-a57b-ab84f9027170,5b0fa12a-3dd7-45bb-9766-cc326314d9f1,10824.55848919999,0.0001519221885005,1.4034954742232328e-08,2.962418411173496,0.0,10.0,0.0086821517567533,0.0,0.0299026818369445,0.0385848335936979,0.0,Canada,CAN,quebec,,,Windows-11-10.0.26200-SP0,3.13.14,3.2.8,4,Intel(R) Core(TM) i5-6200U CPU @ 2.30GHz,0,,-71.2,46.8,7.897434234619141,machine,5.886536485097636,0,83.8004391292161,6.618108848650901,N,1.0,0.0
2026-10-07T17:25:30,codecarbon,cc8c5f8a-bbbf-4b03-a57b-ab84f9027170,5b0fa12a-3dd7-45bb-9766-cc326314d9f1,10840.14029489999,0.0001521356919914,1.4034476293908298e-08,2.9618968875115983,0.0,10.0,0.0086958800256453,0.0,0.0299431786733334,0.0386390586989788,0.0,Canada,CAN,quebec,,,Windows-11-10.0.26200-SP0,3.13.14,3.2.8,4,Intel(R) Core(TM) i5-6200U CPU @ 2.30GHz,0,,-71.2,46.8,7.897434234619141,machine,5.887628288859862,0,83.80178204888972,6.618213633277296,N,1.0,0.0
2026-10-07T17:25:45,codecarbon,cc8c5f8a-bbbf-4b03-a57b-ab84f9027170,5b0fa12a-3dd7-45bb-9766-cc326314d9f1,10855.719168999987,0.0001523383552446,1.4033004435088729e-08,2.9609866554346134,0.0,10.0,0.0087068640047297,0.0,0.0299836666219446,0.0386905306266743,0.0,Canada,CAN,quebec,,,Windows-11-10.0.26200-SP0,3.13.14,3.2.8,4,Intel(R) Core(TM) i5-6200U CPU @ 2.30GHz,0,,-71.2,46.8,7.897434234619141,machine,5.878852245202161,0,83.80211477547978,6.61823917656876,N,1.0,0.0
2026-10-07T17:26:01,codecarbon,cc8c5f8a-bbbf-4b03-a57b-ab84f9027170,5b0fa12a-3dd7-45bb-9766-cc326314d9f1,10871.326704099993,0.0001525258649058,1.4030105897597126e-08,2.959276248807788,0.0,10.0,0.0087139350244215,0.0,0.0300242188569446,0.0387381538813661,0.0,Canada,CAN,quebec,,,Windows-11-10.0.26200-SP0,3.13.14,3.2.8,4,Intel(R) Core(TM) i5-6200U CPU @ 2.30GHz,0,,-71.2,46.8,7.897434234619141,machine,5.870648432412318,0,83.80137687226718,6.61818028161754,N,1.0,0.0
2026-10-07T17:26:17,codecarbon,cc8c5f8a-bbbf-4b03-a57b-ab84f9027170,5b0fa12a-3dd7-45bb-9766-cc326314d9f1,10886.88852909999,0.0001527113025366,1.4027084242524306e-08,2.9574331311824777,0.0,10.0,0.0087205985717175,0.0,0.0300646523150001,0.0387852508867177,0.0,Canada,CAN,quebec,,,Windows-11-10.0.26200-SP0,3.13.14,3.2.8,4,Intel(R) Core(TM) i5-6200U CPU @ 2.30GHz,0,,-71.2,46.8,7.897434234619141,machine,5.861922898281468,0,83.79964700418022,6.6180422370510215,N,1.0,0.0
2026-10-07T17:26:32,codecarbon,cc8c5f8a-bbbf-4b03-a57b-ab84f9027170,5b0fa12a-3dd7-45bb-9766-cc326314d9f1,10902.48407369999,0.0001528959523529,1.4023955579240784e-08,2.955464858981075,0.0,10.0,0.0087269702117819,0.0,0.0301051775930557,0.0388321478048377,0.0,Canada,CAN,quebec,,,Windows-11-10.0.26200-SP0,3.13.14,3.2.8,4,Intel(R) Core(TM) i5-6200U CPU @ 2.30GHz,0,,-71.2,46.8,7.897434234619141,machine,5.853766233766233,0,83.7980426716141,6.617912990662074,N,1.0,0.0
2026-10-07T17:26:48,codecarbon,cc8c5f8a-bbbf-4b03-a57b-ab84f9027170,5b0fa12a-3dd7-45bb-9766-cc326314d9f1,10918.054613400003,0.000153080601184,1.4020867874775782e-08,2.953555749432209,0.0,10.0,0.0087334120363568,0.0,0.030145632436389,0.0388790444727458,0.0,Canada,CAN,quebec,,,Windows-11-10.0.26200-SP0,3.13.14,3.2.8,4,Intel(R) Core(TM) i5-6200U CPU @ 2.30GHz,0,,-71.2,46.8,7.897434234619141,machine,5.845090774360874,0,83.79634123749537,6.617777650910159,N,1.0,0.0
2026-10-07T17:27:03,codecarbon,cc8c5f8a-bbbf-4b03-a57b-ab84f9027170,5b0fa12a-3dd7-45bb-9766-cc326314d9f1,10933.617126600002,0.0001532644430426,1.4017725448770228e-08,2.9515892967429056,0.0,10.0,0.0087396714054796,0.0,0.0301860647822224,0.038925736187702,0.0,Canada,CAN,quebec,,,Windows-11-10.0.26200-SP0,3.13.14,3.2.8,4,Intel(R) Core(TM) i5-6200U CPU @ 2.30GHz,0,,-71.2,46.8,7.897434234619141,machine,5.836980852835075,0,83.79516233465914,6.617684826997766,N,1.0,0.0
2026-10-07T17:27:19,codecarbon,cc8c5f8a-bbbf-4b03-a57b-ab84f9027170,5b0fa12a-3dd7-45bb-9766-cc326314d9f1,10949.197886199996,0.0001534522785437,1.4014933343856794e-08,2.9499187078653826,0.0,10.0,0.0087468868792634,0.0,0.0302265553191668,0.0389734421984303,0.0,Canada,CAN,quebec,,,Windows-11-10.0.26200-SP0,3.13.14,3.2.8,4,Intel(R) Core(TM) i5-6200U CPU @ 2.30GHz,0,,-71.2,46.8,7.897434234619141,machine,5.8283550383301,0,83.79431975616514,6.617618279982508,N,1.0,0.0
2026-10-07T17:27:34,codecarbon,cc8c5f8a-bbbf-4b03-a57b-ab84f9027170,5b0fa12a-3dd7-45bb-9766-cc326314d9f1,10964.75892149999,0.0001536394405309,1.4012112954867257e-08,2.948196156365015,0.0,10.0,0.0087539934828008,0.0,0.030266983668889,0.0390209771516899,0.0,Canada,CAN,quebec,,,Windows-11-10.0.26200-SP0,3.13.14,3.2.8,4,Intel(R) Core(TM) i5-6200U CPU @ 2.30GHz,0,,-71.2,46.8,7.897434234619141,machine,5.829514849658734,0,83.79369120088545,6.617568604863893,N,1.0,0.0
2026-10-07T17:27:50,codecarbon,cc8c5f8a-bbbf-4b03-a57b-ab84f9027170,5b0fa12a-3dd7-45bb-9766-cc326314d9f1,10980.345405200002,0.0001538435779124,1.401081407143571e-08,2.9484148077511074,0.0,10.0,0.0087653333771607,0.0,0.0303074900977779,0.0390728234749387,0.0,Canada,CAN,quebec,,,Windows-11-10.0.26200-SP0,3.13.14,3.2.8,4,Intel(R) Core(TM) i5-6200U CPU @ 2.30GHz,0,,-71.2,46.8,7.897434234619141,machine,5.821460808694851,0,83.793515704154,6.617554553494748,N,1.0,0.0
2026-10-07T17:28:06,codecarbon,cc8c5f8a-bbbf-4b03-a57b-ab84f9027170,5b0fa12a-3dd7-45bb-9766-cc326314d9f1,10995.942812399995,0.0001540579009897,1.4010431267069486e-08,2.948772257918346,0.0,10.0,0.0087792307179496,0.0,0.0303480260188891,0.0391272567368387,0.0,Canada,CAN,quebec,,,Windows-11-10.0.26200-SP0,3.13.14,3.2.8,4,Intel(R) Core(TM) i5-6200U CPU @ 2.30GHz,0,,-71.2,46.8,7.897434234619141,machine,5.822091419111561,0,83.79570495723351,6.617725961727808,N,1.0,0.0
2026-10-07T17:28:21,codecarbon,cc8c5f8a-bbbf-4b03-a57b-ab84f9027170,5b0fa12a-3dd7-45bb-9766-cc326314d9f1,11011.533915299997,0.0001542473924676,1.4007802514538887e-08,2.9472608931609026,0.0,10.0,0.008786847286915,0.0,0.0303885360416668,0.0391753833285818,0.0,Canada,CAN,quebec,,,Windows-11-10.0.26200-SP0,3.13.14,3.2.8,4,Intel(R) Core(TM) i5-6200U CPU @ 2.30GHz,0,,-71.2,46.8,7.897434234619141,machine,5.823254959588538,0,83.79752020573108,6.617868154387015,N,1.0,0.0
2026-10-07T17:28:37,codecarbon,cc8c5f8a-bbbf-4b03-a57b-ab84f9027170,5b0fa12a-3dd7-45bb-9766-cc326314d9f1,11027.095426300002,0.0001544328886401,1.4004856462183653e-08,2.945461723763386,0.0,10.0,0.0087935394244375,0.0,0.0304289557777779,0.0392224952022155,0.0,Canada,CAN,quebec,,,Windows-11-10.0.26200-SP0,3.13.14,3.2.8,4,Intel(R) Core(TM) i5-6200U CPU @ 2.30GHz,0,,-71.2,46.8,7.897434234619141,machine,5.814710198092443,0,83.79904622157007,6.617989464533828,N,1.0,0.0
2026-10-07T17:28:52,codecarbon,cc8c5f8a-bbbf-4b03-a57b-ab84f9027170,5b0fa12a-3dd7-45bb-9766-cc326314d9f1,11042.675358599998,0.0001546220694249,1.400222902546655e-08,2.943987423352288,0.0,10.0,0.0088011033007142,0.0,0.0304694395841669,0.0392705428848811,0.0,Canada,CAN,quebec,,,Windows-11-10.0.26200-SP0,3.13.14,3.2.8,4,Intel(R) Core(TM) i5-6200U CPU @ 2.30GHz,0,,-71.2,46.8,7.897434234619141,machine,5.8067222273101935,0,83.79936807399946,6.618016311194131,N,1.0,0.0
2026-10-07T17:29:08,codecarbon,cc8c5f8a-bbbf-4b03-a57b-ab84f9027170,5b0fa12a-3dd7-45bb-9766-cc326314d9f1,11058.269156399998,0.000154811353566,1.3999600785306116e-08,2.942545076099248,0.0,10.0,0.0088086663915982,0.0,0.0305099504261113,0.0393186168177096,0.0,Canada,CAN,quebec,,,Windows-11-10.0.26200-SP0,3.13.14,3.2.8,4,Intel(R) Core(TM) i5-6200U CPU @ 2.30GHz,0,,-71.2,46.8,7.897434234619141,machine,5.798225880201189,0,83.79951531778691,6.618027949496716,N,1.0,0.0
2026-10-07T17:29:23,codecarbon,cc8c5f8a-bbbf-4b03-a57b-ab84f9027170,5b0fa12a-3dd7-45bb-9766-cc326314d9f1,11073.827725199995,0.0001549983918038,1.3996821663671696e-08,2.9408460898383497,0.0,10.0,0.0088157448719554,0.0,0.0305503754694446,0.0393661203414001,0.0,Canada,CAN,quebec,,,Windows-11-10.0.26200-SP0,3.13.14,3.2.8,4,Intel(R) Core(TM) i5-6200U CPU @ 2.30GHz,0,,-71.2,46.8,7.897434234619141,machine,5.790283105022831,0,83.79868493150684,6.617961718415561,N,1.0,0.0
2026-10-07T17:29:39,codecarbon,cc8c5f8a-bbbf-4b03-a57b-ab84f9027170,5b0fa12a-3dd7-45bb-9766-cc326314d9f1,11089.395931499996,0.0001551839681324,1.3993906349005177e-08,2.93913773878723,0.0,10.0,0.0088224342734532,0.0,0.0305908182994446,0.0394132525728978,0.0,Canada,CAN,quebec,,,Windows-11-10.0.26200-SP0,3.13.14,3.2.8,4,Intel(R) Core(TM) i5-6200U CPU @ 2.30GHz,0,,-71.2,46.8,7.897434234619141,machine,5.78183476199161,0,83.79798467991975,6.617908049212436,N,1.0,0.0
2026-10-07T17:29:55,codecarbon,cc8c5f8a-bbbf-4b03-a57b-ab84f9027170,5b0fa12a-3dd7-45bb-9766-cc326314d9f1,11104.9704163,0.0001553686115173,1.3990907286819593e-08,2.937246960886562,0.0,10.0,0.008828861198138,0.0,0.0306312866594446,0.0394601478575827,0.0,Canada,CAN,quebec,,,Windows-11-10.0.26200-SP0,3.13.14,3.2.8,4,Intel(R) Core(TM) i5-6200U CPU @ 2.30GHz,0,,-71.2,46.8,7.897434234619141,machine,5.773936799927147,0,83.79789636645114,6.617899710684132,N,1.0,0.0
2026-10-07T17:30:10,codecarbon,cc8c5f8a-bbbf-4b03-a57b-ab84f9027170,5b0fa12a-3dd7-45bb-9766-cc326314d9f1,11120.544947599992,0.0001555558128515,1.398814658674742e-08,2.935783896316002,0.0,10.0,0.0088359346332805,0.0,0.0306717581708335,0.039507692804114,0.0,Canada,CAN,quebec,,,Windows-11-10.0.26200-SP0,3.13.14,3.2.8,4,Intel(R) Core(TM) i5-6200U CPU @ 2.30GHz,0,,-71.2,46.8,7.897434234619141,machine,5.765536055287805,0,83.79757206510867,6.617875070997701,N,1.0,0.0
2026-10-07T17:30:26,codecarbon,cc8c5f8a-bbbf-4b03-a57b-ab84f9027170,5b0fa12a-3dd7-45bb-9766-cc326314d9f1,11136.109896199996,0.0001557417427515,1.3985291471012509e-08,2.934045459378197,0.0,10.0,0.0088427153592834,0.0,0.0307121994755558,0.0395549148348391,0.0,Canada,CAN,quebec,,,Windows-11-10.0.26200-SP0,3.13.14,3.2.8,4,Intel(R) Core(TM) i5-6200U CPU @ 2.30GHz,0,,-71.2,46.8,7.897434234619141,machine,5.7667635306937886,0,83.79709407918634,6.617837289961909,N,1.0,0.0
2026-10-07T17:30:41,codecarbon,cc8c5f8a-bbbf-4b03-a57b-ab84f9027170,5b0fa12a-3dd7-45bb-9766-cc326314d9f1,11151.683919999996,0.0001559398440711,1.3983524388772228e-08,2.9338148789220986,0.0,10.0,0.0088525627168911,0.0,0.0307526654166669,0.039605228133558,0.0,Canada,CAN,quebec,,,Windows-11-10.0.26200-SP0,3.13.14,3.2.8,4,Intel(R) Core(TM) i5-6200U CPU @ 2.30GHz,0,,-71.2,46.8,7.897434234619141,machine,5.767987666636437,0,83.79650856987395,6.617790375074126,N,1.0,0.0
2026-10-07T17:30:57,codecarbon,cc8c5f8a-bbbf-4b03-a57b-ab84f9027170,5b0fa12a-3dd7-45bb-9766-cc326314d9f1,11167.338192299998,0.0001561401162239,1.3981856153654408e-08,2.9332349571773464,0.0,10.0,0.0088627468902773,0.0,0.0307933458850002,0.0396560927752775,0.0,Canada,CAN,quebec,,,Windows-11-10.0.26200-SP0,3.13.14,3.2.8,4,Intel(R) Core(TM) i5-6200U CPU @ 2.30GHz,0,,-71.2,46.8,7.897434234619141,machine,5.759630535180658,0,83.7962147967038,6.617766276246168,N,1.0,0.0
2026-10-07T17:31:13,codecarbon,cc8c5f8a-bbbf-4b03-a57b-ab84f9027170,5b0fa12a-3dd7-45bb-9766-cc326314d9f1,11182.918072699991,0.0001563375486054,1.3980031650875698e-08,2.933531693584309,0.0,10.0,0.0088723992145407,0.0,0.0308338369641669,0.0397062361787076,0.0,Canada,CAN,quebec,,,Windows-11-10.0.26200-SP0,3.13.14,3.2.8,4,Intel(R) Core(TM) i5-6200U CPU @ 2.30GHz,0,,-71.2,46.8,7.897434234619141,machine,5.751817688551275,0,83.79553264604812,6.617711984307022,N,1.0,0.0
2026-10-07T17:31:28,codecarbon,cc8c5f8a-bbbf-4b03-a57b-ab84f9027170,5b0fa12a-3dd7-45bb-9766-cc326314d9f1,11198.490585499996,0.0001565393744406,1.3978613746688148e-08,2.932584862433272,0.0,10.0,0.0088831883520684,0.0,0.0308743070688891,0.0397574954209575,0.0,Canada,CAN,quebec,,,Windows-11-10.0.26200-SP0,3.13.14,3.2.8,4,Intel(R) Core(TM) i5-6200U CPU @ 2.30GHz,0,,-71.2,46.8,7.897434234619141,machine,5.752537475167058,0,83.79661368972367,6.6177981092285245,N,1.0,0.0
2026-10-07T17:31:44,codecarbon,cc8c5f8a-bbbf-4b03-a57b-ab84f9027170,5b0fa12a-3dd7-45bb-9766-cc326314d9f1,11214.0737542,0.0001567254075285,1.39757782019113e-08,2.931301543301178,0.0,10.0,0.0088899485182658,0.0,0.0309147951408336,0.0398047436590994,0.0,Canada,CAN,quebec,,,Windows-11-10.0.26200-SP0,3.13.14,3.2.8,4,Intel(R) Core(TM) i5-6200U CPU @ 2.30GHz,0,,-71.2,46.8,7.897434234619141,machine,5.744756064568491,0,83.79643791144377,6.617785102650906,N,1.0,0.0
2026-10-07T17:31:59,codecarbon,cc8c5f8a-bbbf-4b03-a57b-ab84f9027170,5b0fa12a-3dd7-45bb-9766-cc326314d9f1,11229.652542199998,0.0001570687867967,1.3986967647177417e-08,2.929553636303494,0.0,10.006816632583504,0.008896385001609,0.0,0.0309955693016669,0.0398919543032759,0.0,Canada,CAN,quebec,,,Windows-11-10.0.26200-SP0,3.13.14,3.2.8,4,Intel(R) Core(TM) i5-6200U CPU @ 2.30GHz,0,,-71.2,46.8,7.897434234619141,machine,5.740981539846915,0,83.79608284556507,6.617759798712045,N,1.0,0.0
2026-10-07T17:32:15,codecarbon,cc8c5f8a-bbbf-4b03-a57b-ab84f9027170,5b0fa12a-3dd7-45bb-9766-cc326314d9f1,11245.2387171,0.0001572572026689,1.3984336537897246e-08,2.925853470726141,0.0,10.0,0.0089037743099585,0.0,0.0310360334052781,0.0399398077152366,0.0,Canada,CAN,quebec,,,Windows-11-10.0.26200-SP0,3.13.14,3.2.8,4,Intel(R) Core(TM) i5-6200U CPU @ 2.30GHz,0,,-71.2,46.8,7.897434234619141,machine,5.733237410071943,0,83.7958273381295,6.617740040717365,N,1.0,0.0
2026-10-07T17:32:30,codecarbon,cc8c5f8a-bbbf-4b03-a57b-ab84f9027170,5b0fa12a-3dd7-45bb-9766-cc326314d9f1,11260.852303099991,0.0001574445150725,1.3981580686321388e-08,2.924117566330453,0.0,10.0,0.0089107812111876,0.0,0.0310765996597225,0.0399873808709101,0.0,Canada,CAN,quebec,,,Windows-11-10.0.26200-SP0,3.13.14,3.2.8,4,Intel(R) Core(TM) i5-6200U CPU @ 2.30GHz,0,,-71.2,46.8,7.897434234619141,machine,5.725,0,83.79589619252873,6.617745187775842,N,1.0,0.0
2026-10-07T17:32:46,codecarbon,cc8c5f8a-bbbf-4b03-a57b-ab84f9027170,5b0fa12a-3dd7-45bb-9766-cc326314d9f1,11276.420079000003,0.0001576315892201,1.3978868126219761e-08,2.922373176319441,0.0,10.0,0.0089178398382373,0.0,0.0311170536766669,0.0400348935149042,0.0,Canada,CAN,quebec,,,Windows-11-10.0.26200-SP0,3.13.14,3.2.8,4,Intel(R) Core(TM) i5-6200U CPU @ 2.30GHz,0,,-71.2,46.8,7.897434234619141,machine,5.726266702537889,0,83.79620661824052,6.61776913853357,N,1.0,0.0
2026-10-07T17:33:02,codecarbon,cc8c5f8a-bbbf-4b03-a57b-ab84f9027170,5b0fa12a-3dd7-45bb-9766-cc326314d9f1,11291.982237399992,0.00015782479743,1.3976713221109703e-08,2.9216657145511515,0.0,10.0,0.0089264718499789,0.0,0.0311574922233336,0.0400839640733125,0.0,Canada,CAN,quebec,,,Windows-11-10.0.26200-SP0,3.13.14,3.2.8,4,Intel(R) Core(TM) i5-6200U CPU @ 2.30GHz,0,,-71.2,46.8,7.897434234619141,machine,5.727530001791152,0,83.79665054630128,6.617803452327946,N,1.0,0.0
2026-10-07T17:33:17,codecarbon,cc8c5f8a-bbbf-4b03-a57b-ab84f9027170,5b0fa12a-3dd7-45bb-9766-cc326314d9f1,11307.633972999987,0.0001580218295808,1.3974791716653873e-08,2.920523603665064,0.0,10.0,0.0089358319968257,0.0,0.031198173830278,0.0401340058271038,0.0,Canada,CAN,quebec,,,Windows-11-10.0.26200-SP0,3.13.14,3.2.8,4,Intel(R) Core(TM) i5-6200U CPU @ 2.30GHz,0,,-71.2,46.8,7.897434234619141,machine,5.719334644965122,0,83.79766589161152,6.617882363379609,N,1.0,0.0
2026-10-07T17:33:33,codecarbon,cc8c5f8a-bbbf-4b03-a57b-ab84f9027170,5b0fa12a-3dd7-45bb-9766-cc326314d9f1,11323.205637199992,0.0001582150167489,1.3972634766004925e-08,2.9199867963228385,0.0,10.0,0.0089444545908414,0.0,0.0312386164505558,0.0401830710413972,0.0,Canada,CAN,quebec,,,Windows-11-10.0.26200-SP0,3.13.14,3.2.8,4,Intel(R) Core(TM) i5-6200U CPU @ 2.30GHz,0,,-71.2,46.8,7.897434234619141,machine,5.720603733142806,0,83.79842815039743,6.617943044452781,N,1.0,0.0
2026-10-07T17:33:48,codecarbon,cc8c5f8a-bbbf-4b03-a57b-ab84f9027170,5b0fa12a-3dd7-45bb-9766-cc326314d9f1,11338.829291599992,0.0001584197425393,1.3971437303203624e-08,2.919254143453857,0.0,10.0,0.0089558540506624,0.0,0.0312792127566669,0.0402350668073293,0.0,Canada,CAN,quebec,,,Windows-11-10.0.26200-SP0,3.13.14,3.2.8,4,Intel(R) Core(TM) i5-6200U CPU @ 2.30GHz,0,,-71.2,46.8,7.897434234619141,machine,5.730277356639615,0,83.79962543476321,6.618039031399994,N,1.0,0.0
2026-10-07T17:34:04,codecarbon,cc8c5f8a-bbbf-4b03-a57b-ab84f9027170,5b0fa12a-3dd7-45bb-9766-cc326314d9f1,11354.412152799996,0.0001586039677928,1.3968487814116916e-08,2.9174059830365,0.0,10.0,0.0089621605485155,0.0,0.0313196953475003,0.0402818558960158,0.0,Canada,CAN,quebec,,,Windows-11-10.0.26200-SP0,3.13.14,3.2.8,4,Intel(R) Core(TM) i5-6200U CPU @ 2.30GHz,0,,-71.2,46.8,7.897434234619141,machine,5.722622016387603,0,83.80057000356253,6.618112799192945,N,1.0,0.0
2026-10-07T17:34:20,codecarbon,cc8c5f8a-bbbf-4b03-a57b-ab84f9027170,5b0fa12a-3dd7-45bb-9766-cc326314d9f1,11369.998704500002,0.0001587883923744,1.3965559407808932e-08,2.915571035513452,0.0,10.0,0.0089685007126128,0.0,0.0313601948969447,0.0403286956095575,0.0,Canada,CAN,quebec,,,Windows-11-10.0.26200-SP0,3.13.14,3.2.8,4,Intel(R) Core(TM) i5-6200U CPU @ 2.30GHz,0,,-71.2,46.8,7.897434234619141,machine,5.714478833155461,0,83.80141408751334,6.61818063322737,N,1.0,0.0
2026-10-07T17:34:35,codecarbon,cc8c5f8a-bbbf-4b03-a57b-ab84f9027170,5b0fa12a-3dd7-45bb-9766-cc326314d9f1,11385.56662079999,0.0001589731039009,1.3962687075278472e-08,2.9137789818042554,0.0,10.0,0.0089749764443146,0.0,0.0314006317563892,0.0403756082007038,0.0,Canada,CAN,quebec,,,Windows-11-10.0.26200-SP0,3.13.14,3.2.8,4,Intel(R) Core(TM) i5-6200U CPU @ 2.30GHz,0,,-71.2,46.8,7.897434234619141,machine,5.706865618616218,0,83.80143884892087,6.618183457858821,N,1.0,0.0
2026-10-07T17:34:51,codecarbon,cc8c5f8a-bbbf-4b03-a57b-ab84f9027170,5b0fa12a-3dd7-45bb-9766-cc326314d9f1,11401.127401499994,0.0001591594838821,1.3959977665121192e-08,2.912161862084116,0.0,10.0,0.0089818779622348,0.0,0.0314410665797225,0.0404229445419573,0.0,Canada,CAN,quebec,,,Windows-11-10.0.26200-SP0,3.13.14,3.2.8,4,Intel(R) Core(TM) i5-6200U CPU @ 2.30GHz,0,,-71.2,46.8,7.897434234619141,machine,5.699272662763882,0,83.8012151853823,6.6181661464737855,N,1.0,0.0
2026-10-07T17:35:06,codecarbon,cc8c5f8a-bbbf-4b03-a57b-ab84f9027170,5b0fa12a-3dd7-45bb-9766-cc326314d9f1,11416.6907947,0.0001593446008541,1.395716181856593e-08,2.910434013030057,0.0,10.0,0.0089884566246698,0.0,0.0314815034825002,0.04046996010717,0.0,Canada,CAN,quebec,,,Windows-11-10.0.26200-SP0,3.13.14,3.2.8,4,Intel(R) Core(TM) i5-6200U CPU @ 2.30GHz,0,,-71.2,46.8,7.897434234619141,machine,5.691195748449956,0,83.80023914968999,6.6180893718087646,N,1.0,0.0
2026-10-07T17:35:22,codecarbon,cc8c5f8a-bbbf-4b03-a57b-ab84f9027170,5b0fa12a-3dd7-45bb-9766-cc326314d9f1,11432.252800999997,0.0001595320036067,1.3954555273022368e-08,2.908907615167065,0.0,10.0,0.0089956222033388,0.0,0.0315219340061113,0.0405175562094502,0.0,Canada,CAN,quebec,,,Windows-11-10.0.26200-SP0,3.13.14,3.2.8,4,Intel(R) Core(TM) i5-6200U CPU @ 2.30GHz,0,,-71.2,46.8,7.897434234619141,machine,5.683644405130473,0,83.79920389208316,6.618007953480143,N,1.0,0.0
2026-10-07T17:35:37,codecarbon,cc8c5f8a-bbbf-4b03-a57b-ab84f9027170,5b0fa12a-3dd7-45bb-9766-cc326314d9f1,11447.8703082,0.0001597218729028,1.3952103631750469e-08,2.9075324557483926,0.0,10.0,0.0090032625816137,0.0,0.0315625161769447,0.0405657787585584,0.0,Canada,CAN,quebec,,,Windows-11-10.0.26200-SP0,3.13.14,3.2.8,4,Intel(R) Core(TM) i5-6200U CPU @ 2.30GHz,0,,-71.2,46.8,7.897434234619141,machine,5.67561169507994,0,83.7981627064747,6.617927132431205,N,1.0,0.0
2026-10-07T17:35:53,codecarbon,cc8c5f8a-bbbf-4b03-a57b-ab84f9027170,5b0fa12a-3dd7-45bb-9766-cc326314d9f1,11463.437626999992,0.0001599076394273,1.3949361843320694e-08,2.905884649522302,0.0,10.0,0.009009995400836,0.0,0.0316029638947224,0.0406129592955584,0.0,Canada,CAN,quebec,,,Windows-11-10.0.26200-SP0,3.13.14,3.2.8,4,Intel(R) Core(TM) i5-6200U CPU @ 2.30GHz,0,,-71.2,46.8,7.897434234619141,machine,5.668101623147495,0,83.79740649258999,6.617867254083562,N,1.0,0.0
2026-10-07T17:36:09,codecarbon,cc8c5f8a-bbbf-4b03-a57b-ab84f9027170,5b0fa12a-3dd7-45bb-9766-cc326314d9f1,11479.018880699994,0.0001600923665667,1.3946520014517246e-08,2.9041237555673223,0.0,10.0,0.0090164275120017,0.0,0.0316434483400002,0.0406598758520019,0.0,Canada,CAN,quebec,,,Windows-11-10.0.26200-SP0,3.13.14,3.2.8,4,Intel(R) Core(TM) i5-6200U CPU @ 2.30GHz,0,,-71.2,46.8,7.897434234619141,machine,5.660112755461593,0,83.79671423537702,6.617813339865149,N,1.0,0.0
2026-10-07T17:36:24,codecarbon,cc8c5f8a-bbbf-4b03-a57b-ab84f9027170,5b0fa12a-3dd7-45bb-9766-cc326314d9f1,11494.6059617,0.0001602774578695,1.39437105024356e-08,2.9024221859463024,0.0,10.0,0.0090229405100329,0.0,0.031683944387778,0.0407068848978109,0.0,Canada,CAN,quebec,,,Windows-11-10.0.26200-SP0,3.13.14,3.2.8,4,Intel(R) Core(TM) i5-6200U CPU @ 2.30GHz,0,,-71.2,46.8,7.897434234619141,machine,5.652643617489223,0,83.79580364212194,6.617741494251344,N,1.0,0.0
2026-10-07T17:36:40,codecarbon,cc8c5f8a-bbbf-4b03-a57b-ab84f9027170,5b0fa12a-3dd7-45bb-9766-cc326314d9f1,11510.200862600002,0.0001604690878361,1.3941467203892564e-08,2.9011172154624143,0.0,10.0,0.0090311079619656,0.0,0.0317244466558335,0.0407555546177991,0.0,Canada,CAN,quebec,,,Windows-11-10.0.26200-SP0,3.13.14,3.2.8,4,Intel(R) Core(TM) i5-6200U CPU @ 2.30GHz,0,,-71.2,46.8,7.897434234619141,machine,5.644698234208908,0,83.79525608363349,6.617699353418231,N,1.0,0.0
2026-10-07T17:36:55,codecarbon,cc8c5f8a-bbbf-4b03-a57b-ab84f9027170,5b0fa12a-3dd7-45bb-9766-cc326314d9f1,11525.843422499996,0.0001607083994418,1.3943309270380363e-08,2.9032996898062065,0.0,10.0,0.0090512117060152,0.0,0.0317651227002779,0.0408163344062932,0.0,Canada,CAN,quebec,,,Windows-11-10.0.26200-SP0,3.13.14,3.2.8,4,Intel(R) Core(TM) i5-6200U CPU @ 2.30GHz,0,,-71.2,46.8,7.897434234619141,machine,5.65481663449728,0,83.79744692051237,6.617872232804279,N,1.0,0.0
2026-10-07T17:37:11,codecarbon,cc8c5f8a-bbbf-4b03-a57b-ab84f9027170,5b0fa12a-3dd7-45bb-9766-cc326314d9f1,11541.550290300002,0.0001609948422004,1.3949152249998244e-08,2.9089448088892778,0.0,10.0,0.0090833947470914,0.0,0.0318056897050002,0.0408890844520916,0.0,Canada,CAN,quebec,,,Windows-11-10.0.26200-SP0,3.13.14,3.2.8,4,Intel(R) Core(TM) i5-6200U CPU @ 2.30GHz,0,,-71.2,46.8,7.897434234619141,machine,5.681934466444717,0,83.80108638514105,6.618160746447234,N,1.0,0.0
2026-10-07T17:37:27,codecarbon,cc8c5f8a-bbbf-4b03-a57b-ab84f9027170,5b0fa12a-3dd7-45bb-9766-cc326314d9f1,11557.4301326,0.0001613880065743,1.3964004516806384e-08,2.9242808655200663,0.0,10.0,0.0091419339795643,0.0,0.0318470054186113,0.0409889393981756,0.0,Canada,CAN,quebec,,,Windows-11-10.0.26200-SP0,3.13.14,3.2.8,4,Intel(R) Core(TM) i5-6200U CPU @ 2.30GHz,0,,-71.2,46.8,7.897434234619141,machine,5.744474582203168,0,83.80706973488495,6.618635091999403,N,1.0,0.0
2026-10-07T17:37:43,codecarbon,cc8c5f8a-bbbf-4b03-a57b-ab84f9027170,5b0fa12a-3dd7-45bb-9766-cc326314d9f1,11573.210148999991,0.0001617826970224,1.3979068464115432e-08,2.939892184687344,0.0,10.0,0.0092014351718369,0.0,0.0318877467611113,0.0410891819329482,0.0,Canada,CAN,quebec,,,Windows-11-10.0.26200-SP0,3.13.14,3.2.8,4,Intel(R) Core(TM) i5-6200U CPU @ 2.30GHz,0,,-71.2,46.8,7.897434234619141,machine,5.79811254806012,0,83.81938133519748,6.619605452395202,N,1.0,0.0
2026-10-07T17:37:59,codecarbon,cc8c5f8a-bbbf-4b03-a57b-ab84f9027170,5b0fa12a-3dd7-45bb-9766-cc326314d9f1,11588.9214527,0.0001621392672319,1.39908849925131e-08,2.9538815313210467,0.0,10.0,0.0092513973138617,0.0,0.0319283454669446,0.0411797427808063,0.0,Canada,CAN,quebec,,,Windows-11-10.0.26200-SP0,3.13.14,3.2.8,4,Intel(R) Core(TM) i5-6200U CPU @ 2.30GHz,0,,-71.2,46.8,7.897434234619141,machine,5.816195462478185,0,83.83902268760907,6.621156145265589,N,1.0,0.0
2026-10-07T17:38:14,codecarbon,cc8c5f8a-bbbf-4b03-a57b-ab84f9027170,5b0fa12a-3dd7-45bb-9766-cc326314d9f1,11604.692720099993,0.000162643494512,1.4015321080436934e-08,2.9672587639160057,0.0,10.006596306068602,0.009299536990578,0.0,0.0320082682272224,0.0413078052178004,0.0,Canada,CAN,quebec,,,Windows-11-10.0.26200-SP0,3.13.14,3.2.8,4,Intel(R) Core(TM) i5-6200U CPU @ 2.30GHz,0,,-71.2,46.8,7.897434234619141,machine,5.86088017429194,0,83.85390849673202,6.622331050299351,N,1.0,0.0
2026-10-07T17:38:30,codecarbon,cc8c5f8a-bbbf-4b03-a57b-ab84f9027170,5b0fa12a-3dd7-45bb-9766-cc326314d9f1,11620.341749500005,0.0001631319231059,1.4038478955489851e-08,2.9683294963070743,0.0,10.0,0.0093419800081758,0.0,0.0320898751341668,0.0414318551423427,0.0,Canada,CAN,quebec,,,Windows-11-10.0.26200-SP0,3.13.14,3.2.8,4,Intel(R) Core(TM) i5-6200U CPU @ 2.30GHz,0,,-71.2,46.8,7.897434234619141,machine,5.888041775456919,0,83.86685813751087,6.623354172934855,N,1.0,0.0
2026-10-07T17:38:46,codecarbon,cc8c5f8a-bbbf-4b03-a57b-ab84f9027170,5b0fa12a-3dd7-45bb-9766-cc326314d9f1,11636.00930379999,0.0001634456308378,1.4046536623553661e-08,2.980450790536372,0.0,10.0,0.009380934900225,0.0,0.0321305949805557,0.0415115298807807,0.0,Canada,CAN,quebec,,,Windows-11-10.0.26200-SP0,3.13.14,3.2.8,4,Intel(R) Core(TM) i5-6200U CPU @ 2.30GHz,0,,-71.2,46.8,7.897434234619141,machine,5.905927342256215,0,83.8784547192769,6.624269555096997,N,1.0,0.0
2026-10-07T17:39:01,codecarbon,cc8c5f8a-bbbf-4b03-a57b-ab84f9027170,5b0fa12a-3dd7-45bb-9766-cc326314d9f1,11651.632727899996,0.0001637169864969,1.4050990991584604e-08,2.9830244432789605,0.0,10.0,0.0094092545295462,0.0,0.0321711936116667,0.041580448141213,0.0,Canada,CAN,quebec,,,Windows-11-10.0.26200-SP0,3.13.14,3.2.8,4,Intel(R) Core(TM) i5-6200U CPU @ 2.30GHz,0,,-71.2,46.8,7.897434234619141,machine,5.9069178022741085,0,83.87961114486589,6.624361229754086,N,1.0,0.0
2026-10-07T17:39:17,codecarbon,cc8c5f8a-bbbf-4b03-a57b-ab84f9027170,5b0fa12a-3dd7-45bb-9766-cc326314d9f1,11667.24128029999,0.0001639330795921,1.4050714787992522e-08,2.98300827326623,0.0,10.0,0.0094235768635646,0.0,0.0322117540844446,0.0416353309480092,0.0,Canada,CAN,quebec,,,Windows-11-10.0.26200-SP0,3.13.14,3.2.8,4,Intel(R) Core(TM) i5-6200U CPU @ 2.30GHz,0,,-71.2,46.8,7.897434234619141,machine,5.899237170596394,0,83.87938626907074,6.624344401485216,N,1.0,0.0
2026-10-07T17:39:32,codecarbon,cc8c5f8a-bbbf-4b03-a57b-ab84f9027170,5b0fa12a-3dd7-45bb-9766-cc326314d9f1,11682.87060509999,0.0001641234022483,1.4048208509366833e-08,2.981511353846572,0.0,10.0,0.0094312971037587,0.0,0.0322523715366668,0.0416836686404255,0.0,Canada,CAN,quebec,,,Windows-11-10.0.26200-SP0,3.13.14,3.2.8,4,Intel(R) Core(TM) i5-6200U CPU @ 2.30GHz,0,,-71.2,46.8,7.897434234619141,machine,5.891066481994461,0,83.87936288088643,6.624342854333386,N,1.0,0.0
2026-10-07T17:39:48,codecarbon,cc8c5f8a-bbbf-4b03-a57b-ab84f9027170,5b0fa12a-3dd7-45bb-9766-cc326314d9f1,11698.471657200003,0.0001643201533432,1.4046292384020104e-08,2.980444398760718,0.0,10.0,0.0094407288089475,0.0,0.0322929102033335,0.041733639012281,0.0,Canada,CAN,quebec,,,Windows-11-10.0.26200-SP0,3.13.14,3.2.8,4,Intel(R) Core(TM) i5-6200U CPU @ 2.30GHz,0,,-71.2,46.8,7.897434234619141,machine,5.883426990576641,0,83.87981326186565,6.624378135419298,N,1.0,0.0
2026-10-07T17:40:04,codecarbon,cc8c5f8a-bbbf-4b03-a57b-ab84f9027170,5b0fa12a-3dd7-45bb-9766-cc326314d9f1,11714.081376899994,0.0001645322502311,1.4045681000272086e-08,2.9813000826438723,0.0,10.0,0.0094540396308189,0.0,0.0323334672411113,0.0417875068719302,0.0,Canada,CAN,quebec,,,Windows-11-10.0.26200-SP0,3.13.14,3.2.8,4,Intel(R) Core(TM) i5-6200U CPU @ 2.30GHz,0,,-71.2,46.8,7.897434234619141,machine,5.883933350600018,0,83.87894327894328,6.6243090639046045,N,1.0,0.0
2026-10-07T17:40:19,codecarbon,cc8c5f8a-bbbf-4b03-a57b-ab84f9027170,5b0fa12a-3dd7-45bb-9766-cc326314d9f1,11729.700368799997,0.000164753644235,1.4045852754538686e-08,2.981891125412993,0.0,10.0,0.0094696769458085,0.0,0.0323740590450002,0.0418437359908087,0.0,Canada,CAN,quebec,,,Windows-11-10.0.26200-SP0,3.13.14,3.2.8,4,Intel(R) Core(TM) i5-6200U CPU @ 2.30GHz,0,,-71.2,46.8,7.897434234619141,machine,5.902190032764271,0,83.87885842386618,6.62430245902214,N,1.0,0.0
2026-10-07T17:40:35,codecarbon,cc8c5f8a-bbbf-4b03-a57b-ab84f9027170,5b0fa12a-3dd7-45bb-9766-cc326314d9f1,11745.295381699994,0.0001649457427254,1.4043558494276176e-08,2.9806041495206874,0.0,10.0,0.0094779566845146,0.0,0.0324145680208335,0.0418925247053481,0.0,Canada,CAN,quebec,,,Windows-11-10.0.26200-SP0,3.13.14,3.2.8,4,Intel(R) Core(TM) i5-6200U CPU @ 2.30GHz,0,,-71.2,46.8,7.897434234619141,machine,5.902669192354056,0,83.87942138798002,6.624347001935152,N,1.0,0.0
2026-10-07T17:40:51,codecarbon,cc8c5f8a-bbbf-4b03-a57b-ab84f9027170,5b0fa12a-3dd7-45bb-9766-cc326314d9f1,11760.897230799994,0.0001651351435173,1.4041032778084249e-08,2.979116356620205,0.0,10.0,0.0094855194718159,0.0,0.0324551087930557,0.0419406282648716,0.0,Canada,CAN,quebec,,,Windows-11-10.0.26200-SP0,3.13.14,3.2.8,4,Intel(R) Core(TM) i5-6200U CPU @ 2.30GHz,0,,-71.2,46.8,7.897434234619141,machine,5.895055464786311,0,83.88017026399518,6.624406859351717,N,1.0,0.0
2026-10-07T17:41:06,codecarbon,cc8c5f8a-bbbf-4b03-a57b-ab84f9027170,5b0fa12a-3dd7-45bb-9766-cc326314d9f1,11776.518375400005,0.0001653255471148,1.40385759054361e-08,2.977702399362276,0.0,10.0,0.0094932904853893,0.0,0.0324956960291669,0.0419889865145562,0.0,Canada,CAN,quebec,,,Windows-11-10.0.26200-SP0,3.13.14,3.2.8,4,Intel(R) Core(TM) i5-6200U CPU @ 2.30GHz,0,,-71.2,46.8,7.897434234619141,machine,5.895543151567197,0,83.88061829111207,6.624441381563389,N,1.0,0.0
2026-10-07T17:41:22,codecarbon,cc8c5f8a-bbbf-4b03-a57b-ab84f9027170,5b0fa12a-3dd7-45bb-9766-cc326314d9f1,11792.12154149999,0.0001655139732701,1.4035979250017948e-08,2.976192330491267,0.0,10.0,0.0095006127426749,0.0,0.0325362297955558,0.0420368425382307,0.0,Canada,CAN,quebec,,,Windows-11-10.0.26200-SP0,3.13.14,3.2.8,4,Intel(R) Core(TM) i5-6200U CPU @ 2.30GHz,0,,-71.2,46.8,7.897434234619141,machine,5.887958833619211,0,83.88111492281304,6.624480620133938,N,1.0,0.0
2026-10-07T17:41:37,codecarbon,cc8c5f8a-bbbf-4b03-a57b-ab84f9027170,5b0fa12a-3dd7-45bb-9766-cc326314d9f1,11807.721433899991,0.0001657022815355,1.4033383363853382e-08,2.974665383711952,0.0,10.0,0.0095079112157516,0.0,0.0325767574047224,0.0420846686204741,0.0,Canada,CAN,quebec,,,Windows-11-10.0.26200-SP0,3.13.14,3.2.8,4,Intel(R) Core(TM) i5-6200U CPU @ 2.30GHz,0,,-71.2,46.8,7.897434234619141,machine,5.879890373415554,0,83.8816632408359,6.624524625861183,N,1.0,0.0
2026-10-07T17:41:53,codecarbon,cc8c5f8a-bbbf-4b03-a57b-ab84f9027170,5b0fa12a-3dd7-45bb-9766-cc326314d9f1,11823.301101599996,0.0001658886976545,1.4030658293231611e-08,2.9730075776675435,0.0,10.0,0.0095147764191001,0.0,0.0326172377208336,0.0421320141399337,0.0,Canada,CAN,quebec,,,Windows-11-10.0.26200-SP0,3.13.14,3.2.8,4,Intel(R) Core(TM) i5-6200U CPU @ 2.30GHz,0,,-71.2,46.8,7.897434234619141,machine,5.880899837481824,0,83.88302112736294,6.624632145522159,N,1.0,0.0
2026-10-07T17:42:08,codecarbon,cc8c5f8a-bbbf-4b03-a57b-ab84f9027170,5b0fa12a-3dd7-45bb-9766-cc326314d9f1,11838.871064099993,0.0001660832649186,1.4028640401556258e-08,2.972082686373088,0.0,10.0,0.0095237388368656,0.0,0.0326576910308335,0.0421814298676991,0.0,Canada,CAN,quebec,,,Windows-11-10.0.26200-SP0,3.13.14,3.2.8,4,Intel(R) Core(TM) i5-6200U CPU @ 2.30GHz,0,,-71.2,46.8,7.897434234619141,machine,5.873364086793098,0,83.8844951307022,6.6247483828160245,N,1.0,0.0
2026-10-07T17:42:24,codecarbon,cc8c5f8a-bbbf-4b03-a57b-ab84f9027170,5b0fa12a-3dd7-45bb-9766-cc326314d9f1,11854.4606011,0.0001662763687779,1.4026481201730275e-08,2.9709252021904886,0.0,10.0,0.0095322688278682,0.0,0.0326982050955558,0.0422304739234239,0.0,Canada,CAN,quebec,,,Windows-11-10.0.26200-SP0,3.13.14,3.2.8,4,Intel(R) Core(TM) i5-6200U CPU @ 2.30GHz,0,,-71.2,46.8,7.897434234619141,machine,5.865347210373657,0,83.88554001023716,6.62483043081625,N,1.0,0.0
2026-10-07T17:42:40,codecarbon,cc8c5f8a-bbbf-4b03-a57b-ab84f9027170,5b0fa12a-3dd7-45bb-9766-cc326314d9f1,11870.044770699998,0.0001664737214702,1.4024691960822436e-08,2.970389944390407,0.0,10.0,0.0095419041411703,0.0,0.032738692946389,0.0422805970875593,0.0,Canada,CAN,quebec,,,Windows-11-10.0.26200-SP0,3.13.14,3.2.8,4,Intel(R) Core(TM) i5-6200U CPU @ 2.30GHz,0,,-71.2,46.8,7.897434234619141,machine,5.857851239669422,0,83.88698134105819,6.624944273958501,N,1.0,0.0
2026-10-07T17:42:55,codecarbon,cc8c5f8a-bbbf-4b03-a57b-ab84f9027170,5b0fa12a-3dd7-45bb-9766-cc326314d9f1,11885.653503299996,0.0001666618739997,1.4022104375960566e-08,2.9688312227638574,0.0,10.0,0.0095491225550112,0.0,0.032779261061389,0.0423283836164002,0.0,Canada,CAN,quebec,,,Windows-11-10.0.26200-SP0,3.13.14,3.2.8,4,Intel(R) Core(TM) i5-6200U CPU @ 2.30GHz,0,,-71.2,46.8,7.897434234619141,machine,5.849876627244108,0,83.88933889219774,6.625129565983278,N,1.0,0.0
2026-10-07T17:43:11,codecarbon,cc8c5f8a-bbbf-4b03-a57b-ab84f9027170,5b0fa12a-3dd7-45bb-9766-cc326314d9f1,11901.226655299994,0.0001668577903025,1.4020217842692442e-08,2.968115299660592,0.0,10.0,0.0095584070370007,0.0,0.0328197349327779,0.0423781419697787,0.0,Canada,CAN,quebec,,,Windows-11-10.0.26200-SP0,3.13.14,3.2.8,4,Intel(R) Core(TM) i5-6200U CPU @ 2.30GHz,0,,-71.2,46.8,7.897434234619141,machine,5.842420122365738,0,83.89021074099252,6.625197787903994,N,1.0,0.0
2026-10-07T17:43:26,codecarbon,cc8c5f8a-bbbf-4b03-a57b-ab84f9027170,5b0fa12a-3dd7-45bb-9766-cc326314d9f1,11916.80075509999,0.000167058630284,1.4018748296395364e-08,2.9675794547951644,0.0,10.0,0.009568947653667,0.0,0.0328602031736112,0.0424291508272783,0.0,Canada,CAN,quebec,,,Windows-11-10.0.26200-SP0,3.13.14,3.2.8,4,Intel(R) Core(TM) i5-6200U CPU @ 2.30GHz,0,,-71.2,46.8,7.897434234619141,machine,5.843469405075108,0,83.89048629381311,6.625218616502754,N,1.0,0.0
2026-10-07T17:43:42,codecarbon,cc8c5f8a-bbbf-4b03-a57b-ab84f9027170,5b0fa12a-3dd7-45bb-9766-cc326314d9f1,11932.461184499987,0.0001672496108724,1.4016354906707388e-08,2.966589757590912,0.0,10.0,0.0095767536689085,0.0,0.0329009019508334,0.042477655619742,0.0,Canada,CAN,quebec,,,Windows-11-10.0.26200-SP0,3.13.14,3.2.8,4,Intel(R) Core(TM) i5-6200U CPU @ 2.30GHz,0,,-71.2,46.8,7.897434234619141,machine,5.835545385202137,0,83.89211797609967,6.625347669290904,N,1.0,0.0
2026-10-07T17:43:58,codecarbon,cc8c5f8a-bbbf-4b03-a57b-ab84f9027170,5b0fa12a-3dd7-45bb-9766-cc326314d9f1,11948.0752813,0.0001674392996932,1.4013914019713709e-08,2.9651284772323843,0.0,10.0,0.0095843584982554,0.0,0.032941473833889,0.0425258323321445,0.0,Canada,CAN,quebec,,,Windows-11-10.0.26200-SP0,3.13.14,3.2.8,4,Intel(R) Core(TM) i5-6200U CPU @ 2.30GHz,0,,-71.2,46.8,7.897434234619141,machine,5.828136109700356,0,83.8939309294058,6.625491279988235,N,1.0,0.0
2026-10-07T17:44:13,codecarbon,cc8c5f8a-bbbf-4b03-a57b-ab84f9027170,5b0fa12a-3dd7-45bb-9766-cc326314d9f1,11963.678257099991,0.0001676339768891,1.4011909488590336e-08,2.963838419684856,0.0,10.0,0.0095932653951215,0.0,0.0329820105850002,0.0425752759801217,0.0,Canada,CAN,quebec,,,Windows-11-10.0.26200-SP0,3.13.14,3.2.8,4,Intel(R) Core(TM) i5-6200U CPU @ 2.30GHz,0,,-71.2,46.8,7.897434234619141,machine,5.845612848689772,0,83.8961031276416,6.625663291692533,N,1.0,0.0
2026-10-07T17:44:29,codecarbon,cc8c5f8a-bbbf-4b03-a57b-ab84f9027170,5b0fa12a-3dd7-45bb-9766-cc326314d9f1,11979.369642499994,0.0001678322080451,1.4010103457336826e-08,2.9629617774901145,0.0,10.0,0.0096028217604865,0.0,0.033022800493889,0.0426256222543755,0.0,Canada,CAN,quebec,,,Windows-11-10.0.26200-SP0,3.13.14,3.2.8,4,Intel(R) Core(TM) i5-6200U CPU @ 2.30GHz,0,,-71.2,46.8,7.897434234619141,machine,5.83821021528071,0,83.89877585479105,6.62587442973738,N,1.0,0.0
2026-10-07T17:44:45,codecarbon,cc8c5f8a-bbbf-4b03-a57b-ab84f9027170,5b0fa12a-3dd7-45bb-9766-cc326314d9f1,11995.022839099998,0.0001681918349376,1.4021801975181332e-08,2.964193458768804,0.0,10.006381620931716,0.009613197030985,0.0,0.0331037624002779,0.0427169594312628,0.0,Canada,CAN,quebec,,,Windows-11-10.0.26200-SP0,3.13.14,3.2.8,4,Intel(R) Core(TM) i5-6200U CPU @ 2.30GHz,0,,-71.2,46.8,7.897434234619141,machine,5.834550206559313,0,83.90158502655763,6.626096536513978,N,1.0,0.0
2026-10-07T17:45:00,codecarbon,cc8c5f8a-bbbf-4b03-a57b-ab84f9027170,5b0fa12a-3dd7-45bb-9766-cc326314d9f1,12010.675271200002,0.0001685529522877,1.40335949879476e-08,2.960112110259572,0.0,10.0,0.0096232055112817,0.0,0.0331854696397224,0.042808675151004,0.0,Canada,CAN,quebec,,,Windows-11-10.0.26200-SP0,3.13.14,3.2.8,4,Intel(R) Core(TM) i5-6200U CPU @ 2.30GHz,0,,-71.2,46.8,7.897434234619141,machine,5.827180868979455,0,83.90324183226676,6.626226826684167,N,1.0,0.0
2026-10-07T17:45:16,codecarbon,cc8c5f8a-bbbf-4b03-a57b-ab84f9027170,5b0fa12a-3dd7-45bb-9766-cc326314d9f1,12026.3531199,0.0001687430668387,1.4031108612593077e-08,2.959069842424876,0.0,10.0,0.0096307435240635,0.0,0.0332262164652779,0.0428569599893414,0.0,Canada,CAN,quebec,,,Windows-11-10.0.26200-SP0,3.13.14,3.2.8,4,Intel(R) Core(TM) i5-6200U CPU @ 2.30GHz,0,,-71.2,46.8,7.897434234619141,machine,5.827749747729567,0,83.90095021863438,6.626045486239764,N,1.0,0.0
2026-10-07T17:45:32,codecarbon,cc8c5f8a-bbbf-4b03-a57b-ab84f9027170,5b0fa12a-3dd7-45bb-9766-cc326314d9f1,12041.942498199993,0.0001689335707652,1.4028764112642961e-08,2.9575882203443804,0.0,10.0,0.0096386258753629,0.0,0.0332667178450002,0.042905343720363,0.0,Canada,CAN,quebec,,,Windows-11-10.0.26200-SP0,3.13.14,3.2.8,4,Intel(R) Core(TM) i5-6200U CPU @ 2.30GHz,0,,-71.2,46.8,7.897434234619141,machine,5.82880658436214,0,83.89906777525825,6.6258971631662105,N,1.0,0.0
2026-10-07T17:45:47,codecarbon,cc8c5f8a-bbbf-4b03-a57b-ab84f9027170,5b0fa12a-3dd7-45bb-9766-cc326314d9f1,12057.661309000005,0.000169124304297,1.402629415132613e-08,2.9565185478928644,0.0,10.0,0.0096462463115433,0.0,0.0333075394544446,0.042953785765988,0.0,Canada,CAN,quebec,,,Windows-11-10.0.26200-SP0,3.13.14,3.2.8,4,Intel(R) Core(TM) i5-6200U CPU @ 2.30GHz,0,,-71.2,46.8,7.897434234619141,machine,5.829371802398725,0,83.89725740166065,6.625753492134425,N,1.0,0.0
2026-10-07T17:46:03,codecarbon,cc8c5f8a-bbbf-4b03-a57b-ab84f9027170,5b0fa12a-3dd7-45bb-9766-cc326314d9f1,12073.336333300002,0.0001693201708491,1.4024306635288488e-08,2.9559652631362896,0.0,10.0,0.0096552696240755,0.0,0.0333482618597224,0.0430035314837979,0.0,Canada,CAN,quebec,,,Windows-11-10.0.26200-SP0,3.13.14,3.2.8,4,Intel(R) Core(TM) i5-6200U CPU @ 2.30GHz,0,,-71.2,46.8,7.897434234619141,machine,5.846687327246839,0,83.89601306642098,6.62565426643155,N,1.0,0.0
2026-10-07T17:46:19,codecarbon,cc8c5f8a-bbbf-4b03-a57b-ab84f9027170,5b0fa12a-3dd7-45bb-9766-cc326314d9f1,12089.038604799993,0.000169516156234,1.4022302498627966e-08,2.9549637663397563,0.0,10.0,0.0096642233447144,0.0,0.033389084037778,0.0430533073824924,0.0,Canada,CAN,quebec,,,Windows-11-10.0.26200-SP0,3.13.14,3.2.8,4,Intel(R) Core(TM) i5-6200U CPU @ 2.30GHz,0,,-71.2,46.8,7.897434234619141,machine,5.839350844905471,0,83.8950225865819,6.625577180864661,N,1.0,0.0
2026-10-07T17:46:34,codecarbon,cc8c5f8a-bbbf-4b03-a57b-ab84f9027170,5b0fa12a-3dd7-45bb-9766-cc326314d9f1,12104.67791849999,0.000169724926418,1.4021432669321607e-08,2.955334031288995,0.0,10.0,0.0096766018132744,0.0,0.0334297285205557,0.0431063303338301,0.0,Canada,CAN,quebec,,,Windows-11-10.0.26200-SP0,3.13.14,3.2.8,4,Intel(R) Core(TM) i5-6200U CPU @ 2.30GHz,0,,-71.2,46.8,7.897434234619141,machine,5.839899749373434,0,83.89391812865496,6.62549181135874,N,1.0,0.0
2026-10-07T17:46:50,codecarbon,cc8c5f8a-bbbf-4b03-a57b-ab84f9027170,5b0fa12a-3dd7-45bb-9766-cc326314d9f1,12120.293718100002,0.0001699196989098,1.4019437388392762e-08,2.9544575702965643,0.0,10.0,0.0096855124012117,0.0,0.0334702857836113,0.0431557981848229,0.0,Canada,CAN,quebec,,,Windows-11-10.0.26200-SP0,3.13.14,3.2.8,4,Intel(R) Core(TM) i5-6200U CPU @ 2.30GHz,0,,-71.2,46.8,7.897434234619141,machine,5.849278264497289,0,83.89365039632875,6.625472770375811,N,1.0,0.0
2026-10-07T17:47:06,codecarbon,cc8c5f8a-bbbf-4b03-a57b-ab84f9027170,5b0fa12a-3dd7-45bb-9766-cc326314d9f1,12135.98023799999,0.0001701178041566,1.4017640175777301e-08,2.9535824432294704,0.0,10.0,0.0096950443112351,0.0,0.0335110681697223,0.0432061124809574,0.0,Canada,CAN,quebec,,,Windows-11-10.0.26200-SP0,3.13.14,3.2.8,4,Intel(R) Core(TM) i5-6200U CPU @ 2.30GHz,0,,-71.2,46.8,7.897434234619141,machine,5.849812515623698,0,83.89360886592783,6.6254701775696345,N,1.0,0.0
2026-10-07T17:47:21,codecarbon,cc8c5f8a-bbbf-4b03-a57b-ab84f9027170,5b0fa12a-3dd7-45bb-9766-cc326314d9f1,12151.59283899999,0.0001703152547225,1.4015878986331796e-08,2.9528000206088816,0.0,10.0,0.0097046230783799,0.0,0.0335516374244445,0.0432562605028244,0.0,Canada,CAN,quebec,,,Windows-11-10.0.26200-SP0,3.13.14,3.2.8,4,Intel(R) Core(TM) i5-6200U CPU @ 2.30GHz,0,,-71.2,46.8,7.897434234619141,machine,5.842509986684421,0,83.89364181091878,6.625472179583005,N,1.0,0.0
2026-10-07T17:47:37,codecarbon,cc8c5f8a-bbbf-4b03-a57b-ab84f9027170,5b0fa12a-3dd7-45bb-9766-cc326314d9f1,12167.171400499996,0.0001705321997627,1.4015763742401116e-08,2.953667713178061,0.0,10.0,0.0097192482367668,0.0,0.0335921114477779,0.0433113596845447,0.0,Canada,CAN,quebec,,,Windows-11-10.0.26200-SP0,3.13.14,3.2.8,4,Intel(R) Core(TM) i5-6200U CPU @ 2.30GHz,0,,-71.2,46.8,7.897434234619141,machine,5.843051861702128,0,83.89443151595745,6.6255341803139824,N,1.0,0.0
2026-10-07T17:47:52,codecarbon,cc8c5f8a-bbbf-4b03-a57b-ab84f9027170,5b0fa12a-3dd7-45bb-9766-cc326314d9f1,12182.794772199995,0.0001707436506824,1.4015146267758376e-08,2.9540050443899526,0.0,10.0,0.0097323805282918,0.0,0.0336326829544446,0.0433650634827364,0.0,Canada,CAN,quebec,,,Windows-11-10.0.26200-SP0,3.13.14,3.2.8,4,Intel(R) Core(TM) i5-6200U CPU @ 2.30GHz,0,,-71.2,46.8,7.897434234619141,machine,5.839926952768325,0,83.89533493815888,6.625605430802517,N,1.0,0.0
2026-10-07T17:48:08,codecarbon,cc8c5f8a-bbbf-4b03-a57b-ab84f9027170,5b0fa12a-3dd7-45bb-9766-cc326314d9f1,12198.561893699996,0.000170978679077,1.4016298033078127e-08,2.95591351463664,0.0,10.0,0.0097510530537405,0.0,0.0336737023777779,0.0434247554315183,0.0,Canada,CAN,quebec,,,Windows-11-10.0.26200-SP0,3.13.14,3.2.8,4,Intel(R) Core(TM) i5-6200U CPU @ 2.30GHz,0,,-71.2,46.8,7.897434234619141,machine,5.846688220177403,0,83.89689132056702,6.625728183744124,N,1.0,0.0
2026-10-07T17:48:24,codecarbon,cc8c5f8a-bbbf-4b03-a57b-ab84f9027170,5b0fa12a-3dd7-45bb-9766-cc326314d9f1,12214.211393599997,0.0001712776885521,1.4022820060402794e-08,2.9630481108284723,0.0,10.0,0.0097864462919064,0.0,0.0337142508500001,0.0435006971419065,0.0,Canada,CAN,quebec,,,Windows-11-10.0.26200-SP0,3.13.14,3.2.8,4,Intel(R) Core(TM) i5-6200U CPU @ 2.30GHz,0,,-71.2,46.8,7.897434234619141,machine,5.872545123364796,0,83.90105149859248,6.626057458843769,N,1.0,0.0
2026-10-07T17:48:40,codecarbon,cc8c5f8a-bbbf-4b03-a57b-ab84f9027170,5b0fa12a-3dd7-45bb-9766-cc326314d9f1,12229.949542899994,0.0001715261812617,1.402509312569538e-08,2.967212680570036,0.0,10.0,0.0098086455196028,0.0,0.0337551632055557,0.0435638087251585,0.0,Canada,CAN,quebec,,,Windows-11-10.0.26200-SP0,3.13.14,3.2.8,4,Intel(R) Core(TM) i5-6200U CPU @ 2.30GHz,0,,-71.2,46.8,7.897434234619141,machine,5.897850173639822,0,83.90361336199769,6.626259497025397,N,1.0,0.0
2026-10-07T17:48:55,codecarbon,cc8c5f8a-bbbf-4b03-a57b-ab84f9027170,5b0fa12a-3dd7-45bb-9766-cc326314d9f1,12245.584170599992,0.0001717224588155,1.4023214933903758e-08,2.9664115060139675,0.0,10.0,0.0098178901598712,0.0,0.0337957686683335,0.0436136588282047,0.0,Canada,CAN,quebec,,,Windows-11-10.0.26200-SP0,3.13.14,3.2.8,4,Intel(R) Core(TM) i5-6200U CPU @ 2.30GHz,0,,-71.2,46.8,7.897434234619141,machine,5.89880254356264,0,83.90459988438352,6.626337241197127,N,1.0,0.0
2026-10-07T17:49:11,codecarbon,cc8c5f8a-bbbf-4b03-a57b-ab84f9027170,5b0fa12a-3dd7-45bb-9766-cc326314d9f1,12261.286265100003,0.0001719209770146,1.4021447122072265e-08,2.965831575762936,0.0,10.0,0.0098274817505466,0.0,0.0338365962544446,0.0436640780049912,0.0,Canada,CAN,quebec,,,Windows-11-10.0.26200-SP0,3.13.14,3.2.8,4,Intel(R) Core(TM) i5-6200U CPU @ 2.30GHz,0,,-71.2,46.8,7.897434234619141,machine,5.895142268041238,0,83.90553402061856,6.626410225150512,N,1.0,0.0
2026-10-07T17:49:27,codecarbon,cc8c5f8a-bbbf-4b03-a57b-ab84f9027170,5b0fa12a-3dd7-45bb-9766-cc326314d9f1,12276.93680489999,0.0001721143885726,1.4019326751278972e-08,2.9647539270788954,0.0,10.0,0.0098359262095655,0.0,0.0338772739997224,0.0437132002092879,0.0,Canada,CAN,quebec,,,Windows-11-10.0.26200-SP0,3.13.14,3.2.8,4,Intel(R) Core(TM) i5-6200U CPU @ 2.30GHz,0,,-71.2,46.8,7.897434234619141,machine,5.8878583196046135,0,83.90644975288303,6.626483791546138,N,1.0,0.0
2026-10-07T17:49:42,codecarbon,cc8c5f8a-bbbf-4b03-a57b-ab84f9027170,5b0fa12a-3dd7-45bb-9766-cc326314d9f1,12292.526760399996,0.0001723117500913,1.4017602194400024e-08,2.9644528578934395,0.0,10.0,0.0098455485056742,0.0,0.0339177771094445,0.0437633256151187,0.0,Canada,CAN,quebec,,,Windows-11-10.0.26200-SP0,3.13.14,3.2.8,4,Intel(R) Core(TM) i5-6200U CPU @ 2.30GHz,0,,-71.2,46.8,7.897434234619141,machine,5.888334978611386,0,83.90789733464956,6.626597876453054,N,1.0,0.0
2026-10-07T17:49:58,codecarbon,cc8c5f8a-bbbf-4b03-a57b-ab84f9027170,5b0fa12a-3dd7-45bb-9766-cc326314d9f1,12308.20462199999,0.000172510711727,1.4015911907956122e-08,2.963879947800025,0.0,10.0,0.0098553340054236,0.0,0.0339585234094445,0.0438138574148681,0.0,Canada,CAN,quebec,,,Windows-11-10.0.26200-SP0,3.13.14,3.2.8,4,Intel(R) Core(TM) i5-6200U CPU @ 2.30GHz,0,,-71.2,46.8,7.897434234619141,machine,5.881077972229069,0,83.90943225700435,6.626719377238908,N,1.0,0.0
2026-10-07T17:50:13,codecarbon,cc8c5f8a-bbbf-4b03-a57b-ab84f9027170,5b0fa12a-3dd7-45bb-9766-cc326314d9f1,12323.821693599995,0.0001727014215629,1.4013625469169728e-08,2.963280792465192,0.0,10.0,0.0098631815966965,0.0,0.0339991118455557,0.0438622934422522,0.0,Canada,CAN,quebec,,,Windows-11-10.0.26200-SP0,3.13.14,3.2.8,4,Intel(R) Core(TM) i5-6200U CPU @ 2.30GHz,0,,-71.2,46.8,7.897434234619141,machine,5.8733568556658735,0,83.9075244112579,6.626569603155995,N,1.0,0.0
2026-10-07T17:50:29,codecarbon,cc8c5f8a-bbbf-4b03-a57b-ab84f9027170,5b0fa12a-3dd7-45bb-9766-cc326314d9f1,12339.489100799998,0.0001728968492023,1.4011669996216574e-08,2.962209687012289,0.0,10.0,0.0098720942341239,0.0,0.0340398334519446,0.0439119276860685,0.0,Canada,CAN,quebec,,,Windows-11-10.0.26200-SP0,3.13.14,3.2.8,4,Intel(R) Core(TM) i5-6200U CPU @ 2.30GHz,0,,-71.2,46.8,7.897434234619141,machine,5.874332076708737,0,83.90558924766432,6.626416670144767,N,1.0,0.0
2026-10-07T17:50:45,codecarbon,cc8c5f8a-bbbf-4b03-a57b-ab84f9027170,5b0fa12a-3dd7-45bb-9766-cc326314d9f1,12355.152415299992,0.0001732843149201,1.4025267280841065e-08,2.9635079511582423,0.0,10.006195786864932,0.0098895391802895,0.0,0.0341207961208335,0.0440103353011231,0.0,Canada,CAN,quebec,,,Windows-11-10.0.26200-SP0,3.13.14,3.2.8,4,Intel(R) Core(TM) i5-6200U CPU @ 2.30GHz,0,,-71.2,46.8,7.897434234619141,machine,5.866639384514651,0,83.90542642003601,6.626403617827664,N,1.0,0.0
2026-10-07T17:51:00,codecarbon,cc8c5f8a-bbbf-4b03-a57b-ab84f9027170,5b0fa12a-3dd7-45bb-9766-cc326314d9f1,12370.8576971,0.0001736777512092,1.4039265139228997e-08,2.9608285197315807,0.0,10.0,0.0099079077109249,0.0,0.0342023515966669,0.0441102593075918,0.0,Canada,CAN,quebec,,,Windows-11-10.0.26200-SP0,3.13.14,3.2.8,4,Intel(R) Core(TM) i5-6200U CPU @ 2.30GHz,0,,-71.2,46.8,7.897434234619141,machine,5.867620371127279,0,83.90751246627973,6.626567936933685,N,1.0,0.0
2026-10-07T17:51:16,codecarbon,cc8c5f8a-bbbf-4b03-a57b-ab84f9027170,5b0fa12a-3dd7-45bb-9766-cc326314d9f1,12386.565204,0.0001739134420436,1.4040489770924786e-08,2.961242016488768,0.0,10.0,0.0099269426590283,0.0,0.0342431768422224,0.0441701195012507,0.0,Canada,CAN,quebec,,,Windows-11-10.0.26200-SP0,3.13.14,3.2.8,4,Intel(R) Core(TM) i5-6200U CPU @ 2.30GHz,0,,-71.2,46.8,7.897434234619141,machine,5.868598954931418,0,83.91045885042456,6.626802162591497,N,1.0,0.0
2026-10-07T17:51:32,codecarbon,cc8c5f8a-bbbf-4b03-a57b-ab84f9027170,5b0fa12a-3dd7-45bb-9766-cc326314d9f1,12402.353883399992,0.0001741223790481,1.4039462241213926e-08,2.960700298885081,0.0,10.0,0.0099389525207133,0.0,0.0342842323005557,0.0442231848212691,0.0,Canada,CAN,quebec,,,Windows-11-10.0.26200-SP0,3.13.14,3.2.8,4,Intel(R) Core(TM) i5-6200U CPU @ 2.30GHz,0,,-71.2,46.8,7.897434234619141,machine,5.86909654272668,0,83.91102413568167,6.626847016134841,N,1.0,0.0
2026-10-07T17:51:48,codecarbon,cc8c5f8a-bbbf-4b03-a57b-ab84f9027170,5b0fa12a-3dd7-45bb-9766-cc326314d9f1,12418.089806299991,0.000174323681991,1.4037882211368645e-08,2.9600863771336154,0.0,10.0,0.0099491842130943,0.0,0.0343251270475002,0.0442743112605945,0.0,Canada,CAN,quebec,,,Windows-11-10.0.26200-SP0,3.13.14,3.2.8,4,Intel(R) Core(TM) i5-6200U CPU @ 2.30GHz,0,,-71.2,46.8,7.897434234619141,machine,5.867358905448326,0,83.91036729375357,6.626794293295902,N,1.0,0.0
2026-10-07T17:52:03,codecarbon,cc8c5f8a-bbbf-4b03-a57b-ab84f9027170,5b0fa12a-3dd7-45bb-9766-cc326314d9f1,12433.7937122,0.0001745505707429,1.4038400087955514e-08,2.9603942766,0.0,10.0,0.0099659854304849,0.0,0.0343659504919446,0.0443319359224295,0.0,Canada,CAN,quebec,,,Windows-11-10.0.26200-SP0,3.13.14,3.2.8,4,Intel(R) Core(TM) i5-6200U CPU @ 2.30GHz,0,,-71.2,46.8,7.897434234619141,machine,5.892257015046767,0,83.91253355022367,6.626963738825031,N,1.0,0.0
2026-10-07T17:52:19,codecarbon,cc8c5f8a-bbbf-4b03-a57b-ab84f9027170,5b0fa12a-3dd7-45bb-9766-cc326314d9f1,12449.481569099997,0.0001747406520279,1.4035978209860548e-08,2.958967355172972,0.0,10.0,0.0099734856036252,0.0,0.0344067267083336,0.0443802123119587,0.0,Canada,CAN,quebec,,,Windows-11-10.0.26200-SP0,3.13.14,3.2.8,4,Intel(R) Core(TM) i5-6200U CPU @ 2.30GHz,0,,-71.2,46.8,7.897434234619141,machine,5.885077173030057,0,83.91417546709992,6.627092140191556,N,1.0,0.0
2026-10-07T17:52:35,codecarbon,cc8c5f8a-bbbf-4b03-a57b-ab84f9027170,5b0fa12a-3dd7-45bb-9766-cc326314d9f1,12465.083370299995,0.0001749290323443,1.4033522853216313e-08,2.9575173294440145,0.0,10.0,0.0099807944038404,0.0,0.0344472622897225,0.0444280566935629,0.0,Canada,CAN,quebec,,,Windows-11-10.0.26200-SP0,3.13.14,3.2.8,4,Intel(R) Core(TM) i5-6200U CPU @ 2.30GHz,0,,-71.2,46.8,7.897434234619141,machine,5.885550868083726,0,83.91579587863053,6.627219527413391,N,1.0,0.0
2026-10-07T17:52:50,codecarbon,cc8c5f8a-bbbf-4b03-a57b-ab84f9027170,5b0fa12a-3dd7-45bb-9766-cc326314d9f1,12480.749074199994,0.0001751221421507,1.4031380737617672e-08,2.9566069800247226,0.0,10.0,0.0099891271524916,0.0,0.0344879751072225,0.0444771022597141,0.0,Canada,CAN,quebec,,,Windows-11-10.0.26200-SP0,3.13.14,3.2.8,4,Intel(R) Core(TM) i5-6200U CPU @ 2.30GHz,0,,-71.2,46.8,7.897434234619141,machine,5.878397212543554,0,83.91760797342192,6.627363230457434,N,1.0,0.0
2026-10-07T17:53:06,codecarbon,cc8c5f8a-bbbf-4b03-a57b-ab84f9027170,5b0fa12a-3dd7-45bb-9766-cc326314d9f1,12496.364970099996,0.000175317708948,1.4029496526991225e-08,2.955769676892696,0.0,10.0,0.0099982193981824,0.0,0.0345285524483336,0.044526771846516,0.0,Canada,CAN,quebec,,,Windows-11-10.0.26200-SP0,3.13.14,3.2.8,4,Intel(R) Core(TM) i5-6200U CPU @ 2.30GHz,0,,-71.2,46.8,7.897434234619141,machine,5.878878368536053,0,83.91977017075342,6.627533764093259,N,1.0,0.0
2026-10-07T17:53:22,codecarbon,cc8c5f8a-bbbf-4b03-a57b-ab84f9027170,5b0fa12a-3dd7-45bb-9766-cc326314d9f1,12512.132377899994,0.0001755189303115,1.402789908309796e-08,2.9551533190038355,0.0,10.0,0.0100083334934554,0.0,0.0345695440730558,0.0445778775665112,0.0,Canada,CAN,quebec,,,Windows-11-10.0.26200-SP0,3.13.14,3.2.8,4,Intel(R) Core(TM) i5-6200U CPU @ 2.30GHz,0,,-71.2,46.8,7.897434234619141,machine,5.879833494988684,0,83.92201745877789,6.627710784248577,N,1.0,0.0
2026-10-07T17:53:37,codecarbon,cc8c5f8a-bbbf-4b03-a57b-ab84f9027170,5b0fa12a-3dd7-45bb-9766-cc326314d9f1,12527.80053729999,0.0001757156722623,1.4026059222380584e-08,2.9543185943211565,0.0,10.0,0.0100176421032151,0.0,0.0346102035127781,0.0446278456159932,0.0,Canada,CAN,quebec,,,Windows-11-10.0.26200-SP0,3.13.14,3.2.8,4,Intel(R) Core(TM) i5-6200U CPU @ 2.30GHz,0,,-71.2,46.8,7.897434234619141,machine,5.8722392638036816,0,83.92465288989344,6.627919044038885,N,1.0,0.0
2026-10-07T17:53:53,codecarbon,cc8c5f8a-bbbf-4b03-a57b-ab84f9027170,5b0fa12a-3dd7-45bb-9766-cc326314d9f1,12543.473799,0.0001759198315899,1.4024809586953092e-08,2.9540482627771407,0.0,10.0,0.0100287674602856,0.0,0.0346509300527781,0.0446796975130637,0.0,Canada,CAN,quebec,,,Windows-11-10.0.26200-SP0,3.13.14,3.2.8,4,Intel(R) Core(TM) i5-6200U CPU @ 2.30GHz,0,,-71.2,46.8,7.897434234619141,machine,5.864664624314737,0,83.92748306997743,6.628143048217242,N,1.0,0.0
2026-10-07T17:54:09,codecarbon,cc8c5f8a-bbbf-4b03-a57b-ab84f9027170,5b0fa12a-3dd7-45bb-9766-cc326314d9f1,12559.1900741,0.000176136413072,1.4024504130669796e-08,2.954673512417304,0.0,10.0,0.0100429209111544,0.0,0.0346917834480558,0.0447347043592103,0.0,Canada,CAN,quebec,,,Windows-11-10.0.26200-SP0,3.13.14,3.2.8,4,Intel(R) Core(TM) i5-6200U CPU @ 2.30GHz,0,,-71.2,46.8,7.897434234619141,machine,5.86563330380868,0,83.92914083259522,6.628273895506948,N,1.0,0.0
2026-10-07T17:54:24,codecarbon,cc8c5f8a-bbbf-4b03-a57b-ab84f9027170,5b0fa12a-3dd7-45bb-9766-cc326314d9f1,12574.84304169999,0.0001763360380696,1.4022921597102457e-08,2.9541104447951585,0.0,10.0,0.0100529430068894,0.0,0.0347324616311114,0.0447854046380008,0.0,Canada,CAN,quebec,,,Windows-11-10.0.26200-SP0,3.13.14,3.2.8,4,Intel(R) Core(TM) i5-6200U CPU @ 2.30GHz,0,,-71.2,46.8,7.897434234619141,machine,5.866127864897467,0,83.93043827905106,6.628376768792447,N,1.0,0.0
2026-10-07T17:54:40,codecarbon,cc8c5f8a-bbbf-4b03-a57b-ab84f9027170,5b0fa12a-3dd7-45bb-9766-cc326314d9f1,12590.551986399994,0.0001765345183983,1.4021189745217517e-08,2.9533244085978394,0.0,10.0,0.0100625395182084,0.0,0.0347732746783337,0.0448358141965421,0.0,Canada,CAN,quebec,,,Windows-11-10.0.26200-SP0,3.13.14,3.2.8,4,Intel(R) Core(TM) i5-6200U CPU @ 2.30GHz,0,,-71.2,46.8,7.897434234619141,machine,5.86387951807229,0,83.93151004016065,6.6284622970642335,N,1.0,0.0
2026-10-07T17:54:56,codecarbon,cc8c5f8a-bbbf-4b03-a57b-ab84f9027170,5b0fa12a-3dd7-45bb-9766-cc326314d9f1,12606.244577099991,0.0001767292727473,1.40191848306954e-08,2.9522988085476296,0.0,10.0,0.0100712314107847,0.0,0.0348140460288892,0.0448852774396739,0.0,Canada,CAN,quebec,,,Windows-11-10.0.26200-SP0,3.13.14,3.2.8,4,Intel(R) Core(TM) i5-6200U CPU @ 2.30GHz,0,,-71.2,46.8,7.897434234619141,machine,5.864375100272742,0,83.93296165570352,6.6285769445602,N,1.0,0.0
2026-10-07T17:55:12,codecarbon,cc8c5f8a-bbbf-4b03-a57b-ab84f9027170,5b0fa12a-3dd7-45bb-9766-cc326314d9f1,12621.949089899994,0.0001769317611681,1.4017784409364569e-08,2.952583117230561,0.0,10.0,0.0100818675658086,0.0,0.0348548373980559,0.0449367049638644,0.0,Canada,CAN,quebec,,,Windows-11-10.0.26200-SP0,3.13.14,3.2.8,4,Intel(R) Core(TM) i5-6200U CPU @ 2.30GHz,0,,-71.2,46.8,7.897434234619141,machine,5.857327137248618,0,83.93415591699383,6.628672325709492,N,1.0,0.0
2026-10-07T17:55:27,codecarbon,cc8c5f8a-bbbf-4b03-a57b-ab84f9027170,5b0fa12a-3dd7-45bb-9766-cc326314d9f1,12637.579380900002,0.0001771287006109,1.4016030702733942e-08,2.9518514069197668,0.0,10.0,0.0100912596407652,0.0,0.0348954635311115,0.0449867231718767,0.0,Canada,CAN,quebec,,,Windows-11-10.0.26200-SP0,3.13.14,3.2.8,4,Intel(R) Core(TM) i5-6200U CPU @ 2.30GHz,0,,-71.2,46.8,7.897434234619141,machine,5.853828918940546,0,83.93580859406258,6.628803686322217,N,1.0,0.0
2026-10-07T17:55:43,codecarbon,cc8c5f8a-bbbf-4b03-a57b-ab84f9027170,5b0fa12a-3dd7-45bb-9766-cc326314d9f1,12653.17632,0.0001773207961725,1.4013935448941066e-08,2.951078538100165,0.0,10.0,0.0100995247420067,0.0,0.0349359864005559,0.0450355111425626,0.0,Canada,CAN,quebec,,,Windows-11-10.0.26200-SP0,3.13.14,3.2.8,4,Intel(R) Core(TM) i5-6200U CPU @ 2.30GHz,0,,-71.2,46.8,7.897434234619141,machine,5.866791879795397,0,83.93738011508951,6.628927410411103,N,1.0,0.0
2026-10-07T17:55:59,codecarbon,cc8c5f8a-bbbf-4b03-a57b-ab84f9027170,5b0fa12a-3dd7-45bb-9766-cc326314d9f1,12668.920540399997,0.0001775198597598,1.4012232470300573e-08,2.950146050124299,0.0,10.0,0.0101091489357234,0.0,0.0349769199000004,0.0450860688357237,0.0,Canada,CAN,quebec,,,Windows-11-10.0.26200-SP0,3.13.14,3.2.8,4,Intel(R) Core(TM) i5-6200U CPU @ 2.30GHz,0,,-71.2,46.8,7.897434234619141,machine,5.867281289910601,0,83.93897669220945,6.629054166043551,N,1.0,0.0
2026-10-07T17:56:14,codecarbon,cc8c5f8a-bbbf-4b03-a57b-ab84f9027170,5b0fa12a-3dd7-45bb-9766-cc326314d9f1,12684.6087751,0.0001777381808371,1.4012113734722972e-08,2.952692267679369,0.0,10.0,0.0101238301481338,0.0,0.0350176873519448,0.0451415175000786,0.0,Canada,CAN,quebec,,,Windows-11-10.0.26200-SP0,3.13.14,3.2.8,4,Intel(R) Core(TM) i5-6200U CPU @ 2.30GHz,0,,-71.2,46.8,7.897434234619141,machine,5.867769451530613,0,83.94089604591838,6.629206123400707,N,1.0,0.0
2026-10-07T17:56:30,codecarbon,cc8c5f8a-bbbf-4b03-a57b-ab84f9027170,5b0fa12a-3dd7-45bb-9766-cc326314d9f1,12700.273486599996,0.0001781124803521,1.4024302747498531e-08,2.956512845607604,0.0,10.006027727546716,0.0101378826339095,0.0,0.0350986985605559,0.0452365811944654,0.0,Canada,CAN,quebec,,,Windows-11-10.0.26200-SP0,3.13.14,3.2.8,4,Intel(R) Core(TM) i5-6200U CPU @ 2.30GHz,0,,-71.2,46.8,7.897434234619141,machine,5.860761207102477,0,83.94204156381878,6.629296079620889,N,1.0,0.0
2026-10-07T17:56:46,codecarbon,cc8c5f8a-bbbf-4b03-a57b-ab84f9027170,5b0fa12a-3dd7-45bb-9766-cc326314d9f1,12715.9081,0.0001785031806962,1.4037784741168336e-08,2.953850068398475,0.0,10.0,0.0101559113846812,0.0,0.0351798989475003,0.0453358103321816,0.0,Canada,CAN,quebec,,,Windows-11-10.0.26200-SP0,3.13.14,3.2.8,4,Intel(R) Core(TM) i5-6200U CPU @ 2.30GHz,0,,-71.2,46.8,7.897434234619141,machine,5.853304174950298,0,83.9434671968191,6.629408070922609,N,1.0,0.0
2026-10-07T17:57:01,codecarbon,cc8c5f8a-bbbf-4b03-a57b-ab84f9027170,5b0fa12a-3dd7-45bb-9766-cc326314d9f1,12731.519388,0.0001787066486162,1.4036553153639725e-08,2.9532625245053272,0.0,10.0,0.0101670471313742,0.0,0.0352204394958337,0.0453874866272079,0.0,Canada,CAN,quebec,,,Windows-11-10.0.26200-SP0,3.13.14,3.2.8,4,Intel(R) Core(TM) i5-6200U CPU @ 2.30GHz,0,,-71.2,46.8,7.897434234619141,machine,5.854273232724385,0,83.9453216838761,6.62955441372654,N,1.0,0.0
2026-10-07T17:57:17,codecarbon,cc8c5f8a-bbbf-4b03-a57b-ab84f9027170,5b0fa12a-3dd7-45bb-9766-cc326314d9f1,12747.168335099996,0.0001789092076189,1.4035211814561386e-08,2.952467613615405,0.0,10.0,0.0101778158170554,0.0,0.0352611162605559,0.0454389320776113,0.0,Canada,CAN,quebec,,,Windows-11-10.0.26200-SP0,3.13.14,3.2.8,4,Intel(R) Core(TM) i5-6200U CPU @ 2.30GHz,0,,-71.2,46.8,7.897434234619141,machine,5.854775503728384,0,83.94804854831034,6.629770094641386,N,1.0,0.0
2026-10-07T17:57:32,codecarbon,cc8c5f8a-bbbf-4b03-a57b-ab84f9027170,5b0fa12a-3dd7-45bb-9766-cc326314d9f1,12762.817731000005,0.000179099874707,1.4032941508832038e-08,2.951146899585633,0.0,10.0,0.0101855713593798,0.0,0.0353017858886115,0.0454873572479913,0.0,Canada,CAN,quebec,,,Windows-11-10.0.26200-SP0,3.13.14,3.2.8,4,Intel(R) Core(TM) i5-6200U CPU @ 2.30GHz,0,,-71.2,46.8,7.897434234619141,machine,5.847817130179859,0,83.95000396165122,6.6299241542551695,N,1.0,0.0
2026-10-07T17:57:48,codecarbon,cc8c5f8a-bbbf-4b03-a57b-ab84f9027170,5b0fa12a-3dd7-45bb-9766-cc326314d9f1,12778.431582299992,0.0001792900606849,1.4030678141544212e-08,2.9498103729406844,0.0,10.0,0.0101933144463663,0.0,0.0353423457808337,0.0455356602272,0.0,Canada,CAN,quebec,,,Windows-11-10.0.26200-SP0,3.13.14,3.2.8,4,Intel(R) Core(TM) i5-6200U CPU @ 2.30GHz,0,,-71.2,46.8,7.897434234619141,machine,5.840413072722956,0,83.95213262641451,6.630091661515281,N,1.0,0.0
2026-10-07T17:58:04,codecarbon,cc8c5f8a-bbbf-4b03-a57b-ab84f9027170,5b0fa12a-3dd7-45bb-9766-cc326314d9f1,12794.097991999995,0.0001794812253189,1.4028439162428692e-08,2.9488008817089795,0.0,10.0,0.0102012023517116,0.0,0.0353830094113892,0.0455842117631009,0.0,Canada,CAN,quebec,,,Windows-11-10.0.26200-SP0,3.13.14,3.2.8,4,Intel(R) Core(TM) i5-6200U CPU @ 2.30GHz,0,,-71.2,46.8,7.897434234619141,machine,5.849296553904521,0,83.95467910211825,6.630293064316428,N,1.0,0.0
2026-10-07T17:58:19,codecarbon,cc8c5f8a-bbbf-4b03-a57b-ab84f9027170,5b0fa12a-3dd7-45bb-9766-cc326314d9f1,12809.791004500004,0.0001796725732362,1.4026190838954697e-08,2.947517019701668,0.0,10.0,0.0102089978855448,0.0,0.0354238119633337,0.0456328098488784,0.0,Canada,CAN,quebec,,,Windows-11-10.0.26200-SP0,3.13.14,3.2.8,4,Intel(R) Core(TM) i5-6200U CPU @ 2.30GHz,0,,-71.2,46.8,7.897434234619141,machine,5.849802652352384,0,83.9576334070098,6.630527196714921,N,1.0,0.0
2026-10-07T17:58:35,codecarbon,cc8c5f8a-bbbf-4b03-a57b-ab84f9027170,5b0fa12a-3dd7-45bb-9766-cc326314d9f1,12825.452430699996,0.0001798650534596,1.4024070841280248e-08,2.9463004002448483,0.0,10.0,0.010217185110311,0.0,0.0354645104047226,0.0456816955150336,0.0,Canada,CAN,quebec,,,Windows-11-10.0.26200-SP0,3.13.14,3.2.8,4,Intel(R) Core(TM) i5-6200U CPU @ 2.30GHz,0,,-71.2,46.8,7.897434234619141,machine,5.850768745564929,0,83.95982023180635,6.630701163566461,N,1.0,0.0
2026-10-07T17:58:51,codecarbon,cc8c5f8a-bbbf-4b03-a57b-ab84f9027170,5b0fa12a-3dd7-45bb-9766-cc326314d9f1,12841.1678444,0.0001800578640947,1.4021922793672244e-08,2.945153862023139,0.0,10.0,0.0102253355422729,0.0,0.0355053295561115,0.0457306650983844,0.0,Canada,CAN,quebec,,,Windows-11-10.0.26200-SP0,3.13.14,3.2.8,4,Intel(R) Core(TM) i5-6200U CPU @ 2.30GHz,0,,-71.2,46.8,7.897434234619141,machine,5.843397117883298,0,83.96208362863217,6.6308808858793205,N,1.0,0.0
2026-10-07T17:59:07,codecarbon,cc8c5f8a-bbbf-4b03-a57b-ab84f9027170,5b0fa12a-3dd7-45bb-9766-cc326314d9f1,12856.914352099991,0.0001802555470078,1.4020125052665366e-08,2.944332213231032,0.0,10.0,0.0102346206428814,0.0,0.0355462514883337,0.0457808721312151,0.0,Canada,CAN,quebec,,,Windows-11-10.0.26200-SP0,3.13.14,3.2.8,4,Intel(R) Core(TM) i5-6200U CPU @ 2.30GHz,0,,-71.2,46.8,7.897434234619141,machine,5.836503067484663,0,83.96433852446123,6.631057603640134,N,1.0,0.0
2026-10-07T17:59:22,codecarbon,cc8c5f8a-bbbf-4b03-a57b-ab84f9027170,5b0fa12a-3dd7-45bb-9766-cc326314d9f1,12872.531216000005,0.0001804646472028,1.4019359842648665e-08,2.944545071771594,0.0,10.0,0.0102471410671243,0.0,0.0355868378308338,0.0458339788979581,0.0,Canada,CAN,quebec,,,Windows-11-10.0.26200-SP0,3.13.14,3.2.8,4,Intel(R) Core(TM) i5-6200U CPU @ 2.30GHz,0,,-71.2,46.8,7.897434234619141,machine,5.837022780832679,0,83.96704634721131,6.631271247833803,N,1.0,0.0
2026-10-07T17:59:38,codecarbon,cc8c5f8a-bbbf-4b03-a57b-ab84f9027170,5b0fa12a-3dd7-45bb-9766-cc326314d9f1,12888.213828699998,0.0001806586145955,1.4017350813440186e-08,2.943500182068777,0.0,10.0,0.010255642071538,0.0,0.0356276002002782,0.0458832422718161,0.0,Canada,CAN,quebec,,,Windows-11-10.0.26200-SP0,3.13.14,3.2.8,4,Intel(R) Core(TM) i5-6200U CPU @ 2.30GHz,0,,-71.2,46.8,7.897434234619141,machine,5.8301530011769325,0,83.96958022754022,6.631471496378501,N,1.0,0.0
2026-10-07T17:59:53,codecarbon,cc8c5f8a-bbbf-4b03-a57b-ab84f9027170,5b0fa12a-3dd7-45bb-9766-cc326314d9f1,12903.863800499996,0.0001808556160235,1.4015617246091713e-08,2.942749632950961,0.0,10.0,0.010265007787693,0.0,0.0356682684350004,0.0459332762226935,0.0,Canada,CAN,quebec,,,Windows-11-10.0.26200-SP0,3.13.14,3.2.8,4,Intel(R) Core(TM) i5-6200U CPU @ 2.30GHz,0,,-71.2,46.8,7.897434234619141,machine,5.822843037379516,0,83.97233759109788,6.631689719594802,N,1.0,0.0
2026-10-07T18:00:09,codecarbon,cc8c5f8a-bbbf-4b03-a57b-ab84f9027170,5b0fa12a-3dd7-45bb-9766-cc326314d9f1,12919.546461699996,0.0001810516198111,1.4013775200846469e-08,2.941977282557729,0.0,10.0,0.010274034824711,0.0,0.0357090219705559,0.0459830567952669,0.0,Canada,CAN,quebec,,,Windows-11-10.0.26200-SP0,3.13.14,3.2.8,4,Intel(R) Core(TM) i5-6200U CPU @ 2.30GHz,0,,-71.2,46.8,7.897434234619141,machine,5.816006574827802,0,83.97448340638698,6.6318570058198,N,1.0,0.0
2026-10-07T18:00:25,codecarbon,cc8c5f8a-bbbf-4b03-a57b-ab84f9027170,5b0fa12a-3dd7-45bb-9766-cc326314d9f1,12935.230947599994,0.0001812405706991,1.4011390398315484e-08,2.940567704668408,0.0,10.0,0.0102812487992886,0.0,0.0357497972900004,0.046031046089289,0.0,Canada,CAN,quebec,,,Windows-11-10.0.26200-SP0,3.13.14,3.2.8,4,Intel(R) Core(TM) i5-6200U CPU @ 2.30GHz,0,,-71.2,46.8,7.897434234619141,machine,5.808732020012508,0,83.97688398999375,6.632048753591684,N,1.0,0.0
2026-10-07T18:00:41,codecarbon,cc8c5f8a-bbbf-4b03-a57b-ab84f9027170,5b0fa12a-3dd7-45bb-9766-cc326314d9f1,12950.926491699996,0.0001814386519507,1.4009704407407392e-08,2.939829925119376,0.0,10.0,0.0102907480189543,0.0,0.0357906062722226,0.046081354291177,0.0,Canada,CAN,quebec,,,Windows-11-10.0.26200-SP0,3.13.14,3.2.8,4,Intel(R) Core(TM) i5-6200U CPU @ 2.30GHz,0,,-71.2,46.8,7.897434234619141,machine,5.817090880699563,0,83.97891942535915,6.632209260786868,N,1.0,0.0
2026-10-07T18:00:56,codecarbon,cc8c5f8a-bbbf-4b03-a57b-ab84f9027170,5b0fa12a-3dd7-45bb-9766-cc326314d9f1,12966.586607999998,0.0001816993697421,1.4012891382691606e-08,2.942487437028636,0.0,10.0,0.0103162543344905,0.0,0.0358313164369448,0.0461475707714353,0.0,Canada,CAN,quebec,,,Windows-11-10.0.26200-SP0,3.13.14,3.2.8,4,Intel(R) Core(TM) i5-6200U CPU @ 2.30GHz,0,,-71.2,46.8,7.897434234619141,machine,5.841480152850347,0,83.98237541916868,6.632482153999539,N,1.0,0.0
2026-10-07T18:01:12,codecarbon,cc8c5f8a-bbbf-4b03-a57b-ab84f9027170,5b0fa12a-3dd7-45bb-9766-cc326314d9f1,12982.266977199994,0.0001819067332262,1.4011939020027964e-08,2.9430126038480418,0.0,10.0,0.0103281961661139,0.0,0.0358720402863893,0.0462002364525032,0.0,Canada,CAN,quebec,,,Windows-11-10.0.26200-SP0,3.13.14,3.2.8,4,Intel(R) Core(TM) i5-6200U CPU @ 2.30GHz,0,,-71.2,46.8,7.897434234619141,machine,5.834200482903653,0,83.98525586104836,6.632709072055693,N,1.0,0.0
2026-10-07T18:01:28,codecarbon,cc8c5f8a-bbbf-4b03-a57b-ab84f9027170,5b0fa12a-3dd7-45bb-9766-cc326314d9f1,12998.11657269999,0.000182114912859,1.4010869331755644e-08,2.942624447430031,0.0,10.0,0.0103398878759508,0.0,0.0359132215411115,0.0462531094170623,0.0,Canada,CAN,quebec,,,Windows-11-10.0.26200-SP0,3.13.14,3.2.8,4,Intel(R) Core(TM) i5-6200U CPU @ 2.30GHz,0,,-71.2,46.8,7.897434234619141,machine,5.82998288470515,0,83.98763808931072,6.632898097129527,N,1.0,0.0
2026-10-07T18:01:43,codecarbon,cc8c5f8a-bbbf-4b03-a57b-ab84f9027170,5b0fa12a-3dd7-45bb-9766-cc326314d9f1,13013.719721999994,0.0001823157371139,1.4009502356635476e-08,2.942448878856248,0.0,10.0,0.010350350159814,0.0,0.035953764120556,0.04630411428037,0.0,Canada,CAN,quebec,,,Windows-11-10.0.26200-SP0,3.13.14,3.2.8,4,Intel(R) Core(TM) i5-6200U CPU @ 2.30GHz,0,,-71.2,46.8,7.897434234619141,machine,5.833092463092463,0,83.99094794094795,6.633159924368573,N,1.0,0.0
2026-10-07T18:01:59,codecarbon,cc8c5f8a-bbbf-4b03-a57b-ab84f9027170,5b0fa12a-3dd7-45bb-9766-cc326314d9f1,13029.460141799997,0.0001825531075501,1.4010795962640722e-08,2.947152500739705,0.0,10.0,0.0103698824358193,0.0,0.0359945186194448,0.0463644010552642,0.0,Canada,CAN,quebec,,,Windows-11-10.0.26200-SP0,3.13.14,3.2.8,4,Intel(R) Core(TM) i5-6200U CPU @ 2.30GHz,0,,-71.2,46.8,7.897434234619141,machine,5.8263019014357775,0,83.9937601862631,6.633383282627022,N,1.0,0.0
2026-10-07T18:02:15,codecarbon,cc8c5f8a-bbbf-4b03-a57b-ab84f9027170,5b0fa12a-3dd7-45bb-9766-cc326314d9f1,13045.341297299994,0.0001827637270638,1.4009884670604745e-08,2.9472405172727574,0.0,10.0,0.0103820896079995,0.0,0.0360358040869448,0.0464178936949443,0.0,Canada,CAN,quebec,,,Windows-11-10.0.26200-SP0,3.13.14,3.2.8,4,Intel(R) Core(TM) i5-6200U CPU @ 2.30GHz,0,,-71.2,46.8,7.897434234619141,machine,5.819076040617006,0,83.99644213626851,6.633594301816761,N,1.0,0.0
2026-10-07T18:02:31,codecarbon,cc8c5f8a-bbbf-4b03-a57b-ab84f9027170,5b0fa12a-3dd7-45bb-9766-cc326314d9f1,13061.057404099993,0.0001831632642321,1.4023616814875075e-08,2.9464075329012327,0.0,10.0,0.0104024134717088,0.0,0.0361169537163892,0.046519367188098,0.0,Canada,CAN,quebec,,,Windows-11-10.0.26200-SP0,3.13.14,3.2.8,4,Intel(R) Core(TM) i5-6200U CPU @ 2.30GHz,0,,-71.2,46.8,7.897434234619141,machine,5.811868080823721,0,83.99924905163738,6.633816089055722,N,1.0,0.0
2026-10-07T18:02:46,codecarbon,cc8c5f8a-bbbf-4b03-a57b-ab84f9027170,5b0fa12a-3dd7-45bb-9766-cc326314d9f1,13076.769394499992,0.0001833915441283,1.4024224072155232e-08,2.9489415124790543,0.0,10.0,0.0104195630885848,0.0,0.0361577820808337,0.0465773451694186,0.0,Canada,CAN,quebec,,,Windows-11-10.0.26200-SP0,3.13.14,3.2.8,4,Intel(R) Core(TM) i5-6200U CPU @ 2.30GHz,0,,-71.2,46.8,7.897434234619141,machine,5.805126817197649,0,84.00255180946489,6.63407731078337,N,1.0,0.0
2026-10-07T18:03:02,codecarbon,cc8c5f8a-bbbf-4b03-a57b-ab84f9027170,5b0fa12a-3dd7-45bb-9766-cc326314d9f1,13092.600801499995,0.0001836039555493,1.4023489933969768e-08,2.948410502360902,0.0,10.0,0.0104323466503469,0.0,0.0361989462630559,0.0466312929134029,0.0,Canada,CAN,quebec,,,Windows-11-10.0.26200-SP0,3.13.14,3.2.8,4,Intel(R) Core(TM) i5-6200U CPU @ 2.30GHz,0,,-71.2,46.8,7.897434234619141,machine,5.805676552363299,0,84.00562248995985,6.634318530283337,N,1.0,0.0
2026-10-07T18:03:18,codecarbon,cc8c5f8a-bbbf-4b03-a57b-ab84f9027170,5b0fa12a-3dd7-45bb-9766-cc326314d9f1,13108.237052700002,0.000183818673182,1.4023142276342447e-08,2.951038925127348,0.0,10.0,0.0104462346976946,0.0,0.0362395916858337,0.0466858263835283,0.0,Canada,CAN,quebec,,,Windows-11-10.0.26200-SP0,3.13.14,3.2.8,4,Intel(R) Core(TM) i5-6200U CPU @ 2.30GHz,0,,-71.2,46.8,7.897434234619141,machine,5.798958574404073,0,84.00864768957804,6.634558274441917,N,1.0,0.0
2026-10-07T18:03:33,codecarbon,cc8c5f8a-bbbf-4b03-a57b-ab84f9027170,5b0fa12a-3dd7-45bb-9766-cc326314d9f1,13123.83017,0.0001840205199599,1.4021860811686088e-08,2.950365697092266,0.0,10.0,0.01045700295283,0.0,0.0362800879919448,0.0467370909447749,0.0,Canada,CAN,quebec,,,Windows-11-10.0.26200-SP0,3.13.14,3.2.8,4,Intel(R) Core(TM) i5-6200U CPU @ 2.30GHz,0,,-71.2,46.8,7.897434234619141,machine,5.791809846675398,0,84.0117959781185,6.634807417963841,N,1.0,0.0
2026-10-07T18:03:49,codecarbon,cc8c5f8a-bbbf-4b03-a57b-ab84f9027170,5b0fa12a-3dd7-45bb-9766-cc326314d9f1,13139.4727115,0.000184224530326,1.4020694313313752e-08,2.9500775040295824,0.0,10.0,0.0104682137623069,0.0,0.036320691246667,0.046788905008974,0.0,Canada,CAN,quebec,,,Windows-11-10.0.26200-SP0,3.13.14,3.2.8,4,Intel(R) Core(TM) i5-6200U CPU @ 2.30GHz,0,,-71.2,46.8,7.897434234619141,machine,5.785123903340002,0,84.01461443743266,6.635029442992526,N,1.0,0.0
2026-10-07T18:04:05,codecarbon,cc8c5f8a-bbbf-4b03-a57b-ab84f9027170,5b0fa12a-3dd7-45bb-9766-cc326314d9f1,13155.139848199991,0.0001844152350428,1.4018492936669486e-08,2.9488618712286887,0.0,10.0,0.0104759380187292,0.0,0.0363614017175004,0.0468373397362296,0.0,Canada,CAN,quebec,,,Windows-11-10.0.26200-SP0,3.13.14,3.2.8,4,Intel(R) Core(TM) i5-6200U CPU @ 2.30GHz,0,,-71.2,46.8,7.897434234619141,machine,5.778009223674096,0,84.01786318216756,6.6352842652000525,N,1.0,0.0
2026-10-07T18:04:20,codecarbon,cc8c5f8a-bbbf-4b03-a57b-ab84f9027170,5b0fa12a-3dd7-45bb-9766-cc326314d9f1,13170.856411,0.0001846074413449,1.40163582066521e-08,2.9476879596352354,0.0,10.0,0.0104839052336199,0.0,0.0364022505988892,0.0468861558325092,0.0,Canada,CAN,quebec,,,Windows-11-10.0.26200-SP0,3.13.14,3.2.8,4,Intel(R) Core(TM) i5-6200U CPU @ 2.30GHz,0,,-71.2,46.8,7.897434234619141,machine,5.7785889758943645,0,84.02106556118531,6.635537419728414,N,1.0,0.0
2026-10-07T18:04:36,codecarbon,cc8c5f8a-bbbf-4b03-a57b-ab84f9027170,5b0fa12a-3dd7-45bb-9766-cc326314d9f1,13186.626109499994,0.0001848221853023,1.40158812244762e-08,2.948652994307888,0.0,10.0,0.0104974548296185,0.0,0.0364432411588892,0.0469406959885077,0.0,Canada,CAN,quebec,,,Windows-11-10.0.26200-SP0,3.13.14,3.2.8,4,Intel(R) Core(TM) i5-6200U CPU @ 2.30GHz,0,,-71.2,46.8,7.897434234619141,machine,5.779610459320604,0,84.02452265930528,6.635809168330402,N,1.0,0.0
2026-10-07T18:04:52,codecarbon,cc8c5f8a-bbbf-4b03-a57b-ab84f9027170,5b0fa12a-3dd7-45bb-9766-cc326314d9f1,13202.33533789999,0.0001850335883651,1.40152165226416e-08,2.94871576934734,0.0,10.0,0.0105103507660083,0.0,0.0364840368661115,0.0469943876321198,0.0,Canada,CAN,quebec,,,Windows-11-10.0.26200-SP0,3.13.14,3.2.8,4,Intel(R) Core(TM) i5-6200U CPU @ 2.30GHz,0,,-71.2,46.8,7.897434234619141,machine,5.772970281862745,0,84.02772671568627,6.636063025278204,N,1.0,0.0
2026-10-07T18:05:08,codecarbon,cc8c5f8a-bbbf-4b03-a57b-ab84f9027170,5b0fa12a-3dd7-45bb-9766-cc326314d9f1,13218.10543299999,0.0001852615601765,1.4015742355484938e-08,2.950055528737883,0.0,10.0,0.0105272366942973,0.0,0.0365250506725004,0.0470522873667977,0.0,Canada,CAN,quebec,,,Windows-11-10.0.26200-SP0,3.13.14,3.2.8,4,Intel(R) Core(TM) i5-6200U CPU @ 2.30GHz,0,,-71.2,46.8,7.897434234619141,machine,5.777379130966952,0,84.02932986536106,6.636189194029081,N,1.0,0.0
2026-10-07T18:05:23,codecarbon,cc8c5f8a-bbbf-4b03-a57b-ab84f9027170,5b0fa12a-3dd7-45bb-9766-cc326314d9f1,13233.834993899987,0.0001854846658766,1.4015942163562862e-08,2.9511156891629984,0.0,10.0,0.0105430433056812,0.0,0.0365659079125004,0.0471089512181817,0.0,Canada,CAN,quebec,,,Windows-11-10.0.26200-SP0,3.13.14,3.2.8,4,Intel(R) Core(TM) i5-6200U CPU @ 2.30GHz,0,,-71.2,46.8,7.897434234619141,machine,5.776046760391198,0,84.03008099022004,6.636248211988901,N,1.0,0.0
2026-10-07T18:05:39,codecarbon,cc8c5f8a-bbbf-4b03-a57b-ab84f9027170,5b0fa12a-3dd7-45bb-9766-cc326314d9f1,13249.653521899992,0.0001857590027337,1.4019913986936262e-08,2.9558524690144856,0.0,10.0,0.0105716705730789,0.0,0.036606956063056,0.0471786266361349,0.0,Canada,CAN,quebec,,,Windows-11-10.0.26200-SP0,3.13.14,3.2.8,4,Intel(R) Core(TM) i5-6200U CPU @ 2.30GHz,0,,-71.2,46.8,7.897434234619141,machine,5.784698160726551,0,84.03149660383119,6.636360294517012,N,1.0,0.0
2026-10-07T18:05:55,codecarbon,cc8c5f8a-bbbf-4b03-a57b-ab84f9027170,5b0fa12a-3dd7-45bb-9766-cc326314d9f1,13265.604102099998,0.0001860251080568,1.4023116220348054e-08,2.960276302243888,0.0,10.0,0.0105979365596349,0.0,0.0366482748691671,0.047246211428802,0.0,Canada,CAN,quebec,,,Windows-11-10.0.26200-SP0,3.13.14,3.2.8,4,Intel(R) Core(TM) i5-6200U CPU @ 2.30GHz,0,,-71.2,46.8,7.897434234619141,machine,5.792888177452549,0,84.03720557969358,6.636809661281355,N,1.0,0.0
2026-10-07T18:06:11,codecarbon,cc8c5f8a-bbbf-4b03-a57b-ab84f9027170,5b0fa12a-3dd7-45bb-9766-cc326314d9f1,13281.292010699995,0.0001862362534554,1.4022450022588525e-08,2.961000241837267,0.0,10.0,0.0106108399822873,0.0,0.036688997649167,0.0472998376314544,0.0,Canada,CAN,quebec,,,Windows-11-10.0.26200-SP0,3.13.14,3.2.8,4,Intel(R) Core(TM) i5-6200U CPU @ 2.30GHz,0,,-71.2,46.8,7.897434234619141,machine,5.793886097152428,0,84.03747525506319,6.636830703551791,N,1.0,0.0
2026-10-07T18:06:27,codecarbon,cc8c5f8a-bbbf-4b03-a57b-ab84f9027170,5b0fa12a-3dd7-45bb-9766-cc326314d9f1,13296.975416100002,0.0001864366413972,1.4020981130149634e-08,2.9607112974588565,0.0,10.0,0.010620975293488,0.0,0.0367297563875004,0.0473507316809884,0.0,Canada,CAN,quebec,,,Windows-11-10.0.26200-SP0,3.13.14,3.2.8,4,Intel(R) Core(TM) i5-6200U CPU @ 2.30GHz,0,,-71.2,46.8,7.897434234619141,machine,5.794441064638783,0,84.0375969581749,6.636840453637417,N,1.0,0.0
2026-10-07T18:06:42,codecarbon,cc8c5f8a-bbbf-4b03-a57b-ab84f9027170,5b0fa12a-3dd7-45bb-9766-cc326314d9f1,13312.779408100005,0.0001866535871759,1.4020632465549271e-08,2.961474978292544,0.0,10.0,0.0106350073155722,0.0,0.0367708237347226,0.0474058310502948,0.0,Canada,CAN,quebec,,,Windows-11-10.0.26200-SP0,3.13.14,3.2.8,4,Intel(R) Core(TM) i5-6200U CPU @ 2.30GHz,0,,-71.2,46.8,7.897434234619141,machine,5.7878389669578425,0,84.03772882643372,6.636851061318612,N,1.0,0.0
2026-10-07T18:06:58,codecarbon,cc8c5f8a-bbbf-4b03-a57b-ab84f9027170,5b0fa12a-3dd7-45bb-9766-cc326314d9f1,13328.575072599995,0.0001868632410591,1.4019746300058612e-08,2.961408439544804,0.0,10.0,0.0106471676464538,0.0,0.0368119107950004,0.0474590784414542,0.0,Canada,CAN,quebec,,,Windows-11-10.0.26200-SP0,3.13.14,3.2.8,4,Intel(R) Core(TM) i5-6200U CPU @ 2.30GHz,0,,-71.2,46.8,7.897434234619141,machine,5.780813291859494,0,84.03791821561339,6.636865160170586,N,1.0,0.0
2026-10-07T18:07:14,codecarbon,cc8c5f8a-bbbf-4b03-a57b-ab84f9027170,5b0fa12a-3dd7-45bb-9766-cc326314d9f1,13344.17432169999,0.0001870714896818,1.4018963269810228e-08,2.9610906559949,0.0,10.0,0.0106595387034687,0.0,0.0368524302244448,0.0475119689279135,0.0,Canada,CAN,quebec,,,Windows-11-10.0.26200-SP0,3.13.14,3.2.8,4,Intel(R) Core(TM) i5-6200U CPU @ 2.30GHz,0,,-71.2,46.8,7.897434234619141,machine,5.7738046525725535,0,84.03831173751611,6.636896158426361,N,1.0,0.0
2026-10-07T18:07:29,codecarbon,cc8c5f8a-bbbf-4b03-a57b-ab84f9027170,5b0fa12a-3dd7-45bb-9766-cc326314d9f1,13359.842141699992,0.0001872762000187,1.4017845273350662e-08,2.9617364772733863,0.0,10.0,0.0106708156581763,0.0,0.0368931451108337,0.04756396076901,0.0,Canada,CAN,quebec,,,Windows-11-10.0.26200-SP0,3.13.14,3.2.8,4,Intel(R) Core(TM) i5-6200U CPU @ 2.30GHz,0,,-71.2,46.8,7.897434234619141,machine,5.767249470178625,0,84.03869209809264,6.63692631982797,N,1.0,0.0
2026-10-07T18:07:45,codecarbon,cc8c5f8a-bbbf-4b03-a57b-ab84f9027170,5b0fa12a-3dd7-45bb-9766-cc326314d9f1,13375.5419369,0.0001874892748505,1.4017321745548067e-08,2.961623993201465,0.0,10.0,0.0106841464820076,0.0,0.0369339305225003,0.0476180770045079,0.0,Canada,CAN,quebec,,,Windows-11-10.0.26200-SP0,3.13.14,3.2.8,4,Intel(R) Core(TM) i5-6200U CPU @ 2.30GHz,0,,-71.2,46.8,7.897434234619141,machine,5.768269448854615,0,84.03916987979134,6.636462661482468,N,1.0,0.0
2026-10-07T18:08:01,codecarbon,cc8c5f8a-bbbf-4b03-a57b-ab84f9027170,5b0fa12a-3dd7-45bb-9766-cc326314d9f1,13391.285483799991,0.0001878886475225,1.4030665521232288e-08,2.96175854032712,0.0,10.0,0.0107043474709255,0.0,0.0370151612483337,0.0477195087192592,0.0,Canada,CAN,quebec,,,Windows-11-10.0.26200-SP0,3.13.14,3.2.8,4,Intel(R) Core(TM) i5-6200U CPU @ 2.30GHz,0,,-71.2,46.8,7.897434234619141,machine,5.791504946009212,0,84.04154647738427,6.637152056170853,N,1.0,0.0
2026-10-07T18:08:17,codecarbon,cc8c5f8a-bbbf-4b03-a57b-ab84f9027170,5b0fa12a-3dd7-45bb-9766-cc326314d9f1,13406.999468299997,0.0001880981101177,1.4029843930591872e-08,2.96099112109956,0.0,10.0,0.0107167123322753,0.0,0.0370559951952781,0.0477727075275534,0.0,Canada,CAN,quebec,,,Windows-11-10.0.26200-SP0,3.13.14,3.2.8,4,Intel(R) Core(TM) i5-6200U CPU @ 2.30GHz,0,,-71.2,46.8,7.897434234619141,machine,5.792058224602156,0,84.04466400181009,6.637399009004313,N,1.0,0.0
2026-10-07T18:08:32,codecarbon,cc8c5f8a-bbbf-4b03-a57b-ab84f9027170,5b0fa12a-3dd7-45bb-9766-cc326314d9f1,13422.626912099991,0.0001882934062944,1.4028059300724348e-08,2.9598243106902182,0.0,10.0,0.0107256916038934,0.0,0.0370966167788892,0.0478223083827826,0.0,Canada,CAN,quebec,,,Windows-11-10.0.26200-SP0,3.13.14,3.2.8,4,Intel(R) Core(TM) i5-6200U CPU @ 2.30GHz,0,,-71.2,46.8,7.897434234619141,machine,5.785513032996835,0,84.04759680578574,6.63762973356053,N,1.0,0.0
2026-10-07T18:08:48,codecarbon,cc8c5f8a-bbbf-4b03-a57b-ab84f9027170,5b0fa12a-3dd7-45bb-9766-cc326314d9f1,13438.261895899996,0.0001884873000736,1.4026166593104157e-08,2.958721036123962,0.0,10.0,0.0107343104571349,0.0,0.0371372426033336,0.0478715530604685,0.0,Canada,CAN,quebec,,,Windows-11-10.0.26200-SP0,3.13.14,3.2.8,4,Intel(R) Core(TM) i5-6200U CPU @ 2.30GHz,0,,-71.2,46.8,7.897434234619141,machine,5.778982617202197,0,84.05020693806908,6.637834383749031,N,1.0,0.0
2026-10-07T18:09:04,codecarbon,cc8c5f8a-bbbf-4b03-a57b-ab84f9027170,5b0fa12a-3dd7-45bb-9766-cc326314d9f1,13453.9297315,0.0001886741838875,1.4023723005318533e-08,2.9572596360690824,0.0,10.0,0.0107410524914552,0.0,0.0371779648725003,0.0479190173639555,0.0,Canada,CAN,quebec,,,Windows-11-10.0.26200-SP0,3.13.14,3.2.8,4,Intel(R) Core(TM) i5-6200U CPU @ 2.30GHz,0,,-71.2,46.8,7.897434234619141,machine,5.7720330702743325,0,84.05317549793311,6.638068065048384,N,1.0,0.0
2026-10-07T18:09:19,codecarbon,cc8c5f8a-bbbf-4b03-a57b-ab84f9027170,5b0fa12a-3dd7-45bb-9766-cc326314d9f1,13469.5890431,0.0001888603977372,1.4021244236398113e-08,2.955721743518889,0.0,10.0,0.010747675654853,0.0,0.037218635856667,0.0479663115115199,0.0,Canada,CAN,quebec,,,Windows-11-10.0.26200-SP0,3.13.14,3.2.8,4,Intel(R) Core(TM) i5-6200U CPU @ 2.30GHz,0,,-71.2,46.8,7.897434234619141,machine,5.772607161624502,0,84.056249530816,6.638310725888855,N,1.0,0.0
2026-10-07T18:09:35,codecarbon,cc8c5f8a-bbbf-4b03-a57b-ab84f9027170,5b0fa12a-3dd7-45bb-9766-cc326314d9f1,13485.246587999996,0.0001890608635139,1.4019829914133743e-08,2.9555926198269096,0.0,10.0,0.0107578672141072,0.0,0.0372593581152781,0.0480172253293853,0.0,Canada,CAN,quebec,,,Windows-11-10.0.26200-SP0,3.13.14,3.2.8,4,Intel(R) Core(TM) i5-6200U CPU @ 2.30GHz,0,,-71.2,46.8,7.897434234619141,machine,5.773612777444511,0,84.05833083383322,6.6384735916929465,N,1.0,0.0
2026-10-07T18:09:50,codecarbon,cc8c5f8a-bbbf-4b03-a57b-ab84f9027170,5b0fa12a-3dd7-45bb-9766-cc326314d9f1,13500.863627500004,0.000189322325053,1.4022978846140061e-08,2.958000760501348,0.0,10.0,0.0107836989235275,0.0,0.0372999317813892,0.0480836307049167,0.0,Canada,CAN,quebec,,,Windows-11-10.0.26200-SP0,3.13.14,3.2.8,4,Intel(R) Core(TM) i5-6200U CPU @ 2.30GHz,0,,-71.2,46.8,7.897434234619141,machine,5.804576436222005,0,84.06151599131151,6.638725360764358,N,1.0,0.0
2026-10-07T18:10:06,codecarbon,cc8c5f8a-bbbf-4b03-a57b-ab84f9027170,5b0fa12a-3dd7-45bb-9766-cc326314d9f1,13516.4966424,0.0001895104027729,1.4020674719698285e-08,2.956698654264631,0.0,10.0,0.0107908432743485,0.0,0.0373405549594448,0.0481313982337933,0.0,Canada,CAN,quebec,,,Windows-11-10.0.26200-SP0,3.13.14,3.2.8,4,Intel(R) Core(TM) i5-6200U CPU @ 2.30GHz,0,,-71.2,46.8,7.897434234619141,machine,5.805109598264382,0,84.06355203112142,6.638886250313052,N,1.0,0.0
2026-10-07T18:10:22,codecarbon,cc8c5f8a-bbbf-4b03-a57b-ab84f9027170,5b0fa12a-3dd7-45bb-9766-cc326314d9f1,13532.088866899998,0.0001897022053474,1.4018693434053068e-08,2.9556225557321527,0.0,10.0,0.0107990364431328,0.0,0.037381075349167,0.0481801117922998,0.0,Canada,CAN,quebec,,,Windows-11-10.0.26200-SP0,3.13.14,3.2.8,4,Intel(R) Core(TM) i5-6200U CPU @ 2.30GHz,0,,-71.2,46.8,7.897434234619141,machine,5.798602600508145,0,84.06603646689582,6.639082686709745,N,1.0,0.0
2026-10-07T18:10:37,codecarbon,cc8c5f8a-bbbf-4b03-a57b-ab84f9027170,5b0fa12a-3dd7-45bb-9766-cc326314d9f1,13547.69774209999,0.0001899335090532,1.4019615189895114e-08,2.95778988605189,0.0,10.0,0.0108172575038271,0.0,0.0374216002497225,0.0482388577535496,0.0,Canada,CAN,quebec,,,Windows-11-10.0.26200-SP0,3.13.14,3.2.8,4,Intel(R) Core(TM) i5-6200U CPU @ 2.30GHz,0,,-71.2,46.8,7.897434234619141,machine,5.806605463502015,0,84.06951783848335,6.639356985859488,N,1.0,0.0
2026-10-07T18:10:53,codecarbon,cc8c5f8a-bbbf-4b03-a57b-ab84f9027170,5b0fa12a-3dd7-45bb-9766-cc326314d9f1,13563.500478699993,0.0001902514065808,1.4026718757418e-08,2.965321801031339,0.0,10.0,0.0108569003012636,0.0,0.0374626963050003,0.0483195966062639,0.0,Canada,CAN,quebec,,,Windows-11-10.0.26200-SP0,3.13.14,3.2.8,4,Intel(R) Core(TM) i5-6200U CPU @ 2.30GHz,0,,-71.2,46.8,7.897434234619141,machine,5.837389100126742,0,84.07597852829345,6.639866855012431,N,1.0,0.0
2026-10-07T18:11:09,codecarbon,cc8c5f8a-bbbf-4b03-a57b-ab84f9027170,5b0fa12a-3dd7-45bb-9766-cc326314d9f1,13579.2727973,0.00019061282603,1.4037042253689442e-08,2.975972120035954,0.0,10.0,0.0109076680379677,0.0,0.0375037210144447,0.0484113890524124,0.0,Canada,CAN,quebec,,,Windows-11-10.0.26200-SP0,3.13.14,3.2.8,4,Intel(R) Core(TM) i5-6200U CPU @ 2.30GHz,0,,-71.2,46.8,7.897434234619141,machine,5.882998212689901,0,84.0874888293119,6.640775837072987,N,1.0,0.0
2026-10-07T18:11:25,codecarbon,cc8c5f8a-bbbf-4b03-a57b-ab84f9027170,5b0fa12a-3dd7-45bb-9766-cc326314d9f1,13594.910062099996,0.0001908649345156,1.4039440764505853e-08,2.979083672865629,0.0,10.0,0.0109310648384618,0.0,0.0375443541233336,0.0484754189617954,0.0,Canada,CAN,quebec,,,Windows-11-10.0.26200-SP0,3.13.14,3.2.8,4,Intel(R) Core(TM) i5-6200U CPU @ 2.30GHz,0,,-71.2,46.8,7.897434234619141,machine,5.898311514430229,0,84.10351829812555,6.642042073207539,N,1.0,0.0
2026-10-07T18:11:40,codecarbon,cc8c5f8a-bbbf-4b03-a57b-ab84f9027170,5b0fa12a-3dd7-45bb-9766-cc326314d9f1,13610.509351699991,0.0001910971683716,1.4040412701218144e-08,2.9807623390855937,0.0,10.0,0.0109494993642541,0.0,0.0375849017961114,0.0485344011603655,0.0,Canada,CAN,quebec,,,Windows-11-10.0.26200-SP0,3.13.14,3.2.8,4,Intel(R) Core(TM) i5-6200U CPU @ 2.30GHz,0,,-71.2,46.8,7.897434234619141,machine,5.906597815588082,0,84.11520172375363,6.642965015627068,N,1.0,0.0
2026-10-07T18:11:56,codecarbon,cc8c5f8a-bbbf-4b03-a57b-ab84f9027170,5b0fa12a-3dd7-45bb-9766-cc326314d9f1,13626.172612299995,0.0001913258055796,1.4041052540821e-08,2.9823507938827727,0.0,10.0,0.0109668668855928,0.0,0.037625603005278,0.0485924698908709,0.0,Canada,CAN,quebec,,,Windows-11-10.0.26200-SP0,3.13.14,3.2.8,4,Intel(R) Core(TM) i5-6200U CPU @ 2.30GHz,0,,-71.2,46.8,7.897434234619141,machine,5.899584415584415,0,84.12071243042672,6.643400096150188,N,1.0,0.0
2026-10-07T18:12:12,codecarbon,cc8c5f8a-bbbf-4b03-a57b-ab84f9027170,5b0fa12a-3dd7-45bb-9766-cc326314d9f1,13641.9527981,0.000191576519424,1.4043188849817e-08,2.987189881241841,0.0,10.0,0.010989506767911,0.0,0.0376666388247225,0.0486561455926335,0.0,Canada,CAN,quebec,,,Windows-11-10.0.26200-SP0,3.13.14,3.2.8,4,Intel(R) Core(TM) i5-6200U CPU @ 2.30GHz,0,,-71.2,46.8,7.897434234619141,machine,5.922676056338028,0,84.12273535952558,6.643558778472968,N,1.0,0.0
2026-10-07T18:12:27,codecarbon,cc8c5f8a-bbbf-4b03-a57b-ab84f9027170,5b0fa12a-3dd7-45bb-9766-cc326314d9f1,13657.614123399995,0.0001917773557748,1.4041790465160974e-08,2.986979492459451,0.0,10.0,0.010999917133855,0.0,0.037707236394167,0.048707153528022,0.0,Canada,CAN,quebec,,,Windows-11-10.0.26200-SP0,3.13.14,3.2.8,4,Intel(R) Core(TM) i5-6200U CPU @ 2.30GHz,0,,-71.2,46.8,7.897434234619141,machine,5.923063823485858,0,84.12519620909225,6.64375231090553,N,1.0,0.0
2026-10-07T18:12:43,codecarbon,cc8c5f8a-bbbf-4b03-a57b-ab84f9027170,5b0fa12a-3dd7-45bb-9766-cc326314d9f1,13673.342704900002,0.0001920953505514,1.4048894604434608e-08,2.9919609542129115,0.0,10.0,0.0110398402298225,0.0,0.0377480768500003,0.0487879170798229,0.0,Canada,CAN,quebec,,,Windows-11-10.0.26200-SP0,3.13.14,3.2.8,4,Intel(R) Core(TM) i5-6200U CPU @ 2.30GHz,0,,-71.2,46.8,7.897434234619141,machine,5.958846153846154,0,84.12829142011834,6.643997681352514,N,1.0,0.0
2026-10-07T18:12:59,codecarbon,cc8c5f8a-bbbf-4b03-a57b-ab84f9027170,5b0fa12a-3dd7-45bb-9766-cc326314d9f1,13689.395105000003,0.000192448709808,1.4058233277066842e-08,3.0034166552205463,0.0,10.0,0.0110889867192058,0.0,0.0377886756983337,0.0488776624175394,0.0,Canada,CAN,quebec,,,Windows-11-10.0.26200-SP0,3.13.14,3.2.8,4,Intel(R) Core(TM) i5-6200U CPU @ 2.30GHz,0,,-71.2,46.8,7.897434234619141,machine,5.996571850757296,0,84.13433321019579,6.644474542770696,N,1.0,0.0
2026-10-07T18:13:15,codecarbon,cc8c5f8a-bbbf-4b03-a57b-ab84f9027170,5b0fa12a-3dd7-45bb-9766-cc326314d9f1,13705.057641199994,0.0001926600563691,1.4057588184819196e-08,3.0035814876228697,0.0,10.0,0.011101944694876,0.0,0.0378293950161115,0.0489313397109876,0.0,Canada,CAN,quebec,,,Windows-11-10.0.26200-SP0,3.13.14,3.2.8,4,Intel(R) Core(TM) i5-6200U CPU @ 2.30GHz,0,,-71.2,46.8,7.897434234619141,machine,5.989491550439082,0,84.14497085085972,6.645315149315837,N,1.0,0.0
2026-10-07T18:13:30,codecarbon,cc8c5f8a-bbbf-4b03-a57b-ab84f9027170,5b0fa12a-3dd7-45bb-9766-cc326314d9f1,13720.74772649999,0.000192908703645,1.4059634904041753e-08,3.0062103283538426,0.0,10.0,0.0111243455470062,0.0,0.0378701450036115,0.0489944905506177,0.0,Canada,CAN,quebec,,,Windows-11-10.0.26200-SP0,3.13.14,3.2.8,4,Intel(R) Core(TM) i5-6200U CPU @ 2.30GHz,0,,-71.2,46.8,7.897434234619141,machine,5.990240306648976,0,84.1578726227333,6.646334916814562,N,1.0,0.0
2026-10-07T18:13:46,codecarbon,cc8c5f8a-bbbf-4b03-a57b-ab84f9027170,5b0fa12a-3dd7-45bb-9766-cc326314d9f1,13736.4926538,0.0001932975429789,1.4071826619113222e-08,3.012543271053525,0.0,10.00557413600892,0.0111418579931354,0.0,0.0379513890402782,0.0490932470334136,0.0,Canada,CAN,quebec,,,Windows-11-10.0.26200-SP0,3.13.14,3.2.8,4,Intel(R) Core(TM) i5-6200U CPU @ 2.30GHz,0,,-71.2,46.8,7.897434234619141,machine,5.983183625386541,0,84.16894419084083,6.647210788909368,N,1.0,0.0
2026-10-07T18:14:02,codecarbon,cc8c5f8a-bbbf-4b03-a57b-ab84f9027170,5b0fa12a-3dd7-45bb-9766-cc326314d9f1,13752.1563492,0.0001940055456544,1.4107281849345765e-08,3.0206684663601138,0.0,10.0,0.0112393104042547,0.0,0.038033753453056,0.0492730638573107,0.0,Canada,CAN,quebec,,,Windows-11-10.0.26200-SP0,3.13.14,3.2.8,4,Intel(R) Core(TM) i5-6200U CPU @ 2.30GHz,0,,-71.2,46.8,7.897434234619141,machine,6.020710450834743,0,84.17394278149592,6.647606116792354,N,1.0,0.0
2026-10-07T18:14:18,codecarbon,cc8c5f8a-bbbf-4b03-a57b-ab84f9027170,5b0fa12a-3dd7-45bb-9766-cc326314d9f1,13767.955988699992,0.0001943457900571,1.4115805586297328e-08,3.026241838873888,0.0,10.0,0.0112847415691962,0.0,0.0380747367466671,0.0493594783158633,0.0,Canada,CAN,quebec,,,Windows-11-10.0.26200-SP0,3.13.14,3.2.8,4,Intel(R) Core(TM) i5-6200U CPU @ 2.30GHz,0,,-71.2,46.8,7.897434234619141,machine,6.065501028504261,0,84.17660887452249,6.647816547883667,N,1.0,0.0
2026-10-07T18:14:33,codecarbon,cc8c5f8a-bbbf-4b03-a57b-ab84f9027170,5b0fa12a-3dd7-45bb-9766-cc326314d9f1,13783.54989309999,0.0001945690476396,1.4116033180756513e-08,3.026467002830885,0.0,10.0,0.0113009283039074,0.0,0.038115252438056,0.0494161807419634,0.0,Canada,CAN,quebec,,,Windows-11-10.0.26200-SP0,3.13.14,3.2.8,4,Intel(R) Core(TM) i5-6200U CPU @ 2.30GHz,0,,-71.2,46.8,7.897434234619141,machine,6.065717640152627,0,84.18020252421485,6.648100745478508,N,1.0,0.0
2026-10-07T18:14:49,codecarbon,cc8c5f8a-bbbf-4b03-a57b-ab84f9027170,5b0fa12a-3dd7-45bb-9766-cc326314d9f1,13799.329630299995,0.0001947859871717,1.4115612308011818e-08,3.0269541071957224,0.0,10.0,0.0113149961781218,0.0,0.0381562823466671,0.0494712785247889,0.0,Canada,CAN,quebec,,,Windows-11-10.0.26200-SP0,3.13.14,3.2.8,4,Intel(R) Core(TM) i5-6200U CPU @ 2.30GHz,0,,-71.2,46.8,7.897434234619141,machine,6.059048596349776,0,84.18339074983508,6.6483518936972565,N,1.0,0.0
2026-10-07T18:15:05,codecarbon,cc8c5f8a-bbbf-4b03-a57b-ab84f9027170,5b0fa12a-3dd7-45bb-9766-cc326314d9f1,13815.13549999999,0.0001949871690601,1.4114025089376678e-08,3.026990500873281,0.0,10.0,0.0113249788639802,0.0,0.0381973953550004,0.0495223742189807,0.0,Canada,CAN,quebec,,,Windows-11-10.0.26200-SP0,3.13.14,3.2.8,4,Intel(R) Core(TM) i5-6200U CPU @ 2.30GHz,0,,-71.2,46.8,7.897434234619141,machine,6.073914635039169,0,84.18656563438026,6.648601598171986,N,1.0,0.0
2026-10-07T18:15:20,codecarbon,cc8c5f8a-bbbf-4b03-a57b-ab84f9027170,5b0fa12a-3dd7-45bb-9766-cc326314d9f1,13830.7435233,0.0001951895850863,1.4112732605991318e-08,3.02674922836418,0.0,10.0,0.0113358320609989,0.0,0.038237951295556,0.0495737833565549,0.0,Canada,CAN,quebec,,,Windows-11-10.0.26200-SP0,3.13.14,3.2.8,4,Intel(R) Core(TM) i5-6200U CPU @ 2.30GHz,0,,-71.2,46.8,7.897434234619141,machine,6.076393154892497,0,84.18532250987276,6.6485025981408175,N,1.0,0.0
2026-10-07T18:15:36,codecarbon,cc8c5f8a-bbbf-4b03-a57b-ab84f9027170,5b0fa12a-3dd7-45bb-9766-cc326314d9f1,13846.4282523,0.0001954061904671,1.4112389629053411e-08,3.0272413241307063,0.0,10.0,0.0113500803293646,0.0,0.038278715943056,0.0496287962724206,0.0,Canada,CAN,quebec,,,Windows-11-10.0.26200-SP0,3.13.14,3.2.8,4,Intel(R) Core(TM) i5-6200U CPU @ 2.30GHz,0,,-71.2,46.8,7.897434234619141,machine,6.0692914536157785,0,84.18446311176041,6.648434153710777,N,1.0,0.0
2026-10-07T18:15:52,codecarbon,cc8c5f8a-bbbf-4b03-a57b-ab84f9027170,5b0fa12a-3dd7-45bb-9766-cc326314d9f1,13862.118075099992,0.0001956264217946,1.4112303814957528e-08,3.0279738502720206,0.0,10.0,0.0113652373708586,0.0,0.0383194927266671,0.0496847300975257,0.0,Canada,CAN,quebec,,,Windows-11-10.0.26200-SP0,3.13.14,3.2.8,4,Intel(R) Core(TM) i5-6200U CPU @ 2.30GHz,0,,-71.2,46.8,7.897434234619141,machine,6.069945275446917,0,84.18411528639183,6.648406373684705,N,1.0,0.0
2026-10-07T18:16:07,codecarbon,cc8c5f8a-bbbf-4b03-a57b-ab84f9027170,5b0fa12a-3dd7-45bb-9766-cc326314d9f1,13877.725109399997,0.0001958365272812,1.4111572735258284e-08,3.0279783767052777,0.0,10.0,0.0113780734774907,0.0,0.0383600187083338,0.0497380921858245,0.0,Canada,CAN,quebec,,,Windows-11-10.0.26200-SP0,3.13.14,3.2.8,4,Intel(R) Core(TM) i5-6200U CPU @ 2.30GHz,0,,-71.2,46.8,7.897434234619141,machine,6.062867137963706,0,84.18380584505502,6.648383629946726,N,1.0,0.0
2026-10-07T18:16:23,codecarbon,cc8c5f8a-bbbf-4b03-a57b-ab84f9027170,5b0fa12a-3dd7-45bb-9766-cc326314d9f1,13893.5300785,0.0001960487204371,1.4110792529289092e-08,3.0279947021449454,0.0,10.0,0.0113908684595487,0.0,0.0384011160358337,0.0497919844953824,0.0,Canada,CAN,quebec,,,Windows-11-10.0.26200-SP0,3.13.14,3.2.8,4,Intel(R) Core(TM) i5-6200U CPU @ 2.30GHz,0,,-71.2,46.8,7.897434234619141,machine,6.056246359930111,0,84.18359784507862,6.648367796238592,N,1.0,0.0
2026-10-07T18:16:39,codecarbon,cc8c5f8a-bbbf-4b03-a57b-ab84f9027170,5b0fa12a-3dd7-45bb-9766-cc326314d9f1,13909.251333699998,0.0001962474647569,1.4109132119964816e-08,3.027286548747428,0.0,10.0,0.0114005564898082,0.0,0.0384419046119448,0.0498424611017531,0.0,Canada,CAN,quebec,,,Windows-11-10.0.26200-SP0,3.13.14,3.2.8,4,Intel(R) Core(TM) i5-6200U CPU @ 2.30GHz,0,,-71.2,46.8,7.897434234619141,machine,6.0492001163467135,0,84.18339150668993,6.648352024650906,N,1.0,0.0
2026-10-07T18:16:55,codecarbon,cc8c5f8a-bbbf-4b03-a57b-ab84f9027170,5b0fa12a-3dd7-45bb-9766-cc326314d9f1,13924.910080799991,0.0001964442459003,1.4107397804401543e-08,3.0264563533382773,0.0,10.0,0.0114098554386105,0.0,0.0384825836666671,0.0498924391052776,0.0,Canada,CAN,quebec,,,Windows-11-10.0.26200-SP0,3.13.14,3.2.8,4,Intel(R) Core(TM) i5-6200U CPU @ 2.30GHz,0,,-71.2,46.8,7.897434234619141,machine,6.042609137793274,0,84.18351855887266,6.648362407516687,N,1.0,0.0
2026-10-07T18:17:10,codecarbon,cc8c5f8a-bbbf-4b03-a57b-ab84f9027170,5b0fa12a-3dd7-45bb-9766-cc326314d9f1,13940.652959999992,0.0001967188682584,1.4111166013737288e-08,3.0315536608964657,0.0,10.0,0.0114386723099196,0.0,0.0385235147241671,0.0499621870340867,0.0,Canada,CAN,quebec,,,Windows-11-10.0.26200-SP0,3.13.14,3.2.8,4,Intel(R) Core(TM) i5-6200U CPU @ 2.30GHz,0,,-71.2,46.8,7.897434234619141,machine,6.057360516578394,0,84.18527896684321,6.648500772274294,N,1.0,0.0
2026-10-07T18:17:26,codecarbon,cc8c5f8a-bbbf-4b03-a57b-ab84f9027170,5b0fa12a-3dd7-45bb-9766-cc326314d9f1,13956.331156300002,0.000196924968986,1.4110081423307185e-08,3.031486530482502,0.0,10.0,0.0114502719507805,0.0,0.0385642600525004,0.0500145320032809,0.0,Canada,CAN,quebec,,,Windows-11-10.0.26200-SP0,3.13.14,3.2.8,4,Intel(R) Core(TM) i5-6200U CPU @ 2.30GHz,0,,-71.2,46.8,7.897434234619141,machine,6.058022901869837,0,84.1865487751848,6.648600707556618,N,1.0,0.0
2026-10-07T18:17:42,codecarbon,cc8c5f8a-bbbf-4b03-a57b-ab84f9027170,5b0fa12a-3dd7-45bb-9766-cc326314d9f1,13971.982740799998,0.0001971296632165,1.4108925474188335e-08,3.0314907722908027,0.0,10.0,0.0114615843026207,0.0,0.0386049354511115,0.0500665197537322,0.0,Canada,CAN,quebec,,,Windows-11-10.0.26200-SP0,3.13.14,3.2.8,4,Intel(R) Core(TM) i5-6200U CPU @ 2.30GHz,0,,-71.2,46.8,7.897434234619141,machine,6.051444291609354,0,84.18731629624266,6.648662129689858,N,1.0,0.0
2026-10-07T18:17:57,codecarbon,cc8c5f8a-bbbf-4b03-a57b-ab84f9027170,5b0fa12a-3dd7-45bb-9766-cc326314d9f1,13987.652308499994,0.0001973381358892,1.4108024101323098e-08,3.0317137066566584,0.0,10.0,0.0114738185474676,0.0,0.0386456485963893,0.0501194671438569,0.0,Canada,CAN,quebec,,,Windows-11-10.0.26200-SP0,3.13.14,3.2.8,4,Intel(R) Core(TM) i5-6200U CPU @ 2.30GHz,0,,-71.2,46.8,7.897434234619141,machine,6.058905199219033,0,84.18789500325403,6.6487074014861065,N,1.0,0.0
2026-10-07T18:18:13,codecarbon,cc8c5f8a-bbbf-4b03-a57b-ab84f9027170,5b0fa12a-3dd7-45bb-9766-cc326314d9f1,14003.329468199998,0.0001975566333736,1.4107832985165192e-08,3.032580286033032,0.0,10.0,0.0114885658602617,0.0,0.0386863947513893,0.050174960611651,0.0,Canada,CAN,quebec,,,Windows-11-10.0.26200-SP0,3.13.14,3.2.8,4,Intel(R) Core(TM) i5-6200U CPU @ 2.30GHz,0,,-71.2,46.8,7.897434234619141,machine,6.06678705576423,0,84.18844264663393,6.64875131919528,N,1.0,0.0
2026-10-07T18:18:29,codecarbon,cc8c5f8a-bbbf-4b03-a57b-ab84f9027170,5b0fa12a-3dd7-45bb-9766-cc326314d9f1,14019.016480399994,0.0001977740731703,1.4107556935025862e-08,3.0334218208393766,0.0,10.0,0.0115030219654655,0.0,0.0387271634850004,0.0502301854504659,0.0,Canada,CAN,quebec,,,Windows-11-10.0.26200-SP0,3.13.14,3.2.8,4,Intel(R) Core(TM) i5-6200U CPU @ 2.30GHz,0,,-71.2,46.8,7.897434234619141,machine,6.066998556998557,0,84.18928571428572,6.648816694669737,N,1.0,0.0
2026-10-07T18:18:44,codecarbon,cc8c5f8a-bbbf-4b03-a57b-ab84f9027170,5b0fa12a-3dd7-45bb-9766-cc326314d9f1,14034.728440699995,0.0001980039556219,1.4108142986772362e-08,3.036007193786477,0.0,10.0,0.0115206067460855,0.0,0.0387679636988893,0.0502885704449748,0.0,Canada,CAN,quebec,,,Windows-11-10.0.26200-SP0,3.13.14,3.2.8,4,Intel(R) Core(TM) i5-6200U CPU @ 2.30GHz,0,,-71.2,46.8,7.897434234619141,machine,6.065845045045045,0,84.19014774774774,6.648885144207928,N,1.0,0.0
2026-10-07T18:19:00,codecarbon,cc8c5f8a-bbbf-4b03-a57b-ab84f9027170,5b0fa12a-3dd7-45bb-9766-cc326314d9f1,14050.344401099996,0.0001982251691617,1.4108207137347742e-08,3.0373934372379368,0.0,10.0,0.0115362863647654,0.0,0.0388084673652782,0.0503447537300437,0.0,Canada,CAN,quebec,,,Windows-11-10.0.26200-SP0,3.13.14,3.2.8,4,Intel(R) Core(TM) i5-6200U CPU @ 2.30GHz,0,,-71.2,46.8,7.897434234619141,machine,6.066057159311785,0,84.19119573824779,6.648967425737909,N,1.0,0.0
2026-10-07T18:19:16,codecarbon,cc8c5f8a-bbbf-4b03-a57b-ab84f9027170,5b0fa12a-3dd7-45bb-9766-cc326314d9f1,14066.094504099994,0.0001984190876851,1.4106196117716834e-08,3.036247548352566,0.0,10.0,0.0115445863116363,0.0,0.038849418380556,0.0503940046921923,0.0,Canada,CAN,quebec,,,Windows-11-10.0.26200-SP0,3.13.14,3.2.8,4,Intel(R) Core(TM) i5-6200U CPU @ 2.30GHz,0,,-71.2,46.8,7.897434234619141,machine,6.06670501941608,0,84.19242053789732,6.649062597372713,N,1.0,0.0
2026-10-07T18:19:31,codecarbon,cc8c5f8a-bbbf-4b03-a57b-ab84f9027170,5b0fa12a-3dd7-45bb-9766-cc326314d9f1,14081.7501528,0.0001987853940218,1.4116526132397013e-08,3.0367972650940263,0.0,10.005437737901032,0.0115566206149821,0.0,0.0389304176833338,0.0504870382983159,0.0,Canada,CAN,quebec,,,Windows-11-10.0.26200-SP0,3.13.14,3.2.8,4,Intel(R) Core(TM) i5-6200U CPU @ 2.30GHz,0,,-71.2,46.8,7.897434234619141,machine,6.066915673035484,0,84.19398074989226,6.649185512758092,N,1.0,0.0
2026-10-07T18:19:47,codecarbon,cc8c5f8a-bbbf-4b03-a57b-ab84f9027170,5b0fa12a-3dd7-45bb-9766-cc326314d9f1,14097.4831194,0.0001990069347007,1.4116486823586814e-08,3.0347684326938325,0.0,10.0,0.0115721181376933,0.0,0.0389711865316672,0.0505433046693605,0.0,Canada,CAN,quebec,,,Windows-11-10.0.26200-SP0,3.13.14,3.2.8,4,Intel(R) Core(TM) i5-6200U CPU @ 2.30GHz,0,,-71.2,46.8,7.897434234619141,machine,6.089086604003732,0,84.19552988448017,6.649308190349528,N,1.0,0.0
2026-10-07T18:20:03,codecarbon,cc8c5f8a-bbbf-4b03-a57b-ab84f9027170,5b0fa12a-3dd7-45bb-9766-cc326314d9f1,14113.22682869999,0.000199225070808,1.4116195624582693e-08,3.0344977915999665,0.0,10.0,0.0115865880810263,0.0,0.039012118274445,0.0505987063554713,0.0,Canada,CAN,quebec,,,Windows-11-10.0.26200-SP0,3.13.14,3.2.8,4,Intel(R) Core(TM) i5-6200U CPU @ 2.30GHz,0,,-71.2,46.8,7.897434234619141,machine,6.082104206980578,0,84.19695406005877,6.64941884474644,N,1.0,0.0
2026-10-07T18:20:19,codecarbon,cc8c5f8a-bbbf-4b03-a57b-ab84f9027170,5b0fa12a-3dd7-45bb-9766-cc326314d9f1,14128.891092799997,0.0001994507268548,1.4116516685200268e-08,3.0353394788401467,0.0,10.0,0.0116032013892103,0.0,0.0390528165486116,0.050656017937822,0.0,Canada,CAN,quebec,,,Windows-11-10.0.26200-SP0,3.13.14,3.2.8,4,Intel(R) Core(TM) i5-6200U CPU @ 2.30GHz,0,,-71.2,46.8,7.897434234619141,machine,6.07557273768614,0,84.19587628865979,6.649333662456936,N,1.0,0.0
2026-10-07T18:20:34,codecarbon,cc8c5f8a-bbbf-4b03-a57b-ab84f9027170,5b0fa12a-3dd7-45bb-9766-cc326314d9f1,14144.633736599992,0.0001996864567194,1.411747100971551e-08,3.037558616772302,0.0,10.0,0.0116221712256684,0.0,0.0390937168186116,0.0507158880442801,0.0,Canada,CAN,quebec,,,Windows-11-10.0.26200-SP0,3.13.14,3.2.8,4,Intel(R) Core(TM) i5-6200U CPU @ 2.30GHz,0,,-71.2,46.8,7.897434234619141,machine,6.0829233409610985,0,84.19688215102974,6.64941382217189,N,1.0,0.0
2026-10-07T18:20:50,codecarbon,cc8c5f8a-bbbf-4b03-a57b-ab84f9027170,5b0fa12a-3dd7-45bb-9766-cc326314d9f1,14160.342836299998,0.0001999228956912,1.4118506734087965e-08,3.038970857112142,0.0,10.0,0.0116414233361405,0.0,0.039134514911945,0.0507759382480855,0.0,Canada,CAN,quebec,,,Windows-11-10.0.26200-SP0,3.13.14,3.2.8,4,Intel(R) Core(TM) i5-6200U CPU @ 2.30GHz,0,,-71.2,46.8,7.897434234619141,machine,6.102600185727552,0,84.19852132295165,6.649543634133046,N,1.0,0.0
2026-10-07T18:21:06,codecarbon,cc8c5f8a-bbbf-4b03-a57b-ab84f9027170,5b0fa12a-3dd7-45bb-9766-cc326314d9f1,14176.1982194,0.0002001492322877,1.411868183486834e-08,3.039279083672916,0.0,10.0,0.0116576699147904,0.0,0.0391757527600005,0.050833422674791,0.0,Canada,CAN,quebec,,,Windows-11-10.0.26200-SP0,3.13.14,3.2.8,4,Intel(R) Core(TM) i5-6200U CPU @ 2.30GHz,0,,-71.2,46.8,7.897434234619141,machine,6.095633250089191,0,84.20127720299678,6.649761044532539,N,1.0,0.0
2026-10-07T18:21:22,codecarbon,cc8c5f8a-bbbf-4b03-a57b-ab84f9027170,5b0fa12a-3dd7-45bb-9766-cc326314d9f1,14191.88831129999,0.000200352412714,1.411738933673086e-08,3.0386858861164137,0.0,10.0,0.011668496635913,0.0,0.039216529316945,0.050885025952858,0.0,Canada,CAN,quebec,,,Windows-11-10.0.26200-SP0,3.13.14,3.2.8,4,Intel(R) Core(TM) i5-6200U CPU @ 2.30GHz,0,,-71.2,46.8,7.897434234619141,machine,6.09624376336422,0,84.20352102637206,6.649937531953188,N,1.0,0.0
2026-10-07T18:21:37,codecarbon,cc8c5f8a-bbbf-4b03-a57b-ab84f9027170,5b0fa12a-3dd7-45bb-9766-cc326314d9f1,14207.595907199997,0.0002005502574302,1.4115706748713672e-08,3.0378768053953618,0.0,10.0,0.0116779434545094,0.0,0.0392573306255561,0.0509352740800656,0.0,Canada,CAN,quebec,,,Windows-11-10.0.26200-SP0,3.13.14,3.2.8,4,Intel(R) Core(TM) i5-6200U CPU @ 2.30GHz,0,,-71.2,46.8,7.897434234619141,machine,6.08929944468176,0,84.20501210308986,6.650056726281059,N,1.0,0.0
2026-10-07T18:21:53,codecarbon,cc8c5f8a-bbbf-4b03-a57b-ab84f9027170,5b0fa12a-3dd7-45bb-9766-cc326314d9f1,14223.260571299994,0.0002007555856626,1.4114596625456888e-08,3.037595111719656,0.0,10.0,0.0116893644530641,0.0,0.0392980583997228,0.0509874228527869,0.0,Canada,CAN,quebec,,,Windows-11-10.0.26200-SP0,3.13.14,3.2.8,4,Intel(R) Core(TM) i5-6200U CPU @ 2.30GHz,0,,-71.2,46.8,7.897434234619141,machine,6.097027238460992,0,84.20679183557357,6.650197406147802,N,1.0,0.0
2026-10-07T18:22:09,codecarbon,cc8c5f8a-bbbf-4b03-a57b-ab84f9027170,5b0fa12a-3dd7-45bb-9766-cc326314d9f1,14239.031711799997,0.0002009955288593,1.4115814398587676e-08,3.039439142760401,0.0,10.0,0.0117092904912412,0.0,0.0393390725600006,0.0510483630512418,0.0,Canada,CAN,quebec,,,Windows-11-10.0.26200-SP0,3.13.14,3.2.8,4,Intel(R) Core(TM) i5-6200U CPU @ 2.30GHz,0,,-71.2,46.8,7.897434234619141,machine,6.111408680826881,0,84.20990267812745,6.650441943612586,N,1.0,0.0
2026-10-07T18:22:24,codecarbon,cc8c5f8a-bbbf-4b03-a57b-ab84f9027170,5b0fa12a-3dd7-45bb-9766-cc326314d9f1,14254.791195600004,0.0002012217952518,1.4116081567995593e-08,3.040499378558456,0.0,10.0,0.0117257798204863,0.0,0.0393800498272228,0.0511058296477091,0.0,Canada,CAN,quebec,,,Windows-11-10.0.26200-SP0,3.13.14,3.2.8,4,Intel(R) Core(TM) i5-6200U CPU @ 2.30GHz,0,,-71.2,46.8,7.897434234619141,machine,6.125757468246648,0,84.21250266089548,6.650648279338261,N,1.0,0.0
2026-10-07T18:22:40,codecarbon,cc8c5f8a-bbbf-4b03-a57b-ab84f9027170,5b0fa12a-3dd7-45bb-9766-cc326314d9f1,14270.447407899992,0.0002014188423106,1.4114402762115776e-08,3.039696166712765,0.0,10.0,0.0117351414633603,0.0,0.039420733724445,0.0511558751878053,0.0,Canada,CAN,quebec,,,Windows-11-10.0.26200-SP0,3.13.14,3.2.8,4,Intel(R) Core(TM) i5-6200U CPU @ 2.30GHz,0,,-71.2,46.8,7.897434234619141,machine,6.1334207541820245,0,84.21494896512617,6.650839881042533,N,1.0,0.0
2026-10-07T18:22:56,codecarbon,cc8c5f8a-bbbf-4b03-a57b-ab84f9027170,5b0fa12a-3dd7-45bb-9766-cc326314d9f1,14286.155760499998,0.0002016488324164,1.41149820705421e-08,3.0409859179830363,0.0,10.0,0.0117527288009962,0.0,0.0394615587230561,0.0512142875240523,0.0,Canada,CAN,quebec,,,Windows-11-10.0.26200-SP0,3.13.14,3.2.8,4,Intel(R) Core(TM) i5-6200U CPU @ 2.30GHz,0,,-71.2,46.8,7.897434234619141,machine,6.133552817898613,0,84.21741716227697,6.651034818631467,N,1.0,0.0
2026-10-07T18:23:12,codecarbon,cc8c5f8a-bbbf-4b03-a57b-ab84f9027170,5b0fa12a-3dd7-45bb-9766-cc326314d9f1,14301.992976199996,0.000201913790579,1.4117877901006772e-08,3.044514945389371,0.0,10.0,0.0117791888586398,0.0,0.0395023921050005,0.0512815809636404,0.0,Canada,CAN,quebec,,,Windows-11-10.0.26200-SP0,3.13.14,3.2.8,4,Intel(R) Core(TM) i5-6200U CPU @ 2.30GHz,0,,-71.2,46.8,7.897434234619141,machine,6.141191031897589,0,84.22053893486103,6.65128069458828,N,1.0,0.0
2026-10-07T18:23:27,codecarbon,cc8c5f8a-bbbf-4b03-a57b-ab84f9027170,5b0fa12a-3dd7-45bb-9766-cc326314d9f1,14317.751425199996,0.0002021667697688,1.4120008356410142e-08,3.048100160504997,0.0,10.0,0.0118024581029502,0.0,0.039543373909445,0.0513458320123952,0.0,Canada,CAN,quebec,,,Windows-11-10.0.26200-SP0,3.13.14,3.2.8,4,Intel(R) Core(TM) i5-6200U CPU @ 2.30GHz,0,,-71.2,46.8,7.897434234619141,machine,6.141314023313317,0,84.22442246555987,6.651587763779242,N,1.0,0.0
2026-10-07T18:23:43,codecarbon,cc8c5f8a-bbbf-4b03-a57b-ab84f9027170,5b0fa12a-3dd7-45bb-9766-cc326314d9f1,14333.51141349999,0.0002023786345422,1.411926419869702e-08,3.0486826024850937,0.0,10.0,0.0118153091918146,0.0,0.0395843317283339,0.0513996409201486,0.0,Canada,CAN,quebec,,,Windows-11-10.0.26200-SP0,3.13.14,3.2.8,4,Intel(R) Core(TM) i5-6200U CPU @ 2.30GHz,0,,-71.2,46.8,7.897434234619141,machine,6.1489273112208895,0,84.22874382498236,6.651929559754754,N,1.0,0.0
2026-10-07T18:23:59,codecarbon,cc8c5f8a-bbbf-4b03-a57b-ab84f9027170,5b0fa12a-3dd7-45bb-9766-cc326314d9f1,14349.260162799996,0.0002025898569916,1.4118487970329397e-08,3.048919913767542,0.0,10.0,0.0118279869958675,0.0,0.0396252996961117,0.0514532866919792,0.0,Canada,CAN,quebec,,,Windows-11-10.0.26200-SP0,3.13.14,3.2.8,4,Intel(R) Core(TM) i5-6200U CPU @ 2.30GHz,0,,-71.2,46.8,7.897434234619141,machine,6.141992104892148,0,84.23258141829973,6.652232339112257,N,1.0,0.0
2026-10-07T18:24:15,codecarbon,cc8c5f8a-bbbf-4b03-a57b-ab84f9027170,5b0fa12a-3dd7-45bb-9766-cc326314d9f1,14365.034541599993,0.000202799831453,1.4117601378945576e-08,3.048862370304637,0.0,10.0,0.0118402991547759,0.0,0.0396663163480562,0.0515066155028321,0.0,Canada,CAN,quebec,,,Windows-11-10.0.26200-SP0,3.13.14,3.2.8,4,Intel(R) Core(TM) i5-6200U CPU @ 2.30GHz,0,,-71.2,46.8,7.897434234619141,machine,6.149155048584706,0,84.23616392057457,6.652516493040514,N,1.0,0.0
2026-10-07T18:24:30,codecarbon,cc8c5f8a-bbbf-4b03-a57b-ab84f9027170,5b0fa12a-3dd7-45bb-9766-cc326314d9f1,14380.703372799995,0.0002030050515953,1.4116489738553998e-08,3.0486940965731093,0.0,10.0,0.0118516948194571,0.0,0.0397070420036118,0.0515587368230689,0.0,Canada,CAN,quebec,,,Windows-11-10.0.26200-SP0,3.13.14,3.2.8,4,Intel(R) Core(TM) i5-6200U CPU @ 2.30GHz,0,,-71.2,46.8,7.897434234619141,machine,6.149701062108743,0,84.23957937680242,6.652786611747648,N,1.0,0.0
2026-10-07T18:24:46,codecarbon,cc8c5f8a-bbbf-4b03-a57b-ab84f9027170,5b0fa12a-3dd7-45bb-9766-cc326314d9f1,14396.45031629999,0.0002032275117517,1.4116501449089672e-08,3.0500689687852924,0.0,10.0,0.0118673016625022,0.0,0.039747935058334,0.0516152367208362,0.0,Canada,CAN,quebec,,,Windows-11-10.0.26200-SP0,3.13.14,3.2.8,4,Intel(R) Core(TM) i5-6200U CPU @ 2.30GHz,0,,-71.2,46.8,7.897434234619141,machine,6.150245924676785,0,84.243050871276,6.653060969105592,N,1.0,0.0
2026-10-07T18:25:02,codecarbon,cc8c5f8a-bbbf-4b03-a57b-ab84f9027170,5b0fa12a-3dd7-45bb-9766-cc326314d9f1,14412.091214300002,0.0002036111792743,1.4127802568463518e-08,3.0496706181611657,0.0,10.0,0.0118837599660188,0.0,0.039828919713334,0.0517126796793528,0.0,Canada,CAN,quebec,,,Windows-11-10.0.26200-SP0,3.13.14,3.2.8,4,Intel(R) Core(TM) i5-6200U CPU @ 2.30GHz,0,,-71.2,46.8,7.897434234619141,machine,6.155972768107805,0,84.24637843907917,6.65332319306765,N,1.0,0.0
2026-10-07T18:25:17,codecarbon,cc8c5f8a-bbbf-4b03-a57b-ab84f9027170,5b0fa12a-3dd7-45bb-9766-cc326314d9f1,14427.743665100004,0.000203811529973,1.4126362008081182e-08,3.0490891149553416,0.0,10.0,0.0118939704752576,0.0,0.0398695937947229,0.0517635642699806,0.0,Canada,CAN,quebec,,,Windows-11-10.0.26200-SP0,3.13.14,3.2.8,4,Intel(R) Core(TM) i5-6200U CPU @ 2.30GHz,0,,-71.2,46.8,7.897434234619141,machine,6.149498702937671,0,84.24727616910887,6.653393816364553,N,1.0,0.0
2026-10-07T18:25:33,codecarbon,cc8c5f8a-bbbf-4b03-a57b-ab84f9027170,5b0fa12a-3dd7-45bb-9766-cc326314d9f1,14443.484842399994,0.0002040320655651,1.412623530896046e-08,3.049045559200434,0.0,10.0,0.0119090582226182,0.0,0.0399105171488896,0.0518195753715078,0.0,Canada,CAN,quebec,,,Windows-11-10.0.26200-SP0,3.13.14,3.2.8,4,Intel(R) Core(TM) i5-6200U CPU @ 2.30GHz,0,,-71.2,46.8,7.897434234619141,machine,6.14961131731914,0,84.24846978079697,6.6534882016572325,N,1.0,0.0
2026-10-07T18:25:49,codecarbon,cc8c5f8a-bbbf-4b03-a57b-ab84f9027170,5b0fa12a-3dd7-45bb-9766-cc326314d9f1,14459.1767271,0.0002042236603847,1.4124155492335829e-08,3.04781555038006,0.0,10.0,0.0119169407010401,0.0,0.0399512954638895,0.0518682361649296,0.0,Canada,CAN,quebec,,,Windows-11-10.0.26200-SP0,3.13.14,3.2.8,4,Intel(R) Core(TM) i5-6200U CPU @ 2.30GHz,0,,-71.2,46.8,7.897434234619141,machine,6.157149853085211,0,84.25079054148594,6.653672169618245,N,1.0,0.0
2026-10-07T18:26:04,codecarbon,cc8c5f8a-bbbf-4b03-a57b-ab84f9027170,5b0fa12a-3dd7-45bb-9766-cc326314d9f1,14474.861435500005,0.0002044252005081,1.4122774260674809e-08,3.0478496627225327,0.0,10.0,0.0119273569330726,0.0,0.0399920659097228,0.0519194228427955,0.0,Canada,CAN,quebec,,,Windows-11-10.0.26200-SP0,3.13.14,3.2.8,4,Intel(R) Core(TM) i5-6200U CPU @ 2.30GHz,0,,-71.2,46.8,7.897434234619141,machine,6.150265548567435,0,84.25300489168414,6.653847859274,N,1.0,0.0
2026-10-07T18:26:20,codecarbon,cc8c5f8a-bbbf-4b03-a57b-ab84f9027170,5b0fa12a-3dd7-45bb-9766-cc326314d9f1,14490.509493999998,0.0002046398534886,1.4122336662723965e-08,3.0487356532608048,0.0,10.0,0.0119412367471629,0.0,0.0400327031455562,0.0519739398927191,0.0,Canada,CAN,quebec,,,Windows-11-10.0.26200-SP0,3.13.14,3.2.8,4,Intel(R) Core(TM) i5-6200U CPU @ 2.30GHz,0,,-71.2,46.8,7.897434234619141,machine,6.157787085514834,0,84.25489703315881,6.653995612445718,N,1.0,0.0
2026-10-07T18:26:36,codecarbon,cc8c5f8a-bbbf-4b03-a57b-ab84f9027170,5b0fa12a-3dd7-45bb-9766-cc326314d9f1,14506.716367899991,0.0002048883317363,1.412368771403952e-08,3.050210598312065,0.0,10.0,0.0119621254988167,0.0,0.0400749223041673,0.052037047802984,0.0,Canada,CAN,quebec,,,Windows-11-10.0.26200-SP0,3.13.14,3.2.8,4,Intel(R) Core(TM) i5-6200U CPU @ 2.30GHz,0,,-71.2,46.8,7.897434234619141,machine,6.16486298026637,0,84.25712990725891,6.654172257743332,N,1.0,0.0
2026-10-07T18:26:52,codecarbon,cc8c5f8a-bbbf-4b03-a57b-ab84f9027170,5b0fa12a-3dd7-45bb-9766-cc326314d9f1,14522.302611799998,0.0002050939081293,1.412268519750635e-08,3.049810949710788,0.0,10.0,0.0119738484657187,0.0,0.0401154111372228,0.0520892596029415,0.0,Canada,CAN,quebec,,,Windows-11-10.0.26200-SP0,3.13.14,3.2.8,4,Intel(R) Core(TM) i5-6200U CPU @ 2.30GHz,0,,-71.2,46.8,7.897434234619141,machine,6.164957860277217,0,84.25858466253395,6.65428628328327,N,1.0,0.0
2026-10-07T18:27:08,codecarbon,cc8c5f8a-bbbf-4b03-a57b-ab84f9027170,5b0fa12a-3dd7-45bb-9766-cc326314d9f1,14537.96272889999,0.0002052932787626,1.4121186206822734e-08,3.0490845002162827,0.0,10.0,0.0119837827430685,0.0,0.0401561125358339,0.0521398952789024,0.0,Canada,CAN,quebec,,,Windows-11-10.0.26200-SP0,3.13.14,3.2.8,4,Intel(R) Core(TM) i5-6200U CPU @ 2.30GHz,0,,-71.2,46.8,7.897434234619141,machine,6.170122460339549,0,84.2595880879488,6.654366193824978,N,1.0,0.0
2026-10-07T18:27:23,codecarbon,cc8c5f8a-bbbf-4b03-a57b-ab84f9027170,5b0fa12a-3dd7-45bb-9766-cc326314d9f1,14553.5874759,0.000205485557636,1.4119237471609492e-08,3.0479911483158846,0.0,10.0,0.0119920195344602,0.0,0.0401967102722228,0.052188729806683,0.0,Canada,CAN,quebec,,,Windows-11-10.0.26200-SP0,3.13.14,3.2.8,4,Intel(R) Core(TM) i5-6200U CPU @ 2.30GHz,0,,-71.2,46.8,7.897434234619141,machine,6.16326105087573,0,84.2608215179316,6.654464009008972,N,1.0,0.0
2026-10-07T18:27:39,codecarbon,cc8c5f8a-bbbf-4b03-a57b-ab84f9027170,5b0fa12a-3dd7-45bb-9766-cc326314d9f1,14569.33088899999,0.0002056778663517,1.4117179980242809e-08,3.046815322106015,0.0,10.0,0.0119999298931634,0.0,0.0402376420205561,0.0522375719137195,0.0,Canada,CAN,quebec,,,Windows-11-10.0.26200-SP0,3.13.14,3.2.8,4,Intel(R) Core(TM) i5-6200U CPU @ 2.30GHz,0,,-71.2,46.8,7.897434234619141,machine,6.170728320488787,0,84.26191071304589,6.654549165723192,N,1.0,0.0
2026-10-07T18:27:55,codecarbon,cc8c5f8a-bbbf-4b03-a57b-ab84f9027170,5b0fa12a-3dd7-45bb-9766-cc326314d9f1,14584.944365799996,0.0002058782355635,1.41158053400816e-08,3.046284821400917,0.0,10.0,0.0120102432698819,0.0,0.0402782179363894,0.0522884612062713,0.0,Canada,CAN,quebec,,,Windows-11-10.0.26200-SP0,3.13.14,3.2.8,4,Intel(R) Core(TM) i5-6200U CPU @ 2.30GHz,0,,-71.2,46.8,7.897434234619141,machine,6.163880990359941,0,84.26297246688398,6.654632525765141,N,1.0,0.0
2026-10-07T18:28:10,codecarbon,cc8c5f8a-bbbf-4b03-a57b-ab84f9027170,5b0fa12a-3dd7-45bb-9766-cc326314d9f1,14600.58258989999,0.0002060889392917,1.4115117531978297e-08,3.0465166914744017,0.0,10.0,0.0120231167998285,0.0,0.0403188584347228,0.0523419752345513,0.0,Canada,CAN,quebec,,,Windows-11-10.0.26200-SP0,3.13.14,3.2.8,4,Intel(R) Core(TM) i5-6200U CPU @ 2.30GHz,0,,-71.2,46.8,7.897434234619141,machine,6.164403491755577,0,84.26416100872939,6.654726004920971,N,1.0,0.0
2026-10-07T18:28:26,codecarbon,cc8c5f8a-bbbf-4b03-a57b-ab84f9027170,5b0fa12a-3dd7-45bb-9766-cc326314d9f1,14616.206787599993,0.0002062955764084,1.4114166514355814e-08,3.046471697613637,0.0,10.0,0.0120350051070578,0.0,0.0403594513275005,0.0523944564345584,0.0,Canada,CAN,quebec,,,Windows-11-10.0.26200-SP0,3.13.14,3.2.8,4,Intel(R) Core(TM) i5-6200U CPU @ 2.30GHz,0,,-71.2,46.8,7.897434234619141,machine,6.1580040141186245,0,84.26552702609177,6.654833623682952,N,1.0,0.0
2026-10-07T18:28:41,codecarbon,cc8c5f8a-bbbf-4b03-a57b-ab84f9027170,5b0fa12a-3dd7-45bb-9766-cc326314d9f1,14631.851825399994,0.0002064995162336,1.4113013082537884e-08,3.046388115262577,0.0,10.0,0.0120461534051599,0.0,0.0404000991777783,0.0524462525829383,0.0,Canada,CAN,quebec,,,Windows-11-10.0.26200-SP0,3.13.14,3.2.8,4,Intel(R) Core(TM) i5-6200U CPU @ 2.30GHz,0,,-71.2,46.8,7.897434234619141,machine,6.165019011406844,0,84.2670307639129,6.6549529697010765,N,1.0,0.0
2026-10-07T18:28:57,codecarbon,cc8c5f8a-bbbf-4b03-a57b-ab84f9027170,5b0fa12a-3dd7-45bb-9766-cc326314d9f1,14647.589971099997,0.0002067123962311,1.4112382763242232e-08,3.0471337678678605,0.0,10.0,0.0120592966787775,0.0,0.0404410226561116,0.0525003193348891,0.0,Canada,CAN,quebec,,,Windows-11-10.0.26200-SP0,3.13.14,3.2.8,4,Intel(R) Core(TM) i5-6200U CPU @ 2.30GHz,0,,-71.2,46.8,7.897434234619141,machine,6.172444751381216,0,84.26843922651933,6.655064144714102,N,1.0,0.0
2026-10-07T18:29:13,codecarbon,cc8c5f8a-bbbf-4b03-a57b-ab84f9027170,5b0fa12a-3dd7-45bb-9766-cc326314d9f1,14663.24201229999,0.000206913553016,1.411103716643549e-08,3.0467956152575546,0.0,10.0,0.0120697013486183,0.0,0.0404817073047227,0.052551408653341,0.0,Canada,CAN,quebec,,,Windows-11-10.0.26200-SP0,3.13.14,3.2.8,4,Intel(R) Core(TM) i5-6200U CPU @ 2.30GHz,0,,-71.2,46.8,7.897434234619141,machine,6.172530353200883,0,84.2700055187638,6.655188404434827,N,1.0,0.0
2026-10-07T18:29:28,codecarbon,cc8c5f8a-bbbf-4b03-a57b-ab84f9027170,5b0fa12a-3dd7-45bb-9766-cc326314d9f1,14678.840570799992,0.0002071195563482,1.4110076020601173e-08,3.0472885748946617,0.0,10.0,0.012081486986864,0.0,0.0405222418994449,0.052603728886309,0.0,Canada,CAN,quebec,,,Windows-11-10.0.26200-SP0,3.13.14,3.2.8,4,Intel(R) Core(TM) i5-6200U CPU @ 2.30GHz,0,,-71.2,46.8,7.897434234619141,machine,6.179932465026532,0,84.27148370201915,6.6553044422005865,N,1.0,0.0
2026-10-07T18:29:44,codecarbon,cc8c5f8a-bbbf-4b03-a57b-ab84f9027170,5b0fa12a-3dd7-45bb-9766-cc326314d9f1,14694.5334323,0.0002073236132065,1.4108893906823956e-08,3.047194354773262,0.0,10.0,0.0120925249712637,0.0,0.0405630297872227,0.0526555547584865,0.0,Canada,CAN,quebec,,,Windows-11-10.0.26200-SP0,3.13.14,3.2.8,4,Intel(R) Core(TM) i5-6200U CPU @ 2.30GHz,0,,-71.2,46.8,7.897434234619141,machine,6.173125903490053,0,84.27298822881531,6.655423630274376,N,1.0,0.0
2026-10-07T18:30:00,codecarbon,cc8c5f8a-bbbf-4b03-a57b-ab84f9027170,5b0fa12a-3dd7-45bb-9766-cc326314d9f1,14710.171986599991,0.0002075294555954,1.4107887778908829e-08,3.0477138099323247,0.0,10.0,0.0121041639637511,0.0,0.0406036701516672,0.0527078341154183,0.0,Canada,CAN,quebec,,,Windows-11-10.0.26200-SP0,3.13.14,3.2.8,4,Intel(R) Core(TM) i5-6200U CPU @ 2.30GHz,0,,-71.2,46.8,7.897434234619141,machine,6.180511621510108,0,84.27420574886536,6.655519359821041,N,1.0,0.0
2026-10-07T18:30:16,codecarbon,cc8c5f8a-bbbf-4b03-a57b-ab84f9027170,5b0fa12a-3dd7-45bb-9766-cc326314d9f1,14725.945613399992,0.0002077430315421,1.4107279559223622e-08,3.048140234791729,0.0,10.0,0.0121174357003771,0.0,0.0406446419225005,0.0527620776228776,0.0,Canada,CAN,quebec,,,Windows-11-10.0.26200-SP0,3.13.14,3.2.8,4,Intel(R) Core(TM) i5-6200U CPU @ 2.30GHz,0,,-71.2,46.8,7.897434234619141,machine,6.18745706827861,0,84.27514081604616,6.655593915830063,N,1.0,0.0
2026-10-07T18:30:31,codecarbon,cc8c5f8a-bbbf-4b03-a57b-ab84f9027170,5b0fa12a-3dd7-45bb-9766-cc326314d9f1,14741.671758700002,0.0002079563381328,1.4106699805615304e-08,3.0481508091489324,0.0,10.0,0.0121307221102189,0.0,0.0406855306097227,0.0528162527199417,0.0,Canada,CAN,quebec,,,Windows-11-10.0.26200-SP0,3.13.14,3.2.8,4,Intel(R) Core(TM) i5-6200U CPU @ 2.30GHz,0,,-71.2,46.8,7.897434234619141,machine,6.181088314005352,0,84.27636725451177,6.655690414040252,N,1.0,0.0
2026-10-07T18:30:47,codecarbon,cc8c5f8a-bbbf-4b03-a57b-ab84f9027170,5b0fa12a-3dd7-45bb-9766-cc326314d9f1,14757.391725299996,0.0002083322291283,1.4117144344089656e-08,3.0474986421608574,0.0,10.0,0.0121450458597328,0.0,0.0407666747550005,0.0529117206147333,0.0,Canada,CAN,quebec,,,Windows-11-10.0.26200-SP0,3.13.14,3.2.8,4,Intel(R) Core(TM) i5-6200U CPU @ 2.30GHz,0,,-71.2,46.8,7.897434234619141,machine,6.17430941120022,0,84.27777777777777,6.655801693451348,N,1.0,0.0
2026-10-07T18:31:03,codecarbon,cc8c5f8a-bbbf-4b03-a57b-ab84f9027170,5b0fa12a-3dd7-45bb-9766-cc326314d9f1,14772.986766799992,0.0002085312112595,1.4115710962945445e-08,3.046549428662407,0.0,10.0,0.0121550417998766,0.0,0.0408072158200005,0.0529622576198771,0.0,Canada,CAN,quebec,,,Windows-11-10.0.26200-SP0,3.13.14,3.2.8,4,Intel(R) Core(TM) i5-6200U CPU @ 2.30GHz,0,,-71.2,46.8,7.897434234619141,machine,6.167967680087648,0,84.27915639550808,6.655910317194492,N,1.0,0.0
2026-10-07T18:31:18,codecarbon,cc8c5f8a-bbbf-4b03-a57b-ab84f9027170,5b0fa12a-3dd7-45bb-9766-cc326314d9f1,14788.59112859999,0.0002087342262723,1.4114544411785207e-08,3.04631392113314,0.0,10.0,0.0121660565585647,0.0,0.040847762328056,0.0530138188866207,0.0,Canada,CAN,quebec,,,Windows-11-10.0.26200-SP0,3.13.14,3.2.8,4,Intel(R) Core(TM) i5-6200U CPU @ 2.30GHz,0,,-71.2,46.8,7.897434234619141,machine,6.161217510259918,0,84.28072503419972,6.6560341935477405,N,1.0,0.0
2026-10-07T18:31:34,codecarbon,cc8c5f8a-bbbf-4b03-a57b-ab84f9027170,5b0fa12a-3dd7-45bb-9766-cc326314d9f1,14804.200094300002,0.0002089393944885,1.4113521376207792e-08,3.045856007635736,0.0,10.0,0.0121776002521431,0.0,0.0408883267666671,0.0530659270188103,0.0,Canada,CAN,quebec,,,Windows-11-10.0.26200-SP0,3.13.14,3.2.8,4,Intel(R) Core(TM) i5-6200U CPU @ 2.30GHz,0,,-71.2,46.8,7.897434234619141,machine,6.16173556542535,0,84.28199521694567,6.656135751706649,N,1.0,0.0
2026-10-07T18:31:50,codecarbon,cc8c5f8a-bbbf-4b03-a57b-ab84f9027170,5b0fa12a-3dd7-45bb-9766-cc326314d9f1,14819.90106019999,0.0002091498139129,1.4112767221815021e-08,3.046461018671015,0.0,10.0,0.0121902327019404,0.0,0.0409291361383338,0.0531193688402742,0.0,Canada,CAN,quebec,,,Windows-11-10.0.26200-SP0,3.13.14,3.2.8,4,Intel(R) Core(TM) i5-6200U CPU @ 2.30GHz,0,,-71.2,46.8,7.897434234619141,machine,6.161831956863013,0,84.28288171455873,6.656206531302041,N,1.0,0.0
2026-10-07T18:32:05,codecarbon,cc8c5f8a-bbbf-4b03-a57b-ab84f9027170,5b0fa12a-3dd7-45bb-9766-cc326314d9f1,14835.513481699993,0.0002093511040808,1.4111483524926537e-08,3.045992471933317,0.0,10.0,0.012200786394488,0.0,0.040969705640556,0.0531704920350441,0.0,Canada,CAN,quebec,,,Windows-11-10.0.26200-SP0,3.13.14,3.2.8,4,Intel(R) Core(TM) i5-6200U CPU @ 2.30GHz,0,,-71.2,46.8,7.897434234619141,machine,6.169166780308196,0,84.28372426019365,6.656272798707536,N,1.0,0.0
2026-10-07T18:32:21,codecarbon,cc8c5f8a-bbbf-4b03-a57b-ab84f9027170,5b0fa12a-3dd7-45bb-9766-cc326314d9f1,14851.2534877,0.0002095618157025,1.4110715696563209e-08,3.04569755819774,0.0,10.0,0.0122133768278056,0.0,0.0410106312402782,0.0532240080680838,0.0,Canada,CAN,quebec,,,Windows-11-10.0.26200-SP0,3.13.14,3.2.8,4,Intel(R) Core(TM) i5-6200U CPU @ 2.30GHz,0,,-71.2,46.8,7.897434234619141,machine,6.162443808745403,0,84.28483857785042,6.6563617359177485,N,1.0,0.0
2026-10-07T18:32:37,codecarbon,cc8c5f8a-bbbf-4b03-a57b-ab84f9027170,5b0fa12a-3dd7-45bb-9766-cc326314d9f1,14866.9564712,0.0002097525689908,1.4108642168767888e-08,3.044405359211298,0.0,10.0,0.0122210028311242,0.0,0.0410514523002783,0.0532724551314025,0.0,Canada,CAN,quebec,,,Windows-11-10.0.26200-SP0,3.13.14,3.2.8,4,Intel(R) Core(TM) i5-6200U CPU @ 2.30GHz,0,,-71.2,46.8,7.897434234619141,machine,6.169762536572089,0,84.2862761107709,6.656474570088576,N,1.0,0.0
2026-10-07T18:32:52,codecarbon,cc8c5f8a-bbbf-4b03-a57b-ab84f9027170,5b0fa12a-3dd7-45bb-9766-cc326314d9f1,14882.560233099995,0.0002099530404295,1.4107320053881314e-08,3.043930523458122,0.0,10.0,0.0122313797375672,0.0,0.0410919906497227,0.05332337038729,0.0,Canada,CAN,quebec,,,Windows-11-10.0.26200-SP0,3.13.14,3.2.8,4,Intel(R) Core(TM) i5-6200U CPU @ 2.30GHz,0,,-71.2,46.8,7.897434234619141,machine,6.163053082308163,0,84.2882009107592,6.656627232672072,N,1.0,0.0
2026-10-07T18:33:08,codecarbon,cc8c5f8a-bbbf-4b03-a57b-ab84f9027170,5b0fa12a-3dd7-45bb-9766-cc326314d9f1,14898.152705999992,0.0002101560619686,1.4106182566112648e-08,3.0436778714222896,0.0,10.0,0.0122424276610274,0.0,0.0411325056505561,0.0533749333115834,0.0,Canada,CAN,quebec,,,Windows-11-10.0.26200-SP0,3.13.14,3.2.8,4,Intel(R) Core(TM) i5-6200U CPU @ 2.30GHz,0,,-71.2,46.8,7.897434234619141,machine,6.156776208582293,0,84.29017517653449,6.656782502003949,N,1.0,0.0
2026-10-07T18:33:24,codecarbon,cc8c5f8a-bbbf-4b03-a57b-ab84f9027170,5b0fa12a-3dd7-45bb-9766-cc326314d9f1,14913.92091229999,0.0002103695538376,1.4105583305339406e-08,3.043840481503864,0.0,10.0,0.012255658696294,0.0,0.0411734967688894,0.0534291554651834,0.0,Canada,CAN,quebec,,,Windows-11-10.0.26200-SP0,3.13.14,3.2.8,4,Intel(R) Core(TM) i5-6200U CPU @ 2.30GHz,0,,-71.2,46.8,7.897434234619141,machine,6.163659793814433,0,84.29223412913727,6.656944468431478,N,1.0,0.0
2026-10-07T18:33:39,codecarbon,cc8c5f8a-bbbf-4b03-a57b-ab84f9027170,5b0fa12a-3dd7-45bb-9766-cc326314d9f1,14929.677171399991,0.0002105707171629,1.4104170823353368e-08,3.043223995614276,0.0,10.0,0.0122657852114272,0.0,0.0412144612333338,0.053480246444761,0.0,Canada,CAN,quebec,,,Windows-11-10.0.26200-SP0,3.13.14,3.2.8,4,Intel(R) Core(TM) i5-6200U CPU @ 2.30GHz,0,,-71.2,46.8,7.897434234619141,machine,6.157395487499153,0,84.2939020258825,6.657076588732835,N,1.0,0.0
2026-10-07T18:33:55,codecarbon,cc8c5f8a-bbbf-4b03-a57b-ab84f9027170,5b0fa12a-3dd7-45bb-9766-cc326314d9f1,14945.37095869999,0.0002108122119966,1.4105518864620742e-08,3.045262224961752,0.0,10.0,0.0122863434901094,0.0,0.0412552372341671,0.0535415807242765,0.0,Canada,CAN,quebec,,,Windows-11-10.0.26200-SP0,3.13.14,3.2.8,4,Intel(R) Core(TM) i5-6200U CPU @ 2.30GHz,0,,-71.2,46.8,7.897434234619141,machine,6.157495769881557,0,84.29479526226736,6.657147798489798,N,1.0,0.0
2026-10-07T18:34:11,codecarbon,cc8c5f8a-bbbf-4b03-a57b-ab84f9027170,5b0fa12a-3dd7-45bb-9766-cc326314d9f1,14961.188644099995,0.0002110129058438,1.4104020132586558e-08,3.044620671036029,0.0,10.0,0.0122961556441423,0.0,0.0412963968227782,0.0535925524669206,0.0,Canada,CAN,quebec,,,Windows-11-10.0.26200-SP0,3.13.14,3.2.8,4,Intel(R) Core(TM) i5-6200U CPU @ 2.30GHz,0,,-71.2,46.8,7.897434234619141,machine,6.15632183908046,0,84.29282623394185,6.656991383189523,N,1.0,0.0
2026-10-07T18:34:26,codecarbon,cc8c5f8a-bbbf-4b03-a57b-ab84f9027170,5b0fa12a-3dd7-45bb-9766-cc326314d9f1,14976.851407199996,0.0002112190270284,1.4103032826174522e-08,3.044540256827194,0.0,10.0,0.0123078009525914,0.0,0.0413371016791671,0.0536449026317586,0.0,Canada,CAN,quebec,,,Windows-11-10.0.26200-SP0,3.13.14,3.2.8,4,Intel(R) Core(TM) i5-6200U CPU @ 2.30GHz,0,,-71.2,46.8,7.897434234619141,machine,6.156423071727678,0,84.2905511279211,6.656811150573128,N,1.0,0.0
2026-10-07T18:34:42,codecarbon,cc8c5f8a-bbbf-4b03-a57b-ab84f9027170,5b0fa12a-3dd7-45bb-9766-cc326314d9f1,14992.6103362,0.0002114191668629,1.4101558175795558e-08,3.043979601322925,0.0,10.0,0.0123176930481553,0.0,0.0413780406194449,0.0536957336676003,0.0,Canada,CAN,quebec,,,Windows-11-10.0.26200-SP0,3.13.14,3.2.8,4,Intel(R) Core(TM) i5-6200U CPU @ 2.30GHz,0,,-71.2,46.8,7.897434234619141,machine,6.1614398488631,0,84.28833412050469,6.656635448120438,N,1.0,0.0
2026-10-07T18:34:58,codecarbon,cc8c5f8a-bbbf-4b03-a57b-ab84f9027170,5b0fa12a-3dd7-45bb-9766-cc326314d9f1,15008.288450699998,0.0002116261444458,1.410061814449944e-08,3.0440135691811414,0.0,10.0,0.0123295269120116,0.0,0.0414187744263894,0.053748301338401,0.0,Canada,CAN,quebec,,,Windows-11-10.0.26200-SP0,3.13.14,3.2.8,4,Intel(R) Core(TM) i5-6200U CPU @ 2.30GHz,0,,-71.2,46.8,7.897434234619141,machine,6.154795443822875,0,84.28608883197411,6.656458157465257,N,1.0,0.0
2026-10-07T18:35:14,codecarbon,cc8c5f8a-bbbf-4b03-a57b-ab84f9027170,5b0fa12a-3dd7-45bb-9766-cc326314d9f1,15023.9882737,0.0002118344302603,1.409974677836974e-08,3.043832526460913,0.0,10.0,0.0123415975957504,0.0,0.0414596036750004,0.0538012012707509,0.0,Canada,CAN,quebec,,,Windows-11-10.0.26200-SP0,3.13.14,3.2.8,4,Intel(R) Core(TM) i5-6200U CPU @ 2.30GHz,0,,-71.2,46.8,7.897434234619141,machine,6.157554538109346,0,84.2838001615944,6.656277132329676,N,1.0,0.0
2026-10-07T18:35:29,codecarbon,cc8c5f8a-bbbf-4b03-a57b-ab84f9027170,5b0fa12a-3dd7-45bb-9766-cc326314d9f1,15039.624872899993,0.0002120316883577,1.4098203256376432e-08,3.043103171975617,0.0,10.0,0.0123510687865853,0.0,0.0415002316233338,0.0538513004099191,0.0,Canada,CAN,quebec,,,Windows-11-10.0.26200-SP0,3.13.14,3.2.8,4,Intel(R) Core(TM) i5-6200U CPU @ 2.30GHz,0,,-71.2,46.8,7.897434234619141,machine,6.164379876244283,0,84.28141646489105,6.656088650723699,N,1.0,0.0
2026-10-07T18:35:45,codecarbon,cc8c5f8a-bbbf-4b03-a57b-ab84f9027170,5b0fa12a-3dd7-45bb-9766-cc326314d9f1,15055.260128099995,0.0002122258552704,1.4096458876475725e-08,3.0420837886959795,0.0,10.0,0.0123597484512571,0.0,0.0415408660061116,0.0539006144573687,0.0,Canada,CAN,quebec,,,Windows-11-10.0.26200-SP0,3.13.14,3.2.8,4,Intel(R) Core(TM) i5-6200U CPU @ 2.30GHz,0,,-71.2,46.8,7.897434234619141,machine,6.164886111671034,0,84.27921118054155,6.655914055198172,N,1.0,0.0
2026-10-07T18:36:01,codecarbon,cc8c5f8a-bbbf-4b03-a57b-ab84f9027170,5b0fa12a-3dd7-45bb-9766-cc326314d9f1,15071.038329599993,0.0002124509643775,1.4096637519680472e-08,3.042767064966795,0.0,10.0,0.0123759098384568,0.0,0.0415818772908338,0.0539577871292906,0.0,Canada,CAN,quebec,,,Windows-11-10.0.26200-SP0,3.13.14,3.2.8,4,Intel(R) Core(TM) i5-6200U CPU @ 2.30GHz,0,,-71.2,46.8,7.897434234619141,machine,6.158679017317761,0,84.27783595113438,6.655805262579568,N,1.0,0.0
2026-10-07T18:36:17,codecarbon,cc8c5f8a-bbbf-4b03-a57b-ab84f9027170,5b0fa12a-3dd7-45bb-9766-cc326314d9f1,15086.89537659999,0.0002126567831682,1.4095463503915293e-08,3.042797420132768,0.0,10.0,0.0123869212850474,0.0,0.0416231392077782,0.0540100604928256,0.0,Canada,CAN,quebec,,,Windows-11-10.0.26200-SP0,3.13.14,3.2.8,4,Intel(R) Core(TM) i5-6200U CPU @ 2.30GHz,0,,-71.2,46.8,7.897434234619141,machine,6.158776988064905,0,84.27301193509454,6.655424392237745,N,1.0,0.0
2026-10-07T18:36:32,codecarbon,cc8c5f8a-bbbf-4b03-a57b-ab84f9027170,5b0fa12a-3dd7-45bb-9766-cc326314d9f1,15102.600340999998,0.0002130184283614,1.4104751734913616e-08,3.042170509612545,0.0,10.0,0.0123976359359311,0.0,0.0417042743369449,0.054101910272876,0.0,Canada,CAN,quebec,,,Windows-11-10.0.26200-SP0,3.13.14,3.2.8,4,Intel(R) Core(TM) i5-6200U CPU @ 2.30GHz,0,,-71.2,46.8,7.897434234619141,machine,6.165985665483287,0,84.2674727041329,6.65498737915497,N,1.0,0.0
2026-10-07T18:36:48,codecarbon,cc8c5f8a-bbbf-4b03-a57b-ab84f9027170,5b0fa12a-3dd7-45bb-9766-cc326314d9f1,15118.3037146,0.0002132105421646,1.4102808502172084e-08,3.04145493228914,0.0,10.0,0.012405609918473,0.0,0.041745092958056,0.054150702876529,0.0,Canada,CAN,quebec,,,Windows-11-10.0.26200-SP0,3.13.14,3.2.8,4,Intel(R) Core(TM) i5-6200U CPU @ 2.30GHz,0,,-71.2,46.8,7.897434234619141,machine,6.159384409501506,0,84.26145199063231,6.654510275469691,N,1.0,0.0
2026-10-07T18:37:04,codecarbon,cc8c5f8a-bbbf-4b03-a57b-ab84f9027170,5b0fa12a-3dd7-45bb-9766-cc326314d9f1,15133.941476199994,0.0002133999746829,1.4100753265008706e-08,3.04018412830124,0.0,10.0,0.0124130867563497,0.0,0.0417857277375004,0.0541988144938501,0.0,Canada,CAN,quebec,,,Windows-11-10.0.26200-SP0,3.13.14,3.2.8,4,Intel(R) Core(TM) i5-6200U CPU @ 2.30GHz,0,,-71.2,46.8,7.897434234619141,machine,6.153208556149733,0,84.25576871657755,6.654061811620539,N,1.0,0.0
2026-10-07T18:37:19,codecarbon,cc8c5f8a-bbbf-4b03-a57b-ab84f9027170,5b0fa12a-3dd7-45bb-9766-cc326314d9f1,15149.6566932,0.0002135945953993,1.4098972651650437e-08,3.039510338585574,0.0,10.0,0.0124216744739516,0.0,0.0418265693233337,0.0542482437972854,0.0,Canada,CAN,quebec,,,Windows-11-10.0.26200-SP0,3.13.14,3.2.8,4,Intel(R) Core(TM) i5-6200U CPU @ 2.30GHz,0,,-71.2,46.8,7.897434234619141,machine,6.153311965811966,0,84.24984642094017,6.653593432444793,N,1.0,0.0
2026-10-07T18:37:35,codecarbon,cc8c5f8a-bbbf-4b03-a57b-ab84f9027170,5b0fa12a-3dd7-45bb-9766-cc326314d9f1,15165.326950499992,0.0002137953717289,1.4097643422183924e-08,3.0394735695523694,0.0,10.0,0.0124319391464276,0.0,0.0418672973422226,0.0542992364886502,0.0,Canada,CAN,quebec,,,Windows-11-10.0.26200-SP0,3.13.14,3.2.8,4,Intel(R) Core(TM) i5-6200U CPU @ 2.30GHz,0,,-71.2,46.8,7.897434234619141,machine,6.147154959642452,0,84.24452004536056,6.653171943652845,N,1.0,0.0
2026-10-07T18:37:51,codecarbon,cc8c5f8a-bbbf-4b03-a57b-ab84f9027170,5b0fa12a-3dd7-45bb-9766-cc326314d9f1,15180.95308549999,0.0002140108479219,1.4097326216386549e-08,3.0398575008692608,0.0,10.0,0.0124460701183137,0.0,0.0419078924977781,0.0543539626160918,0.0,Canada,CAN,quebec,,,Windows-11-10.0.26200-SP0,3.13.14,3.2.8,4,Intel(R) Core(TM) i5-6200U CPU @ 2.30GHz,0,,-71.2,46.8,7.897434234619141,machine,6.158925834610515,0,84.23932164989671,6.65276181077452,N,1.0,0.0
2026-10-07T18:38:06,codecarbon,cc8c5f8a-bbbf-4b03-a57b-ab84f9027170,5b0fa12a-3dd7-45bb-9766-cc326314d9f1,15196.633817199996,0.0002142086115916,1.4095793461126192e-08,3.0390403366371257,0.0,10.0,0.0124555371323397,0.0,0.0419486530269448,0.0544041901592845,0.0,Canada,CAN,quebec,,,Windows-11-10.0.26200-SP0,3.13.14,3.2.8,4,Intel(R) Core(TM) i5-6200U CPU @ 2.30GHz,0,,-71.2,46.8,7.897434234619141,machine,6.152775928637998,0,84.23496205565172,6.652417643697772,N,1.0,0.0
2026-10-07T18:38:22,codecarbon,cc8c5f8a-bbbf-4b03-a57b-ab84f9027170,5b0fa12a-3dd7-45bb-9766-cc326314d9f1,15212.3573147,0.0002144025498212,1.4093972773965276e-08,3.037911282513309,0.0,10.0,0.0124639169169258,0.0,0.0419895292094448,0.0544534461263707,0.0,Canada,CAN,quebec,,,Windows-11-10.0.26200-SP0,3.13.14,3.2.8,4,Intel(R) Core(TM) i5-6200U CPU @ 2.30GHz,0,,-71.2,46.8,7.897434234619141,machine,6.152879372256949,0,84.22994414150817,6.652022175688045,N,1.0,0.0
2026-10-07T18:38:38,codecarbon,cc8c5f8a-bbbf-4b03-a57b-ab84f9027170,5b0fa12a-3dd7-45bb-9766-cc326314d9f1,15228.0524325,0.0002146131464784,1.4093276039711498e-08,3.037715941471829,0.0,10.0,0.0124766035807281,0.0,0.0420303293802782,0.0545069329610063,0.0,Canada,CAN,quebec,,,Windows-11-10.0.26200-SP0,3.13.14,3.2.8,4,Intel(R) Core(TM) i5-6200U CPU @ 2.30GHz,0,,-71.2,46.8,7.897434234619141,machine,6.166677738656746,0,84.22541021723245,6.651663292446604,N,1.0,0.0
2026-10-07T18:38:53,codecarbon,cc8c5f8a-bbbf-4b03-a57b-ab84f9027170,5b0fa12a-3dd7-45bb-9766-cc326314d9f1,15243.746897799996,0.0002148508475742,1.409435941272886e-08,3.039730625605582,0.0,10.0,0.0124961714749411,0.0,0.0420711322411115,0.0545673037160526,0.0,Canada,CAN,quebec,,,Windows-11-10.0.26200-SP0,3.13.14,3.2.8,4,Intel(R) Core(TM) i5-6200U CPU @ 2.30GHz,0,,-71.2,46.8,7.897434234619141,machine,6.160130068352246,0,84.22197889707346,6.651392061128591,N,1.0,0.0
2026-10-07T18:39:09,codecarbon,cc8c5f8a-bbbf-4b03-a57b-ab84f9027170,5b0fa12a-3dd7-45bb-9766-cc326314d9f1,15259.481553499994,0.000215109214508,1.4096757727569944e-08,3.0427222913078267,0.0,10.0,0.0125208808869505,0.0,0.042112042244167,0.0546329231311175,0.0,Canada,CAN,quebec,,,Windows-11-10.0.26200-SP0,3.13.14,3.2.8,4,Intel(R) Core(TM) i5-6200U CPU @ 2.30GHz,0,,-71.2,46.8,7.897434234619141,machine,6.154004242906391,0,84.22122779103687,6.651332574509019,N,1.0,0.0
2026-10-07T18:39:25,codecarbon,cc8c5f8a-bbbf-4b03-a57b-ab84f9027170,5b0fa12a-3dd7-45bb-9766-cc326314d9f1,15275.2397395,0.0002153180177726,1.4095884676416812e-08,3.042625429245363,0.0,10.0,0.0125329524394704,0.0,0.0421530020447226,0.0546859544841931,0.0,Canada,CAN,quebec,,,Windows-11-10.0.26200-SP0,3.13.14,3.2.8,4,Intel(R) Core(TM) i5-6200U CPU @ 2.30GHz,0,,-71.2,46.8,7.897434234619141,machine,6.160728476821192,0,84.21992715231788,6.651229890482315,N,1.0,0.0
2026-10-07T18:39:41,codecarbon,cc8c5f8a-bbbf-4b03-a57b-ab84f9027170,5b0fa12a-3dd7-45bb-9766-cc326314d9f1,15290.9269603,0.0002155491121044,1.4096536636667348e-08,3.043962508994285,0.0,10.0,0.0125508713327574,0.0,0.0421937759363893,0.0547446472691467,0.0,Canada,CAN,quebec,,,Windows-11-10.0.26200-SP0,3.13.14,3.2.8,4,Intel(R) Core(TM) i5-6200U CPU @ 2.30GHz,0,,-71.2,46.8,7.897434234619141,machine,6.1591690923524745,0,84.21768986504367,6.651054070657699,N,1.0,0.0
2026-10-07T18:39:56,codecarbon,cc8c5f8a-bbbf-4b03-a57b-ab84f9027170,5b0fa12a-3dd7-45bb-9766-cc326314d9f1,15306.5299046,0.0002157922785518,1.4098053569087154e-08,3.046314273755768,0.0,10.0,0.0125720907413732,0.0,0.0422343153597226,0.0548064061010959,0.0,Canada,CAN,quebec,,,Windows-11-10.0.26200-SP0,3.13.14,3.2.8,4,Intel(R) Core(TM) i5-6200U CPU @ 2.30GHz,0,,-71.2,46.8,7.897434234619141,machine,6.159672196153592,0,84.21658185182739,6.650967065061,N,1.0,0.0
2026-10-07T18:40:12,codecarbon,cc8c5f8a-bbbf-4b03-a57b-ab84f9027170,5b0fa12a-3dd7-45bb-9766-cc326314d9f1,15322.267946599995,0.0002160034841966,1.4097357189511001e-08,3.0464889121829217,0.0,10.0,0.0125848326743676,0.0,0.0422752149305559,0.0548600476049236,0.0,Canada,CAN,quebec,,,Windows-11-10.0.26200-SP0,3.13.14,3.2.8,4,Intel(R) Core(TM) i5-6200U CPU @ 2.30GHz,0,,-71.2,46.8,7.897434234619141,machine,6.153165643361722,0,84.21479500891266,6.650825557405267,N,1.0,0.0
2026-10-07T18:40:28,codecarbon,cc8c5f8a-bbbf-4b03-a57b-ab84f9027170,5b0fa12a-3dd7-45bb-9766-cc326314d9f1,15337.939771299993,0.0002162157048573,1.4096789274264449e-08,3.046402658248992,0.0,10.0,0.0125980314062024,0.0,0.0423159154938893,0.0549139469000917,0.0,Canada,CAN,quebec,,,Windows-11-10.0.26200-SP0,3.13.14,3.2.8,4,Intel(R) Core(TM) i5-6200U CPU @ 2.30GHz,0,,-71.2,46.8,7.897434234619141,machine,6.160269093787099,0,84.20982060414194,6.650432962805815,N,1.0,0.0
2026-10-07T18:40:43,codecarbon,cc8c5f8a-bbbf-4b03-a57b-ab84f9027170,5b0fa12a-3dd7-45bb-9766-cc326314d9f1,15353.644412199996,0.0002164602385176,1.4098296971476945e-08,3.048287056172995,0.0,10.0,0.0126193351737674,0.0,0.0423567177997226,0.0549760529734901,0.0,Canada,CAN,quebec,,,Windows-11-10.0.26200-SP0,3.13.14,3.2.8,4,Intel(R) Core(TM) i5-6200U CPU @ 2.30GHz,0,,-71.2,46.8,7.897434234619141,machine,6.1735406509421535,0,84.20522466728158,6.650069204710707,N,1.0,0.0
2026-10-07T18:40:59,codecarbon,cc8c5f8a-bbbf-4b03-a57b-ab84f9027170,5b0fa12a-3dd7-45bb-9766-cc326314d9f1,15369.500749600003,0.0002166983959157,1.4099247558279576e-08,3.0499680072805706,0.0,10.0,0.0126386019779851,0.0,0.0423979376411115,0.0550365396190966,0.0,Canada,CAN,quebec,,,Windows-11-10.0.26200-SP0,3.13.14,3.2.8,4,Intel(R) Core(TM) i5-6200U CPU @ 2.30GHz,0,,-71.2,46.8,7.897434234619141,machine,6.167445534127559,0,84.20097413282433,6.649733351380612,N,1.0,0.0
2026-10-07T18:41:15,codecarbon,cc8c5f8a-bbbf-4b03-a57b-ab84f9027170,5b0fa12a-3dd7-45bb-9766-cc326314d9f1,15385.173227299994,0.0002169351736118,1.4100275011977582e-08,3.052325992328114,0.0,10.0,0.0126580642962803,0.0,0.0424386115550004,0.0550966758512807,0.0,Canada,CAN,quebec,,,Windows-11-10.0.26200-SP0,3.13.14,3.2.8,4,Intel(R) Core(TM) i5-6200U CPU @ 2.30GHz,0,,-71.2,46.8,7.897434234619141,machine,6.160957327897955,0,84.1961009928332,6.6493471559354855,N,1.0,0.0
2026-10-07T18:41:31,codecarbon,cc8c5f8a-bbbf-4b03-a57b-ab84f9027170,5b0fa12a-3dd7-45bb-9766-cc326314d9f1,15400.976890099992,0.0002171568438548,1.4100199318815386e-08,3.053856935016642,0.0,10.0,0.0126733062984457,0.0,0.0424796688302781,0.0551529751287239,0.0,Canada,CAN,quebec,,,Windows-11-10.0.26200-SP0,3.13.14,3.2.8,4,Intel(R) Core(TM) i5-6200U CPU @ 2.30GHz,0,,-71.2,46.8,7.897434234619141,machine,6.161455596426695,0,84.1911718339464,6.648957736355595,N,1.0,0.0
2026-10-07T18:41:46,codecarbon,cc8c5f8a-bbbf-4b03-a57b-ab84f9027170,5b0fa12a-3dd7-45bb-9766-cc326314d9f1,15416.592177,0.0002173732905807,1.4099957246392378e-08,3.053836615499735,0.0,10.0,0.0126877287647916,0.0,0.0425202189850004,0.055207947749792,0.0,Canada,CAN,quebec,,,Windows-11-10.0.26200-SP0,3.13.14,3.2.8,4,Intel(R) Core(TM) i5-6200U CPU @ 2.30GHz,0,,-71.2,46.8,7.897434234619141,machine,6.161548556430446,0,84.1859186351706,6.64854270429436,N,1.0,0.0
2026-10-07T18:42:02,codecarbon,cc8c5f8a-bbbf-4b03-a57b-ab84f9027170,5b0fa12a-3dd7-45bb-9766-cc326314d9f1,15432.3676042,0.0002177424632184,1.4109465819051373e-08,3.053774426380455,0.0,10.004962779156328,0.0127002036663491,0.0,0.0426015056658337,0.0553017093321829,0.0,Canada,CAN,quebec,,,Windows-11-10.0.26200-SP0,3.13.14,3.2.8,4,Intel(R) Core(TM) i5-6200U CPU @ 2.30GHz,0,,-71.2,46.8,7.897434234619141,machine,6.16204523107178,0,84.18155358898723,6.648198719456016,N,1.0,0.0
2026-10-07T18:42:18,codecarbon,cc8c5f8a-bbbf-4b03-a57b-ab84f9027170,5b0fa12a-3dd7-45bb-9766-cc326314d9f1,15448.06067559999,0.0002181482074185,1.4121397630393166e-08,3.0518792529981686,0.0,10.0,0.012721706440452,0.0,0.0426830528319448,0.0554047592723968,0.0,Canada,CAN,quebec,,,Windows-11-10.0.26200-SP0,3.13.14,3.2.8,4,Intel(R) Core(TM) i5-6200U CPU @ 2.30GHz,0,,-71.2,46.8,7.897434234619141,machine,6.155589024949251,0,84.17622945452165,6.647777984531211,N,1.0,0.0
2026-10-07T18:42:33,codecarbon,cc8c5f8a-bbbf-4b03-a57b-ab84f9027170,5b0fa12a-3dd7-45bb-9766-cc326314d9f1,15463.771737000005,0.0002183490861511,1.4120040690247838e-08,3.051718478356982,0.0,10.0,0.0127318734648581,0.0,0.0427239045069448,0.0554557779718029,0.0,Canada,CAN,quebec,,,Windows-11-10.0.26200-SP0,3.13.14,3.2.8,4,Intel(R) Core(TM) i5-6200U CPU @ 2.30GHz,0,,-71.2,46.8,7.897434234619141,machine,6.153912076409786,0,84.17125474290201,6.64738556965318,N,1.0,0.0
2026-10-07T18:42:49,codecarbon,cc8c5f8a-bbbf-4b03-a57b-ab84f9027170,5b0fa12a-3dd7-45bb-9766-cc326314d9f1,15479.40112309999,0.0002185560581605,1.4119154637993344e-08,3.0516030542568764,0.0,10.0,0.0127438223376319,0.0,0.0427645218894449,0.0555083442270768,0.0,Canada,CAN,quebec,,,Windows-11-10.0.26200-SP0,3.13.14,3.2.8,4,Intel(R) Core(TM) i5-6200U CPU @ 2.30GHz,0,,-71.2,46.8,7.897434234619141,machine,6.147477453927591,0,84.16624624232126,6.646990224498968,N,1.0,0.0
2026-10-07T18:43:05,codecarbon,cc8c5f8a-bbbf-4b03-a57b-ab84f9027170,5b0fa12a-3dd7-45bb-9766-cc326314d9f1,15495.017913399992,0.0002187581268035,1.411796540192358e-08,3.0512949978240105,0.0,10.0,0.012754569467918,0.0,0.0428050956691671,0.0555596651370851,0.0,Canada,CAN,quebec,,,Windows-11-10.0.26200-SP0,3.13.14,3.2.8,4,Intel(R) Core(TM) i5-6200U CPU @ 2.30GHz,0,,-71.2,46.8,7.897434234619141,machine,6.147985898021806,0,84.16153293725925,6.646618517259086,N,1.0,0.0
2026-10-07T18:43:20,codecarbon,cc8c5f8a-bbbf-4b03-a57b-ab84f9027170,5b0fa12a-3dd7-45bb-9766-cc326314d9f1,15510.652421699995,0.0002190064916065,1.411974723256414e-08,3.0540102388386656,0.0,10.0,0.0127770124529909,0.0,0.0428457317819448,0.0556227442349358,0.0,Canada,CAN,quebec,,,Windows-11-10.0.26200-SP0,3.13.14,3.2.8,4,Intel(R) Core(TM) i5-6200U CPU @ 2.30GHz,0,,-71.2,46.8,7.897434234619141,machine,6.1578751711993736,0,84.15727515815561,6.6462829961536025,N,1.0,0.0
2026-10-07T18:43:36,codecarbon,cc8c5f8a-bbbf-4b03-a57b-ab84f9027170,5b0fa12a-3dd7-45bb-9766-cc326314d9f1,15526.343471200002,0.0002192718044813,1.4122565618107712e-08,3.0564649644155995,0.0,10.0,0.0128036674315133,0.0,0.0428864603319448,0.0556901277634581,0.0,Canada,CAN,quebec,,,Windows-11-10.0.26200-SP0,3.13.14,3.2.8,4,Intel(R) Core(TM) i5-6200U CPU @ 2.30GHz,0,,-71.2,46.8,7.897434234619141,machine,6.171403440187646,0,84.15449569976543,6.646063024686407,N,1.0,0.0
2026-10-07T18:43:52,codecarbon,cc8c5f8a-bbbf-4b03-a57b-ab84f9027170,5b0fa12a-3dd7-45bb-9766-cc326314d9f1,15541.998230799987,0.0002194786060257,1.4121646571212989e-08,3.056265504725978,0.0,10.0,0.0128155132916722,0.0,0.0429271374327782,0.0557426507244504,0.0,Canada,CAN,quebec,,,Windows-11-10.0.26200-SP0,3.13.14,3.2.8,4,Intel(R) Core(TM) i5-6200U CPU @ 2.30GHz,0,,-71.2,46.8,7.897434234619141,machine,6.171887001236738,0,84.15190392501464,6.645857748339389,N,1.0,0.0
2026-10-07T18:44:07,codecarbon,cc8c5f8a-bbbf-4b03-a57b-ab84f9027170,5b0fa12a-3dd7-45bb-9766-cc326314d9f1,15557.751161399996,0.0002196866698815,1.4120721407769416e-08,3.05611989077583,0.0,10.0,0.0128274534811826,0.0,0.042968040803056,0.0557954942842386,0.0,Canada,CAN,quebec,,,Windows-11-10.0.26200-SP0,3.13.14,3.2.8,4,Intel(R) Core(TM) i5-6200U CPU @ 2.30GHz,0,,-71.2,46.8,7.897434234619141,machine,6.178470641784251,0,84.14888484296768,6.6456197342642245,N,1.0,0.0
2026-10-07T18:44:23,codecarbon,cc8c5f8a-bbbf-4b03-a57b-ab84f9027170,5b0fa12a-3dd7-45bb-9766-cc326314d9f1,15573.46387919999,0.0002199002507677,1.4120188833615342e-08,3.05628675745055,0.0,10.0,0.0128411646289992,0.0,0.0430085744172226,0.0558497390462218,0.0,Canada,CAN,quebec,,,Windows-11-10.0.26200-SP0,3.13.14,3.2.8,4,Intel(R) Core(TM) i5-6200U CPU @ 2.30GHz,0,,-71.2,46.8,7.897434234619141,machine,6.178946342730934,0,84.14586202416525,6.645380530618175,N,1.0,0.0
2026-10-07T18:44:39,codecarbon,cc8c5f8a-bbbf-4b03-a57b-ab84f9027170,5b0fa12a-3dd7-45bb-9766-cc326314d9f1,15589.232107299991,0.0002201247016588,1.4120304332101618e-08,3.0570536477568053,0.0,10.0,0.0128571766529336,0.0,0.0430495678930559,0.0559067445459896,0.0,Canada,CAN,quebec,,,Windows-11-10.0.26200-SP0,3.13.14,3.2.8,4,Intel(R) Core(TM) i5-6200U CPU @ 2.30GHz,0,,-71.2,46.8,7.897434234619141,machine,6.188754055807917,0,84.14271901362751,6.645132987674067,N,1.0,0.0
2026-10-07T18:44:55,codecarbon,cc8c5f8a-bbbf-4b03-a57b-ab84f9027170,5b0fa12a-3dd7-45bb-9766-cc326314d9f1,15605.155709500004,0.0002203355847131,1.4119409560199077e-08,3.056937075177064,0.0,10.0,0.0128693302768406,0.0,0.0430909738422226,0.0559603041190632,0.0,Canada,CAN,quebec,,,Windows-11-10.0.26200-SP0,3.13.14,3.2.8,4,Intel(R) Core(TM) i5-6200U CPU @ 2.30GHz,0,,-71.2,46.8,7.897434234619141,machine,6.188817580707895,0,84.13952417995593,6.64488052923083,N,1.0,0.0
2026-10-07T18:45:11,codecarbon,cc8c5f8a-bbbf-4b03-a57b-ab84f9027170,5b0fa12a-3dd7-45bb-9766-cc326314d9f1,15620.919601200005,0.0002206257070214,1.4123733599172372e-08,3.0617935313091507,0.0,10.0,0.0129020301931122,0.0,0.0431319584950004,0.0560339886881126,0.0,Canada,CAN,quebec,,,Windows-11-10.0.26200-SP0,3.13.14,3.2.8,4,Intel(R) Core(TM) i5-6200U CPU @ 2.30GHz,0,,-71.2,46.8,7.897434234619141,machine,6.189281782267988,0,84.13787319474126,6.64475024885236,N,1.0,0.0
2026-10-07T18:45:26,codecarbon,cc8c5f8a-bbbf-4b03-a57b-ab84f9027170,5b0fa12a-3dd7-45bb-9766-cc326314d9f1,15636.636989699997,0.0002208903311627,1.4126460268164946e-08,3.0651992848966967,0.0,10.0,0.012928418530704,0.0,0.0431727787630559,0.05610119729376,0.0,Canada,CAN,quebec,,,Windows-11-10.0.26200-SP0,3.13.14,3.2.8,4,Intel(R) Core(TM) i5-6200U CPU @ 2.30GHz,0,,-71.2,46.8,7.897434234619141,machine,6.189344633499386,0,84.13450863686356,6.644483703871922,N,1.0,0.0
2026-10-07T18:45:42,codecarbon,cc8c5f8a-bbbf-4b03-a57b-ab84f9027170,5b0fa12a-3dd7-45bb-9766-cc326314d9f1,15652.383861099996,0.0002211542127229,1.4129107405329265e-08,3.0683369139006063,0.0,10.0,0.012954512609057,0.0,0.0432137046913893,0.0561682173004463,0.0,Canada,CAN,quebec,,,Windows-11-10.0.26200-SP0,3.13.14,3.2.8,4,Intel(R) Core(TM) i5-6200U CPU @ 2.30GHz,0,,-71.2,46.8,7.897434234619141,machine,6.196270682523267,0,84.13139219234746,6.644238121876919,N,1.0,0.0
2026-10-07T18:45:58,codecarbon,cc8c5f8a-bbbf-4b03-a57b-ab84f9027170,5b0fa12a-3dd7-45bb-9766-cc326314d9f1,15668.1376819,0.0002214165660928,1.41316454187526e-08,3.071599320619992,0.0,10.0,0.0129801872396242,0.0,0.0432546619413893,0.0562348491810135,0.0,Canada,CAN,quebec,,,Windows-11-10.0.26200-SP0,3.13.14,3.2.8,4,Intel(R) Core(TM) i5-6200U CPU @ 2.30GHz,0,,-71.2,46.8,7.897434234619141,machine,6.196726286562924,0,84.1285917220895,6.644016293949175,N,1.0,0.0
2026-10-07T18:46:13,codecarbon,cc8c5f8a-bbbf-4b03-a57b-ab84f9027170,5b0fa12a-3dd7-45bb-9766-cc326314d9f1,15683.8083072,0.0002216322063305,1.4131274878490329e-08,3.072526941509157,0.0,10.0,0.0129942513674424,0.0,0.0432953656047227,0.056289616972165,0.0,Canada,CAN,quebec,,,Windows-11-10.0.26200-SP0,3.13.14,3.2.8,4,Intel(R) Core(TM) i5-6200U CPU @ 2.30GHz,0,,-71.2,46.8,7.897434234619141,machine,6.190330903696059,0,84.12440172869768,6.643685813135604,N,1.0,0.0
2026-10-07T18:46:29,codecarbon,cc8c5f8a-bbbf-4b03-a57b-ab84f9027170,5b0fa12a-3dd7-45bb-9766-cc326314d9f1,15699.56289429999,0.0002218595318093,1.4131573808969096e-08,3.073963263726453,0.0,10.0,0.013011008008111,0.0,0.0433363445447227,0.0563473525528338,0.0,Canada,CAN,quebec,,,Windows-11-10.0.26200-SP0,3.13.14,3.2.8,4,Intel(R) Core(TM) i5-6200U CPU @ 2.30GHz,0,,-71.2,46.8,7.897434234619141,machine,6.18434720969197,0,84.12031833999227,6.6433629550828135,N,1.0,0.0
2026-10-07T18:46:45,codecarbon,cc8c5f8a-bbbf-4b03-a57b-ab84f9027170,5b0fa12a-3dd7-45bb-9766-cc326314d9f1,15715.225418899994,0.0002220689265394,1.4130813947621605e-08,3.0750608608753063,0.0,10.0,0.013023494038778,0.0,0.0433770400861117,0.0564005341248897,0.0,Canada,CAN,quebec,,,Windows-11-10.0.26200-SP0,3.13.14,3.2.8,4,Intel(R) Core(TM) i5-6200U CPU @ 2.30GHz,0,,-71.2,46.8,7.897434234619141,machine,6.189242950946311,0,84.11636410454487,6.643049691471489,N,1.0,0.0
2026-10-07T18:47:01,codecarbon,cc8c5f8a-bbbf-4b03-a57b-ab84f9027170,5b0fa12a-3dd7-45bb-9766-cc326314d9f1,15730.955103300004,0.0002222860151112,1.4130484363573514e-08,3.075579922657485,0.0,10.0,0.0130377381001793,0.0,0.0434179316602783,0.0564556697604576,0.0,Canada,CAN,quebec,,,Windows-11-10.0.26200-SP0,3.13.14,3.2.8,4,Intel(R) Core(TM) i5-6200U CPU @ 2.30GHz,0,,-71.2,46.8,7.897434234619141,machine,6.188095697472506,0,84.11261174352049,6.642753646706329,N,1.0,0.0
2026-10-07T18:47:16,codecarbon,cc8c5f8a-bbbf-4b03-a57b-ab84f9027170,5b0fa12a-3dd7-45bb-9766-cc326314d9f1,15746.608845099996,0.0002225287665122,1.4131853321643976e-08,3.0768945030527166,0.0,10.0,0.0130587325418563,0.0,0.0434585906380561,0.0565173231799124,0.0,Canada,CAN,quebec,,,Windows-11-10.0.26200-SP0,3.13.14,3.2.8,4,Intel(R) Core(TM) i5-6200U CPU @ 2.30GHz,0,,-71.2,46.8,7.897434234619141,machine,6.194584002569868,0,84.10896884034693,6.64246591089471,N,1.0,0.0
2026-10-07T18:47:32,codecarbon,cc8c5f8a-bbbf-4b03-a57b-ab84f9027170,5b0fa12a-3dd7-45bb-9766-cc326314d9f1,15762.30157119999,0.0002227388147807,1.4131109836632578e-08,3.07789806182526,0.0,10.0,0.0130712793110961,0.0,0.0434993914250005,0.0565706707360966,0.0,Canada,CAN,quebec,,,Windows-11-10.0.26200-SP0,3.13.14,3.2.8,4,Intel(R) Core(TM) i5-6200U CPU @ 2.30GHz,0,,-71.2,46.8,7.897434234619141,machine,6.1950385109114245,0,84.10578947368421,6.642214600020716,N,1.0,0.0
2026-10-07T18:47:48,codecarbon,cc8c5f8a-bbbf-4b03-a57b-ab84f9027170,5b0fa12a-3dd7-45bb-9766-cc326314d9f1,15778.042172100002,0.0002230937117932,1.4139505355600456e-08,3.0783028464039184,0.0,10.00485436893204,0.0130802328613362,0.0,0.043580573768056,0.0566608066293923,0.0,Canada,CAN,quebec,,,Windows-11-10.0.26200-SP0,3.13.14,3.2.8,4,Intel(R) Core(TM) i5-6200U CPU @ 2.30GHz,0,,-71.2,46.8,7.897434234619141,machine,6.188682995639907,0,84.10243652218519,6.641950390344401,N,1.0,0.0
2026-10-07T18:48:03,codecarbon,cc8c5f8a-bbbf-4b03-a57b-ab84f9027170,5b0fa12a-3dd7-45bb-9766-cc326314d9f1,15793.72608909999,0.0002234522688747,1.4148166658970744e-08,3.0749584230833023,0.0,10.0,0.0130896440479378,0.0,0.0436622280502783,0.0567518720982161,0.0,Canada,CAN,quebec,,,Windows-11-10.0.26200-SP0,3.13.14,3.2.8,4,Intel(R) Core(TM) i5-6200U CPU @ 2.30GHz,0,,-71.2,46.8,7.897434234619141,machine,6.189142271475242,0,84.09978220485554,6.641741639180581,N,1.0,0.0
2026-10-07T18:48:19,codecarbon,cc8c5f8a-bbbf-4b03-a57b-ab84f9027170,5b0fa12a-3dd7-45bb-9766-cc326314d9f1,15809.442273499995,0.0002236590675937,1.4147182659863608e-08,3.0742746833685426,0.0,10.0,0.0131013240757807,0.0,0.0437030702658338,0.0568043943416145,0.0,Canada,CAN,quebec,,,Windows-11-10.0.26200-SP0,3.13.14,3.2.8,4,Intel(R) Core(TM) i5-6200U CPU @ 2.30GHz,0,,-71.2,46.8,7.897434234619141,machine,6.189204581813527,0,84.09736993664812,6.641550640795322,N,1.0,0.0
2026-10-07T18:48:35,codecarbon,cc8c5f8a-bbbf-4b03-a57b-ab84f9027170,5b0fa12a-3dd7-45bb-9766-cc326314d9f1,15825.09320219999,0.0002238603821603,1.4145912400013261e-08,3.0738691540351297,0.0,10.0,0.0131117939067157,0.0,0.0437437298263894,0.0568555237331052,0.0,Canada,CAN,quebec,,,Windows-11-10.0.26200-SP0,3.13.14,3.2.8,4,Intel(R) Core(TM) i5-6200U CPU @ 2.30GHz,0,,-71.2,46.8,7.897434234619141,machine,6.183269402889656,0,84.09507735583685,6.641369220073716,N,1.0,0.0
2026-10-07T18:48:50,codecarbon,cc8c5f8a-bbbf-4b03-a57b-ab84f9027170,5b0fa12a-3dd7-45bb-9766-cc326314d9f1,15840.783784899992,0.0002240570201806,1.4144314020261936e-08,3.0730130531978728,0.0,10.0,0.0131209535290761,0.0,0.0437845118575005,0.0569054653865767,0.0,Canada,CAN,quebec,,,Windows-11-10.0.26200-SP0,3.13.14,3.2.8,4,Intel(R) Core(TM) i5-6200U CPU @ 2.30GHz,0,,-71.2,46.8,7.897434234619141,machine,6.176951079320475,0,84.09222122876484,6.641142646233109,N,1.0,0.0
2026-10-07T18:49:06,codecarbon,cc8c5f8a-bbbf-4b03-a57b-ab84f9027170,5b0fa12a-3dd7-45bb-9766-cc326314d9f1,15856.435798499995,0.0002242703861859,1.4143808169498952e-08,3.0734281550704297,0.0,10.0,0.0131344798894309,0.0,0.0438251756841672,0.0569596555735981,0.0,Canada,CAN,quebec,,,Windows-11-10.0.26200-SP0,3.13.14,3.2.8,4,Intel(R) Core(TM) i5-6200U CPU @ 2.30GHz,0,,-71.2,46.8,7.897434234619141,machine,6.171039367064378,0,84.08917884259554,6.640903032845988,N,1.0,0.0
2026-10-07T18:49:22,codecarbon,cc8c5f8a-bbbf-4b03-a57b-ab84f9027170,5b0fa12a-3dd7-45bb-9766-cc326314d9f1,15872.134906699996,0.0002244733035885,1.4142603052965128e-08,3.072856015789383,0.0,10.0,0.0131452087500968,0.0,0.0438659832994449,0.0570111920495417,0.0,Canada,CAN,quebec,,,Windows-11-10.0.26200-SP0,3.13.14,3.2.8,4,Intel(R) Core(TM) i5-6200U CPU @ 2.30GHz,0,,-71.2,46.8,7.897434234619141,machine,6.171119892918605,0,84.08580534132194,6.640636916278813,N,1.0,0.0
2026-10-07T18:49:37,codecarbon,cc8c5f8a-bbbf-4b03-a57b-ab84f9027170,5b0fa12a-3dd7-45bb-9766-cc326314d9f1,15887.812273299993,0.0002246676948047,1.4140883020267526e-08,3.071938133459875,0.0,10.0,0.0131538379181194,0.0,0.0439067251469449,0.0570605630650643,0.0,Canada,CAN,quebec,,,Windows-11-10.0.26200-SP0,3.13.14,3.2.8,4,Intel(R) Core(TM) i5-6200U CPU @ 2.30GHz,0,,-71.2,46.8,7.897434234619141,machine,6.171593224656139,0,84.08186449312278,6.640325584887729,N,1.0,0.0
2026-10-07T18:49:53,codecarbon,cc8c5f8a-bbbf-4b03-a57b-ab84f9027170,5b0fa12a-3dd7-45bb-9766-cc326314d9f1,15903.512338399987,0.0002248624408062,1.4139168507027089e-08,3.070949772966416,0.0,10.0,0.013162487065072,0.0,0.043947537123056,0.057110024188128,0.0,Canada,CAN,quebec,,,Windows-11-10.0.26200-SP0,3.13.14,3.2.8,4,Intel(R) Core(TM) i5-6200U CPU @ 2.30GHz,0,,-71.2,46.8,7.897434234619141,machine,6.165311704834606,0,84.0773727735369,6.639970335341592,N,1.0,0.0
2026-10-07T18:50:09,codecarbon,cc8c5f8a-bbbf-4b03-a57b-ab84f9027170,5b0fa12a-3dd7-45bb-9766-cc326314d9f1,15919.254713799994,0.0002250544505247,1.4137247915862124e-08,3.069813604991842,0.0,10.0,0.0131703304368683,0.0,0.0439884599197227,0.057158790356591,0.0,Canada,CAN,quebec,,,Windows-11-10.0.26200-SP0,3.13.14,3.2.8,4,Intel(R) Core(TM) i5-6200U CPU @ 2.30GHz,0,,-71.2,46.8,7.897434234619141,machine,6.165789640927867,0,84.07323800444867,6.639644982817062,N,1.0,0.0
2026-10-07T18:50:25,codecarbon,cc8c5f8a-bbbf-4b03-a57b-ab84f9027170,5b0fa12a-3dd7-45bb-9766-cc326314d9f1,15935.040102599987,0.0002252611761717,1.4136216458907248e-08,3.0695858257871342,0.0,10.0,0.0131817880302061,0.0,0.0440295060111116,0.0572112940413177,0.0,Canada,CAN,quebec,,,Windows-11-10.0.26200-SP0,3.13.14,3.2.8,4,Intel(R) Core(TM) i5-6200U CPU @ 2.30GHz,0,,-71.2,46.8,7.897434234619141,machine,6.159526379277506,0,84.06840835502508,6.639263447091947,N,1.0,0.0
2026-10-07T18:50:40,codecarbon,cc8c5f8a-bbbf-4b03-a57b-ab84f9027170,5b0fa12a-3dd7-45bb-9766-cc326314d9f1,15950.650492699991,0.0002254606206859,1.4134885645516593e-08,3.0690413664607368,0.0,10.0,0.0131918850377678,0.0,0.0440700634436116,0.0572619484813794,0.0,Canada,CAN,quebec,,,Windows-11-10.0.26200-SP0,3.13.14,3.2.8,4,Intel(R) Core(TM) i5-6200U CPU @ 2.30GHz,0,,-71.2,46.8,7.897434234619141,machine,6.16000887986807,0,84.0639984777369,6.638916700363885,N,1.0,0.0
2026-10-07T18:50:56,codecarbon,cc8c5f8a-bbbf-4b03-a57b-ab84f9027170,5b0fa12a-3dd7-45bb-9766-cc326314d9f1,15966.355414499994,0.00022566454425353724,1.4133754284875676e-08,3.06867102179147,0.0,10.0,0.013202852356813313,0.0,0.04411088814388937,0.05731374050070265,0.0,Canada,CAN,quebec,,,Windows-11-10.0.26200-SP0,3.13.14,3.2.8,4,Intel(R) Core(TM) i5-6200U CPU @ 2.30GHz,0,,-71.2,46.8,7.897434234619141,machine,6.164852363452034,0,84.05944747180332,6.638556748587072,N,1.0,0.0
